"OrphaCode","Name","DisorderGroup","gene_count","onset_count","inheritance_count","avg_prevalence"
5,Long chain 3-hydroxyacyl-CoA dehydrogenase deficiency,Disorder,1,1,1,1.3558333333333332
6,"3-methylcrotonyl-CoA carboxylase deficiency",Disorder,2,1,1,1.535
7,"3C syndrome",Disorder,4,1,1,12.5
8,"47,XYY syndrome",Disorder,0,1,1,16.025
9,Tetrasomy X syndrome,Disorder,0,1,1,25.0
10,"48,XXYY syndrome",Disorder,0,1,1,0.95
11,Pentasomy X syndrome,Disorder,0,1,1,0.0
13,"6-pyruvoyl-tetrahydropterin synthase deficiency",Subtype of disorder,1,1,1,0.58412
14,Abetalipoproteinemia,Disorder,1,1,1,50.0
15,Achondroplasia,Disorder,1,1,1,11.301106451612903
16,Blue cone monochromatism,Disorder,2,1,1,1.0
17,Fatal infantile lactic acidosis with methylmalonic aciduria,Disorder,1,1,1,0.0
18,Distal renal tubular acidosis,Disorder,0,1,1,0.0
19,"2-hydroxyglutaric aciduria",Group of disorders,0,1,1,0.0
20,"3-hydroxy-3-methylglutaric aciduria",Disorder,1,1,1,0.2
22,Succinic semialdehyde dehydrogenase deficiency,Disorder,1,1,1,225.1
23,Argininosuccinic aciduria,Disorder,1,1,1,0.8
24,Fumaric aciduria,Disorder,1,1,1,20.0
25,Glutaryl-CoA dehydrogenase deficiency,Disorder,1,1,1,34.695
26,Methylmalonic acidemia with homocystinuria,Disorder,0,1,1,250.0
27,Vitamin B12-unresponsive methylmalonic acidemia,Disorder,0,1,1,0.0
28,Vitamin B12-responsive methylmalonic acidemia,Disorder,0,1,1,96.0
29,Mevalonic aciduria,Subtype of disorder,1,1,1,15.0
30,Hereditary orotic aciduria,Disorder,1,1,1,10.0
31,Oxoglutaric aciduria,Disorder,1,1,1,0.0
32,Glutathione synthetase deficiency,Disorder,0,1,1,35.0
33,Isovaleric acidemia,Disorder,1,1,1,0.798
34,Pipecolic acidemia,Disorder,0,0,0,
35,Propionic acidemia,Disorder,2,1,1,16.250866666666667
36,Acrocallosal syndrome,Disorder,2,1,1,19.0
37,Acrodermatitis enteropathica,Disorder,1,1,1,0.06666666666666667
38,Acrokeratoelastoidosis of Costa,Disorder,1,1,1,0.0
39,Acromelanosis,Disorder,0,1,1,5.0
40,"Acromesomelic dysplasia, Maroteaux type",Disorder,1,1,1,25.0
41,Dyschromatosis symmetrica hereditaria,Disorder,1,1,1,100.5
42,Medium chain acyl-CoA dehydrogenase deficiency,Disorder,1,1,1,6.132105263157895
43,X-linked adrenoleukodystrophy,Disorder,0,1,1,1.2213
44,Neonatal adrenoleukodystrophy,Disorder,13,1,1,0.6
45,Adenosine monophosphate deaminase deficiency,Disorder,2,1,1,50.0
46,Adenylosuccinate lyase deficiency,Disorder,1,1,1,28.0
47,X-linked agammaglobulinemia,Subtype of disorder,1,1,1,0.11947368421052632
48,Congenital bilateral absence of vas deferens,Disorder,2,1,1,50.0
49,Penile agenesis,Disorder,0,1,1,40.0
50,Aicardi syndrome,Disorder,0,1,1,0.605
51,Aicardi-Goutières syndrome,Disorder,9,1,1,5.0
52,Alagille syndrome,Disorder,0,1,1,0.9800000000000001
53,Albers-Schönberg osteopetrosis,Disorder,1,1,1,2.925
54,X-linked recessive ocular albinism,Disorder,2,1,1,0.4033333333333333
55,Oculocutaneous albinism,Group of disorders,0,1,1,18.266666666666666
56,Alkaptonuria,Disorder,1,1,1,0.7125
57,Glycogen storage disease due to aldolase A deficiency,Disorder,1,1,1,0.0
58,Alexander disease,Disorder,0,1,1,0.0185
59,Allan-Herndon-Dudley syndrome,Disorder,1,1,1,106.66666666666667
60,Alpha-1-antitrypsin deficiency,Disorder,1,1,1,34.333333333333336
61,Alpha-mannosidosis,Disorder,0,1,1,0.13999999999999999
62,Alpha-sarcoglycan-related limb-girdle muscular dystrophy R3,Disorder,1,1,1,0.035
63,Alport syndrome,Disorder,0,1,1,0.95
64,Alström syndrome,Disorder,1,1,1,475.0
65,Leber congenital amaurosis,Disorder,22,1,1,1.5575
67,Amoebiasis due to Entamoeba histolytica,Disorder,0,1,1,0.0
68,Amoebiasis due to free-living amoebae,Disorder,0,1,1,0.0
69,Amyloidosis,Group of disorders,0,1,1,0.955
70,Proximal spinal muscular atrophy,Disorder,0,1,1,7.533333333333334
71,Chylomicron retention disease,Disorder,1,1,1,27.5
72,Angelman syndrome,Disorder,0,1,1,3.408333333333333
73,Gorham-Stout disease,Disorder,0,1,1,150.0
74,Angiostrongyliasis,Disorder,0,1,1,0.0
76,Strongyloidiasis,Disorder,0,1,1,0.03
77,OBSOLETE: Aniridia,Group of disorders,0,0,0,
78,Ankylostomiasis,Disorder,0,1,1,0.0
79,Congenital alpha2-antiplasmin deficiency,Disorder,1,1,1,20.0
80,Antiphospholipid syndrome,Disorder,0,0,0,
81,Antisynthetase syndrome,Disorder,0,1,1,3.5
82,Hereditary thrombophilia due to congenital antithrombin deficiency,Disorder,1,1,1,0.0
83,Antley-Bixler syndrome,Disorder,0,1,1,0.0
84,Fanconi anemia,Disorder,23,1,1,1.6472857142857145
85,Congenital dyserythropoietic anemia,Group of disorders,0,1,1,185.04
86,Familial abdominal aortic aneurysm,Disorder,1,1,1,
87,Apert syndrome,Disorder,1,1,1,0.914
88,Idiopathic aplastic anemia,Disorder,5,1,1,0.335
90,Argininemia,Disorder,1,1,1,0.10333333333333333
91,Aromatase deficiency,Disorder,1,1,1,19.0
92,Juvenile idiopathic arthritis,Group of disorders,0,1,1,19.0
93,Aspartylglucosaminuria,Disorder,1,1,1,1.0425
94,Astrocytoma,Group of disorders,0,1,1,4.612
95,Friedreich ataxia,Disorder,1,1,1,1.81
96,Ataxia with vitamin E deficiency,Disorder,1,1,1,0.33
97,Familial paroxysmal ataxia,Disorder,1,1,1,0.0
98,Autosomal recessive spastic ataxia of Charlevoix-Saguenay,Disorder,1,1,1,25.88
99,Autosomal dominant cerebellar ataxia,Group of disorders,0,1,1,5.066666666666666
100,Ataxia-telangiectasia,Disorder,1,1,1,1.80375
101,Dentatorubral pallidoluysian atrophy,Disorder,1,1,1,0.39666666666666667
102,Multiple system atrophy,Disorder,0,1,1,3.0546153846153845
103,OBSOLETE: Genetic optic atrophy,Group of disorders,0,0,0,
104,Leber hereditary optic neuropathy,Disorder,12,1,1,2.6063285714285715
105,Atresia of urethra,Disorder,0,1,1,0.0
106,NON RARE IN EUROPE: Autism,Disorder,0,0,0,
107,BOR syndrome,Disorder,3,1,1,2.5
108,Babesiosis,Disorder,0,1,1,0.0
109,Bannayan-Riley-Ruvalcaba syndrome,Subtype of disorder,1,1,1,0.0
110,Bardet-Biedl syndrome,Disorder,26,1,1,2.3850000000000002
111,Barth syndrome,Disorder,1,1,1,0.34249999999999997
112,Bartter syndrome,Disorder,0,1,1,0.48
113,Bazex-Dupré-Christol syndrome,Disorder,0,1,1,71.5
114,Auriculoosteodysplasia,Disorder,0,1,1,1.0
115,Congenital contractural arachnodactyly,Disorder,1,1,1,0.0
116,Beckwith-Wiedemann syndrome,Disorder,0,1,1,4.575
117,Behçet disease,Disorder,15,1,1,17.888333333333335
118,Beta-mannosidosis,Disorder,1,1,1,0.11000000000000001
119,Beta-sarcoglycan-related limb-girdle muscular dystrophy R4,Disorder,1,1,1,0.085
120,NON RARE IN EUROPE: Pernicious anemia,Disorder,0,0,0,
122,Birt-Hogg-Dubé syndrome,Disorder,2,1,1,0.5
123,Björnstad syndrome,Disorder,1,1,1,16.5
124,Diamond-Blackfan anemia,Disorder,26,1,1,0.46066666666666667
125,Bloom syndrome,Disorder,1,1,1,100.69333333333333
126,Blepharophimosis-ptosis-epicanthus inversus syndrome,Disorder,0,1,1,0.0
127,Borjeson-Forssman-Lehmann syndrome,Disorder,1,1,1,25.0
128,Diphyllobothriasis,Disorder,0,1,1,0.44
129,Pseudopelade of Brocq,Disorder,0,1,1,0.0
130,Brugada syndrome,Disorder,22,1,1,47.5
131,Budd-Chiari syndrome,Disorder,3,1,1,0.3413333333333333
132,Hereditary butyrylcholinesterase deficiency,Disorder,1,1,1,0.0
133,Chronic beryllium disease,Disorder,1,1,1,0.0
134,Beta-ketothiolase deficiency,Disorder,1,1,1,0.532
135,CACH syndrome,Disorder,0,1,1,74.0
136,Cerebral autosomal dominant arteriopathy-subcortical infarcts-leukoencephalopathy,Disorder,1,1,1,2.6666666666666665
137,Congenital disorder of glycosylation,Group of disorders,0,1,1,0.75
138,CHARGE syndrome,Disorder,2,1,1,4.75
139,CHILD syndrome,Disorder,1,1,1,30.0
140,Campomelic dysplasia,Disorder,1,1,1,0.93765
141,Canavan disease,Disorder,0,1,1,2.6666666666666665
142,Anaplastic thyroid carcinoma,Disorder,0,1,1,0.135
143,Parathyroid carcinoma,Disorder,1,1,1,0.029703703703703704
144,Lynch syndrome,Disorder,9,1,1,0.0
145,Hereditary breast and/or ovarian cancer syndrome,Disorder,15,1,1,0.0
146,Differentiated thyroid carcinoma,Disorder,29,1,1,2.4166666666666665
147,Carbamoyl-phosphate synthetase 1 deficiency,Disorder,1,1,1,0.0784
148,Multiple carboxylase deficiency,Group of disorders,0,1,1,0.0
150,Nasopharyngeal carcinoma,Disorder,1,1,1,0.4625185185185185
151,OBSOLETE: Familial renal cell carcinoma,Group of disorders,0,0,0,
154,Familial isolated dilated cardiomyopathy,Disorder,53,1,1,8.803333333333333
155,NON RARE IN EUROPE: Familial isolated hypertrophic cardiomyopathy,Disorder,0,0,0,
156,Carnitine palmitoyl transferase 1A deficiency,Disorder,1,1,1,15.2
157,Carnitine palmitoyltransferase II deficiency,Disorder,0,1,1,76.55
158,Systemic primary carnitine deficiency,Disorder,1,1,1,32.233842857142854
159,Carnitine-acylcarnitine translocase deficiency,Disorder,1,1,1,30.0
160,Castleman disease,Disorder,0,1,1,0.0
162,Congenital cataract-anterior segment dysgenesis syndrome,Disorder,1,1,1,1.5
163,Hereditary hyperferritinemia-cataract syndrome,Disorder,1,1,1,60.0
164,NON RARE IN EUROPE: Cerebral cavernous malformations,Disorder,0,0,0,
165,Neutral lipid storage disease,Group of disorders,0,1,1,25.0
166,Charcot-Marie-Tooth disease/Hereditary motor and sensory neuropathy,Group of disorders,0,1,1,20.163636363636364
167,Chédiak-Higashi syndrome,Disorder,1,1,1,250.0
168,Loose anagen syndrome,Disorder,0,1,1,0.0
169,Ringed hair disease,Disorder,0,1,1,0.0
170,Woolly hair,Disorder,5,1,1,0.0
171,Primary sclerosing cholangitis,Disorder,4,1,1,4.005
172,Progressive familial intrahepatic cholestasis,Disorder,0,1,1,0.0
173,Cholera,Disorder,0,1,1,0.0
174,"Metaphyseal chondrodysplasia, Schmid type",Disorder,1,1,1,0.0
175,Cartilage-hair hypoplasia,Disorder,1,1,1,51.446666666666665
176,Non-rhizomelic chondrodysplasia punctata,Group of disorders,0,1,1,0.0
177,Rhizomelic chondrodysplasia punctata,Disorder,0,1,1,0.39999999999999997
178,Chordoma,Disorder,3,1,1,0.06
179,Birdshot chorioretinopathy,Disorder,1,1,1,0.245
180,Choroideremia,Disorder,1,1,1,2.0
181,X-linked hypohidrotic ectodermal dysplasia,Subtype of disorder,2,1,1,4.483333333333333
182,Chromomycosis,Disorder,0,1,1,0.0
183,Eosinophilic granulomatosis with polyangiitis,Disorder,0,1,1,0.7702105263157895
184,Cherubism,Disorder,1,1,1,150.0
185,Scimitar syndrome,Disorder,0,1,1,1.0
186,Primary biliary cholangitis,Disorder,8,1,1,11.343571428571428
187,Citrullinemia,Group of disorders,0,1,1,0.0
188,Systemic capillary leak syndrome,Disorder,0,1,1,75.0
189,Hidrotic ectodermal dysplasia,Disorder,1,1,1,1.0
190,Coats disease,Disorder,1,1,1,0.045
191,Cockayne syndrome,Disorder,0,1,1,0.25
192,Coffin-Lowry syndrome,Disorder,1,1,1,1.5
193,Cohen syndrome,Disorder,1,1,1,100.0
194,OBSOLETE: Ocular coloboma,Group of disorders,0,0,0,
195,Cat-eye syndrome,Disorder,0,1,1,0.675
198,Occipital horn syndrome,Disorder,1,1,1,17.5
199,Cornelia de Lange syndrome,Disorder,6,1,1,0.7966666666666666
200,Isolated corpus callosum agenesis,Disorder,0,1,1,1.1425
201,Cowden syndrome,Subtype of disorder,9,1,1,0.22499999999999998
202,Crandall syndrome,Disorder,0,0,0,
204,Sporadic Creutzfeldt-Jakob disease,Disorder,0,1,1,0.10023
205,Crigler-Najjar syndrome,Disorder,0,1,1,0.55
206,NON RARE IN EUROPE: Crohn disease,Disorder,0,0,0,
207,Crouzon syndrome,Disorder,2,1,1,1.2875
209,Cutis laxa,Group of disorders,0,1,1,0.05
210,Cyclosporiasis,Disorder,0,1,1,0.0
211,Familial cylindromatosis,Subtype of disorder,1,1,1,
212,Cystathioninuria,Disorder,1,1,1,4.733333333333333
213,Cystinosis,Disorder,0,1,1,0.9120000000000001
214,Cystinuria,Disorder,0,1,1,17.155555555555555
215,Congenital stationary night blindness,Group of disorders,1,1,1,0.0
216,Neuronal ceroid lipofuscinosis,Group of disorders,0,1,1,1.2766666666666666
217,Isolated Dandy-Walker malformation,Disorder,0,1,1,1.55
218,Darier disease,Disorder,1,1,1,2.302
219,Delta-sarcoglycan-related limb-girdle muscular dystrophy R6,Disorder,1,1,1,0.3
220,Denys-Drash syndrome,Disorder,1,1,1,150.0
221,Dermatomyositis,Disorder,0,1,1,4.251342857142857
222,Erosive pustular dermatosis of the scalp,Disorder,0,1,1,0.0
223,Arginine vasopressin resistance,Disorder,2,1,1,0.295
224,Neonatal diabetes mellitus,Group of disorders,0,1,1,0.788
225,NON RARE IN EUROPE: Maternally-inherited diabetes and deafness,Disorder,0,0,0,
226,Dihydropteridine reductase deficiency,Subtype of disorder,1,1,1,75.0
227,Diphallia,Disorder,0,1,1,0.01
229,Familial aortic dissection,Disorder,1,1,1,0.2
230,Dopamine beta-hydroxylase deficiency,Disorder,1,1,1,12.5
231,Dracunculiasis,Disorder,0,1,1,0.0
232,Sickle cell anemia,Disorder,1,1,1,110.96884999999999
233,Duane retraction syndrome,Disorder,3,1,1,10.0
234,Dubin-Johnson syndrome,Disorder,1,1,1,0.0
235,Dubowitz syndrome,Disorder,2,1,1,0.1
236,Trisomy 9p syndrome,Disorder,0,1,1,75.0
237,Duplication of urethra,Disorder,0,1,1,150.0
238,OBSOLETE: Digestive duplication,Disorder,0,0,0,
239,Dyggve-Melchior-Clausen disease,Disorder,1,1,1,50.0
240,Léri-Weill dyschondrosteosis,Disorder,1,1,1,0.0
241,Dyschromatosis universalis hereditaria,Disorder,1,1,1,
242,"46,XY complete gonadal dysgenesis",Disorder,10,1,1,0.0
243,"46,XX gonadal dysgenesis",Disorder,12,1,1,0.0
244,Primary ciliary dyskinesia,Disorder,53,1,1,24.5
245,Nager syndrome,Disorder,1,1,1,33.43333333333333
246,Postaxial acrofacial dysostosis,Disorder,1,1,1,15.0
247,Inherited arrhythmogenic cardiomyopathy,Group of disorders,0,1,1,31.75
248,Autosomal recessive hypohidrotic ectodermal dysplasia,Subtype of disorder,4,1,1,0.0
249,Fibrous dysplasia of bone,Disorder,0,1,1,0.0
250,Frontonasal dysplasia,Group of disorders,0,1,1,0.35
251,Multiple epiphyseal dysplasia,Group of disorders,0,1,1,5.0
252,OBSOLETE: Spondyloepimetaphyseal dysplasia,Group of disorders,0,0,0,
253,Spondyloepiphyseal dysplasia and spondyloepimetaphyseal dysplasia,Group of disorders,0,1,1,0.0
254,Spondylometaphyseal dysplasia,Group of disorders,0,1,1,0.5
255,Dopa-responsive dystonia,Group of disorders,0,1,1,0.4
256,Early-onset generalized limb-onset dystonia,Disorder,3,1,1,6.46
257,Epidermolysis bullosa simplex with muscular dystrophy,Disorder,1,1,1,20.0
258,Laminin subunit alpha 2-related congenital muscular dystrophy,Disorder,1,1,1,0.65
261,Emery-Dreifuss muscular dystrophy,Disorder,0,1,1,0.3
262,Duchenne and Becker muscular dystrophy,Group of disorders,0,1,1,0.07666666666666667
263,Limb-girdle muscular dystrophy,Group of disorders,0,1,1,2.5812500000000003
264,Autosomal dominant limb-girdle muscular dystrophy type 1B,Disorder,0,0,0,
265,Autosomal dominant limb-girdle muscular dystrophy type 1C,Disorder,0,0,0,
266,Autosomal dominant limb-girdle muscular dystrophy type 1A,Disorder,0,0,0,
267,Calpain-3-related limb-girdle muscular dystrophy R1,Disorder,1,1,1,2.0124999999999997
268,Dysferlin-related limb-girdle muscular dystrophy R2,Disorder,1,1,1,0.065
269,Facioscapulohumeral dystrophy,Disorder,5,1,1,4.525
270,Oculopharyngeal muscular dystrophy,Disorder,1,1,1,67.0
272,"Congenital muscular dystrophy, Fukuyama type",Disorder,1,1,1,1.4
273,Steinert myotonic dystrophy,Disorder,0,1,1,26.065625
274,Bernard-Soulier syndrome,Disorder,3,1,1,50.0
275,Severe combined immunodeficiency due to DCLRE1C deficiency,Disorder,1,1,1,0.0
276,T-B+ severe combined immunodeficiency due to gamma chain deficiency,Disorder,1,1,1,0.0
277,Severe combined immunodeficiency due to adenosine deaminase deficiency,Disorder,1,1,1,0.25
278,OBSOLETE: Corticobasal degeneration,Disorder,0,0,0,
279,NON RARE IN EUROPE: Age-related macular degeneration,Disorder,0,0,0,
280,Wolf-Hirschhorn syndrome,Disorder,6,1,1,1.0
281,Monosomy 5p syndrome,Disorder,2,1,1,3.0733333333333337
282,Frontotemporal dementia,Group of disorders,0,1,1,3.025
283,Demodicidosis,Disorder,0,0,0,
284,Alveolar echinococcosis,Disorder,0,1,1,0.5433333333333333
285,Hypermobile Ehlers-Danlos syndrome,Disorder,0,1,1,12.5
286,Vascular Ehlers-Danlos syndrome,Disorder,1,1,1,1.0
287,Classical Ehlers-Danlos syndrome,Disorder,3,1,1,5.0
288,Hereditary elliptocytosis,Disorder,4,1,1,0.0
289,Ellis Van Creveld syndrome,Disorder,6,1,1,125.375
290,Congenital rubella syndrome,Disorder,0,1,1,0.42
291,Congenital varicella syndrome,Disorder,0,1,1,65.0
292,Congenital enterovirus infection,Disorder,0,1,1,0.0
293,Congenital herpes simplex virus infection,Disorder,0,1,1,2.733333333333333
294,Fetal cytomegalovirus syndrome,Disorder,0,1,1,40.0
295,Fetal parvovirus syndrome,Disorder,0,1,1,0.0
296,Ollier disease,Disorder,3,1,1,1.0
297,Tick-borne encephalitis,Disorder,0,1,1,0.0
298,Mitochondrial neurogastrointestinal encephalomyopathy,Disorder,4,1,1,0.3
300,Bifunctional enzyme deficiency,Disorder,2,1,1,
301,Ependymal tumor,Group of disorders,0,1,1,0.9359999999999999
302,Inherited epidermodysplasia verruciformis,Disorder,4,1,1,100.0
303,Dystrophic epidermolysis bullosa,Group of disorders,0,1,1,0.6031428571428571
304,Epidermolysis bullosa simplex,Group of disorders,0,1,1,0.6557499999999999
305,Junctional epidermolysis bullosa,Group of disorders,0,1,1,0.1623076923076923
306,Self-limited infantile epilepsy,Disorder,5,1,1,0.0
307,Juvenile myoclonic epilepsy,Disorder,8,1,1,0.85
308,Progressive myoclonic epilepsy type 1,Disorder,3,1,1,3.5
309,Familial partial epilepsy,Group of disorders,0,0,0,
310,Reflex epilepsy,Group of disorders,0,1,1,0.0
312,Autosomal dominant epidermolytic ichthyosis,Disorder,2,1,1,0.27434
313,Lamellar ichthyosis,Disorder,10,1,1,0.48333333333333334
314,Erythroderma desquamativum,Disorder,0,1,1,3.0
315,Erythrokeratoderma ''en cocardes'',Disorder,0,1,1,0.0
316,Progressive symmetric erythrokeratodermia,Disorder,4,1,1,0.0
317,Erythrokeratodermia variabilis,Disorder,4,1,1,100.0
318,Acute erythroid leukemia,Disorder,0,1,1,0.0
319,Skeletal Ewing sarcoma,Disorder,5,1,1,0.8200000000000001
320,Apparent mineralocorticoid excess,Disorder,1,1,1,0.0
321,Multiple osteochondromas,Disorder,2,1,1,21.45
322,Exstrophy-epispadias complex,Disorder,0,1,1,0.0
323,NON RARE IN EUROPE: FG syndrome phenotypic spectrum,Disorder,0,0,0,
324,Fabry disease,Disorder,1,1,1,1.4648181818181818
325,Congenital factor II deficiency,Disorder,1,1,1,0.05
326,Congenital factor V deficiency,Disorder,1,1,1,0.1
327,Congenital factor VII deficiency,Disorder,1,1,1,0.33
328,Congenital factor X deficiency,Disorder,1,1,1,0.0
329,Congenital factor XI deficiency,Disorder,1,1,1,0.1
330,Congenital factor XII deficiency,Disorder,1,1,1,0.0
331,Congenital factor XIII deficiency,Disorder,2,1,1,0.045
332,Congenital intrinsic factor deficiency,Disorder,1,1,1,50.0
333,Farber disease,Disorder,1,1,1,48.0
334,Hereditary atrial fibrillation,Disorder,24,1,1,
335,Congenital fibrinogen deficiency,Disorder,0,1,1,0.15
336,NON RARE IN EUROPE: Fibromuscular dysplasia of arteries,Disorder,0,0,0,
337,Fibrodysplasia ossificans progressiva,Disorder,1,1,1,0.07614285714285715
338,Familial multiple fibrofolliculoma,Disorder,0,0,0,
340,Hemorrhagic fever-renal syndrome,Disorder,0,1,1,4.054
341,Viral hemorrhagic fever,Group of disorders,0,1,1,0.0
342,Familial Mediterranean fever,Disorder,1,1,1,65.28833333333334
343,Hyperimmunoglobulinemia D with periodic fever,Subtype of disorder,1,1,1,100.0
344,OBSOLETE: Arbovirus fever,Group of disorders,0,0,0,
345,Dissecting cellulitis of the scalp,Disorder,0,1,1,0.0
346,Quinquaud folliculitis decalvans,Disorder,0,1,1,0.0
347,Frasier syndrome,Disorder,1,1,1,75.0
348,"Fructose-1,6-bisphosphatase deficiency",Disorder,1,1,1,0.335
349,Fucosidosis,Disorder,1,1,1,40.4475
351,Galactosialidosis,Disorder,1,1,1,33.38
352,Galactosemia,Group of disorders,0,1,1,1.35
353,Gamma-sarcoglycan-related limb-girdle muscular dystrophy R5,Disorder,1,1,1,0.17
354,GM1 gangliosidosis,Disorder,0,1,1,6.798
355,Gaucher disease,Disorder,0,1,1,1.958375
356,Gerstmann-Straussler-Scheinker syndrome,Disorder,1,1,1,0.00275
357,NON RARE IN EUROPE: Gilbert syndrome,Disorder,0,0,0,
358,Gitelman syndrome,Disorder,2,1,1,2.5
359,Pediatric-onset glaucoma of genetic origin,Group of disorders,0,1,1,0.0
360,Glioblastoma,Disorder,0,1,1,2.9457142857142857
361,Familial glucocorticoid deficiency,Disorder,5,1,1,0.24765
362,NON RARE IN EUROPE: Glucose-6-phosphate-dehydrogenase deficiency,Disorder,0,0,0,
364,Glycogen storage disease due to glucose-6-phosphatase deficiency,Disorder,0,1,1,0.5
365,Glycogen storage disease due to acid maltase deficiency,Disorder,0,1,1,2.28
366,Glycogen storage disease due to glycogen debranching enzyme deficiency,Disorder,1,1,1,0.5
367,Glycogen storage disease due to glycogen branching enzyme deficiency,Disorder,0,1,1,0.05
368,Glycogen storage disease due to muscle glycogen phosphorylase deficiency,Disorder,1,1,1,0.0175
369,Glycogen storage disease due to liver glycogen phosphorylase deficiency,Disorder,1,1,1,2.3666666666666667
370,Glycogen storage disease due to phosphorylase kinase deficiency,Group of disorders,0,1,1,0.45
371,Glycogen storage disease due to muscle phosphofructokinase deficiency,Disorder,1,1,1,50.0
373,Simpson-Golabi-Behmel syndrome,Disorder,2,1,1,125.0
374,Goldenhar syndrome,Disorder,0,0,0,
375,Anti-glomerular basement membrane disease,Disorder,0,1,1,0.1038
376,Gordon syndrome,Disorder,1,1,1,0.0
377,Gorlin syndrome,Disorder,3,1,1,1.801
378,NON RARE IN EUROPE: Sjögren syndrome,Disorder,0,0,0,
379,Chronic granulomatous disease,Disorder,6,1,1,0.24333333333333335
380,Greig cephalopolysyndactyly syndrome,Disorder,1,1,1,0.0
381,Griscelli syndrome,Disorder,0,1,1,75.0
382,Guanidinoacetate methyltransferase deficiency,Disorder,1,1,1,40.0
383,X-linked mixed deafness with perilymphatic gusher,Subtype of disorder,0,0,0,
384,Huriez syndrome,Disorder,1,1,1,8.0
385,Neurodegeneration with brain iron accumulation,Group of disorders,0,1,1,0.2
386,Hepatic cystic hamartoma,Disorder,0,0,0,
387,NON RARE IN EUROPE: Hidradenitis suppurativa,Disorder,0,0,0,
388,Hirschsprung disease,Disorder,14,1,1,16.566666666666666
389,Langerhans cell histiocytosis,Disorder,3,1,1,1.5
390,Histoplasmosis,Disorder,0,0,0,
391,Classic Hodgkin lymphoma,Disorder,0,1,1,2.9204999999999997
392,Holt-Oram syndrome,Disorder,1,1,1,0.5499999999999999
393,"46,XX testicular difference of sex development",Disorder,5,1,1,2.5
394,Homocystinuria due to cystathionine beta-synthase deficiency,Disorder,1,1,1,9.125555555555556
395,Homocystinuria due to methylene tetrahydrofolate reductase deficiency,Disorder,1,1,1,0.0
396,Chronic hiccup,Disorder,0,1,1,1.0
397,Giant cell arteritis,Disorder,4,1,1,9.76875
399,Huntington disease,Disorder,2,1,1,3.4055
400,Cystic echinococcosis,Disorder,0,1,1,0.5
401,Hymenolepiasis,Disorder,0,1,1,0.0
403,Familial hyperaldosteronism type I,Disorder,2,1,1,0.0
404,Familial hyperaldosteronism type II,Disorder,1,1,1,0.0
405,Familial hypocalciuric hypercalcemia,Disorder,0,1,1,0.0
406,NON RARE IN EUROPE: Heterozygous familial hypercholesterolemia,Disorder,0,0,0,
407,Glycine encephalopathy,Disorder,0,1,1,2.31125
408,Isolated glycerol kinase deficiency,Disorder,0,1,1,0.0
409,Hyperkeratosis lenticularis perstans,Disorder,0,1,1,0.0
411,Hyperlipoproteinemia type 1,Disorder,0,0,0,
412,Dysbetalipoproteinemia,Disorder,1,1,1,8.9
413,NON RARE IN EUROPE: Hyperlipoproteinemia type 4,Disorder,0,0,0,
414,Gyrate atrophy of choroid and retina,Disorder,1,1,1,67.33333333333333
415,Hyperornithinemia-hyperammonemia-homocitrullinuria syndrome,Disorder,1,1,1,27.75
416,Primary hyperoxaluria,Disorder,0,1,1,0.06666666666666667
417,Neonatal severe primary hyperparathyroidism,Disorder,2,1,1,0.0
418,Congenital adrenal hyperplasia,Group of disorders,0,1,1,9.107368421052632
419,Hyperprolinemia type 1,Disorder,1,1,1,0.0
422,Idiopathic/heritable pulmonary arterial hypertension,Disorder,0,1,1,1.4471428571428573
423,Malignant hyperthermia of anesthesia,Disorder,2,1,1,0.0
424,Familial hyperthyroidism due to mutations in TSH receptor,Disorder,1,1,1,14.0
425,Apolipoprotein A-I deficiency,Disorder,2,1,1,10.0
426,NON RARE IN EUROPE: Familial hypobetalipoproteinemia,Disorder,0,0,0,
427,Familial hypoaldosteronism,Disorder,0,1,1,0.0
428,Autosomal dominant hypocalcemia,Subtype of disorder,2,1,1,1.3536666666666666
429,Hypochondroplasia,Disorder,1,1,1,3.0303
430,OBSOLETE: Hypodermyiasis,Disorder,0,0,0,
431,Ichthyosis-male hypogonadism syndrome,Disorder,0,0,0,
432,Normosmic congenital hypogonadotropic hypogonadism,Subtype of disorder,18,1,1,
435,OBSOLETE: Ito hypomelanosis,Disorder,0,0,0,
436,Hypophosphatasia,Disorder,0,1,1,0.0104
437,Hypophosphatemic rickets,Group of disorders,0,1,1,0.0
439,Isolated right ventricular hypoplasia,Disorder,0,1,1,0.0
440,OBSOLETE: Familial hypospadias,Disorder,0,0,0,
441,Pure autonomic failure,Disorder,0,1,1,0.0
442,Congenital hypothyroidism,Group of disorders,0,1,1,31.259517021276597
444,Marie Unna hereditary hypotrichosis,Disorder,2,1,1,0.0
446,Neonatal hemochromatosis,Disorder,0,1,1,17.5
447,Paroxysmal nocturnal hemoglobinuria,Disorder,1,1,1,2.0533333333333332
448,Hemophilia,Group of disorders,0,1,1,6.803333333333334
449,Hepatoblastoma,Disorder,0,1,1,0.02256521739130435
450,Visceral heterotaxy,Group of disorders,0,1,1,5.0
452,X-linked lissencephaly with abnormal genitalia,Disorder,1,1,1,15.0
453,IBIDS syndrome,Disorder,0,0,0,
454,Acquired ichthyosis,Disorder,0,1,1,0.0
455,Superficial epidermolytic ichthyosis,Disorder,1,1,1,10.0
457,Harlequin ichthyosis,Disorder,1,1,1,100.0
461,Recessive X-linked ichthyosis,Disorder,2,1,1,13.833333333333334
462,NON RARE IN EUROPE: Autosomal dominant ichthyosis vulgaris,Disorder,0,0,0,
463,NON RARE IN EUROPE: Adrenal incidentaloma,Disorder,0,0,0,
464,Incontinentia pigmenti,Disorder,1,1,1,0.6066666666666666
465,Congenital plasminogen activator inhibitor type 1 deficiency,Disorder,1,1,1,0.0
466,Fatal familial insomnia,Disorder,1,1,1,13.5
467,Non-acquired combined pituitary hormone deficiency,Group of disorders,0,1,1,14.5
469,Hereditary fructose intolerance,Disorder,1,1,1,2.371623076923077
470,Lysinuric protein intolerance,Disorder,1,1,1,1.03
472,Isosporiasis,Disorder,0,1,1,0.0
474,Jeune syndrome,Disorder,11,1,1,0.7633333333333333
475,Isolated Joubert syndrome,Disorder,30,1,1,1.7841500000000001
477,KID syndrome,Disorder,2,1,1,50.0
478,Kallmann syndrome,Subtype of disorder,21,1,1,2.8625000000000003
480,Kearns-Sayre syndrome,Disorder,3,1,1,1.0250000000000001
481,Kennedy disease,Disorder,1,1,1,2.618
482,Kimura disease,Disorder,0,1,1,150.0
483,Congenital high-molecular-weight kininogen deficiency,Disorder,1,1,1,
484,NON RARE IN EUROPE: Klinefelter syndrome,Disorder,0,0,0,
485,Kniest dysplasia,Disorder,1,1,1,0.0
486,Autosomal dominant severe congenital neutropenia,Disorder,5,1,1,0.0
487,Krabbe disease,Disorder,0,1,1,0.9080833333333334
488,Urachal cyst,Disorder,0,1,1,0.0
489,NON RARE IN EUROPE: Thyroglossal duct cyst,Disorder,0,0,0,
490,Omphalomesenteric cyst,Disorder,0,0,0,
492,Proliferating trichilemmal cyst,Disorder,0,1,1,
493,Familial keratoacanthoma,Disorder,0,1,1,0.0
494,Keratoderma hereditarium mutilans,Disorder,1,1,1,25.0
495,Transgrediens et progrediens palmoplantar keratoderma,Disorder,0,1,1,10.5
496,Thost-Unna palmoplantar keratoderma,Disorder,0,0,0,
498,Keratosis pilaris atrophicans,Group of disorders,0,0,0,
499,Kerion celsi,Disorder,0,1,1,0.0
500,Noonan syndrome with multiple lentigines,Disorder,3,1,1,148.0
501,Lafora disease,Disorder,2,1,1,75.03
502,Trichorhinophalangeal syndrome type 2,Disorder,3,1,1,50.0
503,Larsen syndrome,Disorder,1,1,1,0.2625
504,Creeping myiasis,Disorder,0,1,1,
505,Graham Little-Piccardi-Lassueur syndrome,Disorder,1,1,1,0.0
506,Leigh syndrome,Disorder,1,1,1,1.525
507,Leishmaniasis,Disorder,0,1,1,12.55
508,Donohue syndrome,Disorder,1,1,1,0.0002
509,Leptospirosis,Disorder,0,1,1,0.2574074074074074
510,Lesch-Nyhan syndrome,Disorder,1,1,1,0.205
511,Maple syrup urine disease,Disorder,0,1,1,2.159692307692308
512,Metachromatic leukodystrophy,Disorder,0,1,1,1.105
513,Acute lymphoblastic leukemia,Group of disorders,0,1,1,7.7299999999999995
514,Acute monoblastic/monocytic leukemia,Disorder,0,1,1,0.065
517,Acute myelomonocytic leukemia,Disorder,0,1,1,0.085
518,Acute megakaryoblastic leukemia,Disorder,0,1,1,0.01
519,Acute myeloid leukemia,Group of disorders,0,1,1,5.395714285714286
520,Acute promyelocytic leukemia,Disorder,13,1,1,0.17250000000000001
521,Chronic myeloid leukemia,Disorder,3,1,1,3.166
523,Hereditary leiomyomatosis and renal cell cancer,Disorder,1,1,1,100.0
524,Li-Fraumeni syndrome,Disorder,4,1,1,4.0
525,Lichen planopilaris,Disorder,0,1,1,150.0
526,Liddle syndrome,Disorder,3,1,1,36.0
528,Congenital generalized lipodystrophy,Disorder,0,1,1,1.01312
529,Roch-Leri mesosomatous lipomatosis,Disorder,0,1,1,0.0
530,Lipoid proteinosis,Disorder,1,1,1,250.0
531,Miller-Dieker syndrome,Disorder,3,1,1,0.0
533,Listeriosis,Disorder,0,1,1,0.42167647058823526
534,Oculocerebrorenal syndrome of Lowe,Disorder,1,1,1,0.20000000000000004
535,Rare cutaneous lupus erythematosus,Group of disorders,0,1,1,32.825
536,Systemic lupus erythematosus,Disorder,30,1,1,35.98
537,Toxic epidermal necrolysis,Subtype of disorder,0,1,1,0.0
538,Lymphangioleiomyomatosis,Disorder,2,1,1,0.19065384615384615
540,Familial hemophagocytic lymphohistiocytosis,Disorder,4,1,1,0.7013333333333334
541,Primary cutaneous CD30+ T-cell lymphoproliferative disease,Group of disorders,0,1,1,0.09
542,Primary cutaneous lymphoma,Group of disorders,0,0,0,0.375
543,Burkitt lymphoma,Disorder,1,1,1,3.2675
544,Diffuse large B-cell lymphoma,Group of disorders,0,1,1,5.213
545,Follicular lymphoma,Disorder,4,1,1,3.2094230769230774
547,Non-Hodgkin lymphoma,Group of disorders,0,1,1,5.8
548,Leprosy,Disorder,0,1,1,1.85
549,Legionnaires disease,Disorder,0,1,1,1.4409677419354838
550,MELAS,Disorder,14,1,1,47.681999999999995
551,MERRF,Disorder,10,1,1,0.24699999999999997
552,MODY,Disorder,13,1,1,5.0
553,OBSOLETE: Cushing syndrome,Group of disorders,0,0,0,
555,NON RARE IN EUROPE: Celiac disease,Disorder,0,0,0,
556,Malakoplakia,Disorder,0,1,1,0.0
557,Non-syndromic anorectal malformation,Group of disorders,0,1,1,28.104761904761908
558,Marfan syndrome,Disorder,0,1,1,14.533333333333333
559,Marinesco-Sjögren syndrome,Disorder,1,1,1,100.0
560,Marshall syndrome,Disorder,1,1,1,8.5
561,Marshall-Smith syndrome,Disorder,1,1,1,37.0
562,McCune-Albright syndrome,Disorder,1,1,1,0.55
563,Peripartum cardiomyopathy,Disorder,0,1,1,84.85714285714286
564,Meckel syndrome,Disorder,17,1,1,3.15
565,Menkes disease,Disorder,1,1,1,0.7775
566,Congenital microcoria,Disorder,0,1,1,0.0
567,"22q11.2 deletion syndrome",Disorder,9,1,1,12.366666666666667
568,"Microphthalmia, Lenz type",Disorder,2,1,1,0.0
569,Familial or sporadic hemiplegic migraine,Disorder,4,1,1,10.0
570,Moebius syndrome,Disorder,2,1,1,60.55
572,Immunodeficiency by defective expression of MHC class II,Disorder,4,1,1,89.5
573,Monilethrix,Disorder,4,1,1,0.0
574,"21q deletion syndrome",Disorder,0,1,1,25.0
575,Muckle-Wells syndrome,Disorder,1,1,1,100.0
576,Mucolipidosis type II,Disorder,1,1,1,2.9266666666666663
577,Mucolipidosis type III,Disorder,0,1,1,14.1825
578,Mucolipidosis type IV,Disorder,1,1,1,0.8666666666666667
579,Mucopolysaccharidosis type 1,Disorder,0,1,1,2.5317857142857143
580,Mucopolysaccharidosis type 2,Disorder,0,1,1,1.2814814814814814
581,Mucopolysaccharidosis type 3,Disorder,0,1,1,0.945551724137931
582,Mucopolysaccharidosis type 4,Disorder,0,1,1,4.373238095238095
583,Mucopolysaccharidosis type 6,Disorder,0,1,1,0.837488888888889
584,Mucopolysaccharidosis type 7,Disorder,1,1,1,0.07189999999999999
585,Multiple sulfatase deficiency,Disorder,1,1,1,77.1
586,Cystic fibrosis,Disorder,19,1,1,13.012004838709677
587,Muir-Torre syndrome,Disorder,0,0,0,
588,Muscle-eye-brain disease,Disorder,9,1,1,0.0
589,Myasthenia gravis,Disorder,0,1,1,9.810384615384615
590,Congenital myasthenic syndrome,Disorder,0,1,1,0.61
591,Furuncular myiasis,Disorder,0,1,1,0.0
592,Macrophagic myofasciitis,Disorder,0,1,1,0.0
593,Myofibrillar myopathy,Group of disorders,0,1,1,0.0
595,Centronuclear myopathy,Group of disorders,0,1,1,0.0
596,X-linked centronuclear myopathy,Disorder,1,1,1,0.39999999999999997
597,Central core disease,Disorder,1,1,1,0.2
598,Multiminicore myopathy,Disorder,0,1,1,0.0
599,Distal myopathy,Group of disorders,0,1,1,0.33
600,Vocal cord and pharyngeal distal myopathy,Disorder,1,1,1,0.0
602,GNE myopathy,Disorder,1,1,1,33.85
603,"Distal myopathy, Welander type",Disorder,2,1,1,50.0
606,Proximal myotonic myopathy,Disorder,1,1,1,3.0425
607,Nemaline myopathy,Group of disorders,0,1,1,1.1
609,Tibial muscular dystrophy,Disorder,1,1,1,13.0
610,Bethlem muscular dystrophy,Disorder,4,1,1,0.385
611,Inclusion body myositis,Disorder,0,1,1,1.2985714285714285
612,Potassium-aggravated myotonia,Group of disorders,0,1,1,0.0
614,Thomsen and Becker disease,Disorder,1,1,1,1.745
615,Familial atrial myxoma,Disorder,1,1,1,8.5
616,Medulloblastoma,Disorder,0,1,1,0.6166666666666667
617,Congenital primary megaureter,Disorder,0,1,1,0.0
618,Familial melanoma,Disorder,11,1,1,0.75
619,NON RARE IN EUROPE: Primary ovarian failure,Disorder,0,0,0,
620,NON RARE IN EUROPE: Common mesentery,Disorder,0,0,0,
621,Autosomal recessive methemoglobinemia,Disorder,2,1,1,0.0
622,Homocystinuria without methylmalonic aciduria,Disorder,0,1,1,36.5
623,NAME syndrome,Disorder,0,0,0,
624,Familial multiple nevi flammei,Disorder,1,1,1,
625,NON RARE IN EUROPE: Atypical mole,Disorder,0,0,0,
626,Large/giant congenital melanocytic nevus,Disorder,6,1,1,2.75
627,Nance-Horan syndrome,Disorder,1,1,1,212.0
628,Diastrophic dysplasia,Disorder,1,1,1,1.5099999999999998
629,Short stature due to growth hormone qualitative anomaly,Subtype of disorder,1,1,1,1.5
631,Non-acquired isolated growth hormone deficiency,Disorder,0,1,1,0.0
632,Short stature due to isolated growth hormone deficiency with X-linked hypogammaglobulinemia,Subtype of disorder,2,1,1,
633,Laron syndrome,Disorder,1,1,1,2.58
634,Netherton syndrome,Disorder,1,1,1,0.5
635,Neuroblastoma,Disorder,6,1,1,6.912
636,Neurofibromatosis type 1,Disorder,0,1,1,29.781
637,Full NF2-related schwannomatosis,Disorder,1,1,1,2.26
638,Neurofibromatosis-Noonan syndrome,Disorder,2,1,1,0.0
639,Polyneuropathy associated with IgM monoclonal gammopathy with anti-MAG,Disorder,0,0,0,
640,Hereditary neuropathy with liability to pressure palsies,Disorder,1,1,1,9.75
641,Multifocal motor neuropathy,Disorder,0,1,1,0.83
642,Hereditary sensory and autonomic neuropathy type 4,Disorder,1,1,1,0.07
643,Giant axonal neuropathy,Disorder,1,1,1,25.0
644,NARP syndrome,Disorder,1,1,1,0.0
646,Niemann-Pick disease type C,Disorder,0,1,1,0.8533333333333333
647,Nijmegen breakage syndrome,Disorder,1,1,1,1.7625
648,Noonan syndrome,Disorder,15,1,1,35.0
649,Norrie disease,Disorder,1,1,1,200.0
650,LCAT deficiency,Disorder,0,1,1,62.5
651,NON RARE IN EUROPE: Idiopathic infantile nystagmus,Disorder,0,0,0,
652,Multiple endocrine neoplasia type 1,Disorder,3,1,1,3.2999999999999994
653,Multiple endocrine neoplasia type 2,Disorder,0,1,1,2.075
654,Nephroblastoma,Disorder,10,1,1,0.6138148148148148
655,Nephronophthisis,Disorder,0,1,1,0.625
656,Hereditary steroid-resistant nephrotic syndrome,Disorder,34,1,1,0.0
657,Congenital isolated hyperinsulinism,Group of disorders,0,1,1,9.985
658,Non-histaminic angioedema,Group of disorders,0,1,1,0.0
659,Mutilating palmoplantar keratoderma with periorificial keratotic plaques,Disorder,3,1,1,36.5
660,Omphalocele,Disorder,0,1,1,7.81860465116279
661,Congenital central hypoventilation syndrome,Disorder,6,1,1,0.25
662,Lymphedema with yellow nails,Disorder,0,1,1,200.0
663,Mitochondrial DNA-related progressive external ophthalmoplegia,Disorder,4,1,1,0.0
664,Ornithine transcarbamylase deficiency,Disorder,1,1,1,1.3871428571428572
665,Albright hereditary osteodystrophy,Disorder,0,0,0,
666,Osteogenesis imperfecta,Disorder,0,1,1,4.440714285714286
667,Autosomal recessive malignant osteopetrosis,Disorder,4,1,1,0.375
668,Osteosarcoma,Disorder,3,1,1,0.95
669,OBSOLETE: Otopalatodigital syndrome,Disorder,0,0,0,
670,PIBIDS syndrome,Disorder,0,0,0,
671,Primary cutis verticis gyrata,Group of disorders,0,1,1,0.0
672,Pallister-Hall syndrome,Disorder,1,1,1,50.0
673,Malaria,Disorder,0,1,1,3.646774193548387
674,Accessory pancreas,Disorder,0,1,1,0.0
675,Annular pancreas,Disorder,0,1,1,8.3625
676,Autosomal dominant hereditary chronic pancreatitis,Disorder,6,1,1,0.43333333333333335
677,Pancreatoblastoma,Disorder,0,1,1,4.619923076923077
678,Papillon-Lefèvre syndrome,Disorder,1,1,1,0.25
679,Malignant atrophic papulosis,Subtype of disorder,0,1,1,100.0
680,Normokalemic periodic paralysis,Disorder,0,0,0,
681,Hypokalemic periodic paralysis,Disorder,3,1,1,0.5533333333333333
682,Hyperkalemic periodic paralysis,Disorder,1,1,1,0.24333333333333332
683,Progressive supranuclear palsy,Disorder,0,1,1,4.358
684,Paramyotonia congenita of Von Eulenburg,Disorder,1,1,1,0.27749999999999997
685,Hereditary spastic paraplegia,Group of disorders,0,1,1,4.635
699,Pearson syndrome,Disorder,0,1,1,97.002
700,Alopecia totalis,Disorder,0,1,1,10.5
701,Alopecia universalis,Disorder,1,1,1,25.0
702,Pelizaeus-Merzbacher disease,Disorder,0,1,1,0.24333333333333332
703,Bullous pemphigoid,Disorder,2,1,1,9.991666666666667
704,Pemphigus vulgaris,Disorder,0,1,1,3.691
705,Pendred syndrome,Disorder,3,1,1,7.0
706,NON RARE IN EUROPE: Patent arterial duct,Disorder,0,0,0,
707,Plague,Disorder,0,1,1,49.44
708,Peters anomaly,Disorder,5,1,1,30.0
709,Peters plus syndrome,Disorder,1,1,1,50.0
710,Pfeiffer syndrome,Disorder,0,1,1,0.43333333333333335
711,Glycogen storage disease due to phosphoglucomutase deficiency,Disorder,0,0,0,
712,Hemolytic anemia due to glucophosphate isomerase deficiency,Disorder,1,1,1,25.0
713,Glycogen storage disease due to phosphoglycerate kinase 1 deficiency,Disorder,1,1,1,15.0
714,Hemolytic anemia due to diphosphoglycerate mutase deficiency,Disorder,1,1,1,
715,Glycogen storage disease due to muscle phosphorylase kinase deficiency,Disorder,2,1,1,15.0
716,Phenylketonuria,Disorder,0,1,1,8.941077669902914
717,OBSOLETE: Catecholamine-producing tumor,Group of disorders,0,0,0,
718,Isolated Pierre Robin sequence,Disorder,1,1,1,4.826666666666667
719,OBSOLETE: Pili canulati,Disorder,0,0,0,
720,Pili bifurcati,Disorder,0,1,1,0.0
721,Gray platelet syndrome,Disorder,1,1,1,30.0
722,Hypoplasminogenemia,Disorder,1,1,1,0.16
723,Pneumocystosis,Disorder,0,1,1,0.0
724,Idiopathic acute eosinophilic pneumonia,Disorder,0,1,1,50.0
725,Developmental and epileptic encephalopathy with spike-wave activation in sleep,Disorder,2,1,1,0.0
726,Alpers-Huttenlocher syndrome,Disorder,1,1,1,0.385
727,Microscopic polyangiitis,Disorder,0,1,1,2.241157142857143
728,Relapsing polychondritis,Disorder,0,1,1,0.2582
729,Polycythemia vera,Disorder,1,1,1,20.633333333333333
730,Autosomal dominant polycystic kidney disease,Disorder,9,1,1,39.6
731,Autosomal recessive polycystic kidney disease,Disorder,2,1,1,2.5
732,Polymyositis,Disorder,0,1,1,3.049375
733,Familial adenomatous polyposis,Disorder,0,1,1,6.651666666666666
734,Alpha delta granule deficiency,Disorder,1,1,1,
735,Porokeratosis of Mibelli,Disorder,2,1,1,0.0
736,Palmoplantar porokeratosis of Mantoux,Disorder,0,0,0,
737,Porokeratosis plantaris palmaris et disseminata,Disorder,0,1,1,0.0
738,Porphyria,Group of disorders,0,1,1,2.1566666666666667
739,Prader-Willi syndrome,Disorder,0,1,1,2.1993125
740,Hutchinson-Gilford progeria syndrome,Disorder,2,1,1,0.015000000000000001
741,Familial mitral valve prolapse,Disorder,1,1,1,
742,Prolidase deficiency,Disorder,1,1,1,30.026666666666667
743,Severe hereditary thrombophilia due to congenital protein S deficiency,Disorder,1,1,1,0.0
744,Proteus syndrome,Disorder,1,1,1,0.0
745,Severe hereditary thrombophilia due to congenital protein C deficiency,Disorder,1,1,1,0.08
746,Mitochondrial trifunctional protein deficiency,Disorder,2,1,1,33.666666666666664
747,Autoimmune pulmonary alveolar proteinosis,Disorder,1,1,1,1.5430000000000001
748,Mendelian susceptibility to mycobacterial diseases,Group of disorders,0,1,1,0.0
749,Congenital prekallikrein deficiency,Disorder,1,1,1,40.0
750,Pseudoachondroplasia,Disorder,1,1,1,3.3
751,NON RARE IN EUROPE: Pseudoarylsulfatase A deficiency,Disorder,0,0,0,
752,"46,XY difference of sex development due to 17-beta-hydroxysteroid dehydrogenase 3 deficiency",Disorder,1,1,1,0.68
753,"46,XY difference of sex development due to 5-alpha-reductase 2 deficiency",Disorder,1,1,1,0.0
754,Androgen insensitivity syndrome,Group of disorders,0,1,1,1.2874999999999999
755,Leydig cell hypoplasia,Disorder,0,1,1,35.0
756,Pseudohypoaldosteronism type 1,Disorder,0,1,1,1.06
757,Pseudohypoaldosteronism type 2,Disorder,0,1,1,90.0
758,Pseudoxanthoma elasticum,Disorder,2,1,1,2.5
759,NON RARE IN EUROPE: Central precocious puberty,Disorder,0,0,0,
760,Purine nucleoside phosphorylase deficiency,Disorder,1,1,1,36.0
761,Immunoglobulin A vasculitis,Disorder,0,1,1,17.78
763,Pycnodysostosis,Disorder,1,1,1,0.065
764,Pyomyositis,Disorder,0,1,1,0.0
765,Pyruvate dehydrogenase deficiency,Disorder,0,1,1,0.0
766,Hemolytic anemia due to red cell pyruvate kinase deficiency,Disorder,1,1,1,3.686666666666666
767,Polyarteritis nodosa,Disorder,0,1,1,1.5944444444444443
768,Congenital long QT syndrome,Group of disorders,0,1,1,0.0
769,Rabson-Mendenhall syndrome,Disorder,1,1,1,0.0
770,Rabies,Disorder,0,1,1,0.0
771,NON RARE IN EUROPE: Ulcerative colitis,Disorder,0,0,0,
772,Infantile Refsum disease,Disorder,13,1,1,0.0
773,Adult Refsum disease,Disorder,2,1,1,30.05
774,Hereditary hemorrhagic telangiectasia,Disorder,4,1,1,17.05
775,"OBSOLETE: X-linked intellectual disability, Martinez type",Disorder,0,0,0,
776,Lujan-Fryns syndrome,Disorder,3,1,1,0.0
777,X-linked non-syndromic intellectual disability,Subtype of disorder,30,1,1,0.0
778,Rett syndrome,Disorder,1,1,1,2.2409090909090907
779,Reynolds syndrome,Disorder,1,1,1,0.0
780,Rhabdomyosarcoma,Disorder,0,1,1,0.295
781,Q fever,Disorder,0,1,1,0.27291666666666664
782,Axenfeld-Rieger syndrome,Disorder,2,1,1,0.5
783,Rubinstein-Taybi syndrome,Disorder,0,1,1,0.4
785,Estrogen resistance syndrome,Disorder,1,1,1,1.0
786,Generalized glucocorticoid resistance syndrome,Disorder,1,1,1,0.0
790,Retinoblastoma,Disorder,0,1,1,0.8174827586206896
791,Retinitis pigmentosa,Disorder,88,1,1,22.254444444444445
792,X-linked retinoschisis,Disorder,1,1,1,4.62
793,SAPHO syndrome,Disorder,0,1,1,0.0
794,Saethre-Chotzen syndrome,Disorder,3,1,1,1.3333333333333333
795,Rare form of salmonellosis,Group of disorders,0,1,1,0.0
796,Sandhoff disease,Disorder,0,1,1,0.508888888888889
797,Sarcoidosis,Disorder,2,1,1,17.723382352941176
798,Schinzel-Giedion syndrome,Disorder,1,1,1,15.333333333333334
799,Schizencephaly,Disorder,0,1,1,1.005
800,Schwartz-Jampel syndrome,Disorder,1,1,1,64.5
801,Scleroderma,Group of disorders,0,1,1,107.38199999999999
802,NON RARE IN EUROPE: Multiple sclerosis,Disorder,0,0,0,
803,Amyotrophic lateral sclerosis,Disorder,36,1,1,3.1503030303030304
805,Tuberous sclerosis complex,Disorder,3,1,1,3.4833333333333334
806,Scott syndrome,Disorder,1,1,1,2.0
807,Sebastian syndrome,Subtype of disorder,0,0,0,
808,Seckel syndrome,Disorder,15,1,1,20.066666666666666
809,Mixed connective tissue disease,Disorder,0,1,1,1.4283333333333335
810,Shigellosis,Disorder,0,1,1,1.6123333333333332
811,Shwachman-Diamond syndrome,Disorder,3,1,1,0.5485714285714286
812,Sialidosis type 1,Disorder,1,1,1,0.0
813,Silver-Russell syndrome,Disorder,0,1,1,3.44
816,Sjögren-Larsson syndrome,Disorder,1,1,1,5.533333333333334
817,Peeling skin syndrome,Group of disorders,0,1,1,0.0
818,Smith-Lemli-Opitz syndrome,Disorder,1,1,1,2.241425
819,Smith-Magenis syndrome,Disorder,2,1,1,2.94
820,Sneddon syndrome,Disorder,1,1,1,0.2
821,Sotos syndrome,Disorder,2,1,1,1.9
822,Hereditary spherocytosis,Disorder,5,1,1,23.333333333333332
823,Spina bifida and other spinal dysraphisms,Group of disorders,0,1,1,20.04090909090909
824,Primary myelofibrosis,Disorder,4,1,1,2.0
825,NON RARE IN EUROPE: Ankylosing spondylitis,Disorder,0,0,0,
826,Sporotrichosis,Disorder,0,1,1,851.3333333333334
827,Stargardt disease,Disorder,5,1,1,13.0
828,Stickler syndrome,Disorder,1,1,1,2.77
829,Adult-onset Still disease,Disorder,0,1,1,2.36
830,NON RARE IN EUROPE: Stuccokeratosis,Disorder,0,0,0,
831,Congenital cervical spinal stenosis,Disorder,0,1,1,
832,Succinyl-CoA:3-oxoacid CoA transferase deficiency,Disorder,1,1,1,16.0
833,Encephalopathy due to sulfite oxidase deficiency,Disorder,0,1,1,50.0
834,Free sialic acid storage disease,Disorder,0,1,1,65.0
838,Susac syndrome,Disorder,0,1,1,152.0
839,"Congenital nephrotic syndrome, Finnish type",Disorder,1,1,1,6.1
840,Syringocystadenoma papilliferum,Disorder,1,1,1,365.0
841,Sebocystomatosis,Disorder,1,1,1,0.0
842,Testicular seminomatous germ cell tumor,Disorder,1,1,1,15.906666666666666
844,OBSOLETE: Lown-Ganong-Levine syndrome,Disorder,0,0,0,
845,Tay-Sachs disease,Disorder,0,1,1,2.4978571428571428
846,Alpha-thalassemia,Group of disorders,0,1,1,3.4333333333333336
847,X-linked alpha-thalassemia-intellectual disability syndrome,Disorder,1,1,1,100.0
848,Beta-thalassemia,Group of disorders,0,1,1,2.875
849,Glanzmann thrombasthenia,Disorder,2,1,1,0.0
850,May-Hegglin thrombocytopenia,Subtype of disorder,0,0,0,
851,Paris-Trousseau thrombocytopenia,Disorder,1,1,1,25.0
852,X-linked thrombocytopenia with normal platelets,Subtype of disorder,1,1,1,
853,Fetal and neonatal alloimmune thrombocytopenia,Disorder,6,1,1,53.1487
854,Non-malignant and non-cirrhotic portal vein thrombosis,Disorder,0,1,1,1.7740000000000002
855,NON RARE IN EUROPE: Hashimoto thyroiditis,Disorder,0,0,0,
856,NON RARE IN EUROPE: Tourette syndrome,Disorder,0,0,0,
857,Townes-Brocks syndrome,Disorder,2,1,1,0.21
858,Congenital toxoplasmosis,Disorder,0,1,1,90.67857142857143
859,Transcobalamin deficiency,Disorder,1,1,1,20.0
860,Congenitally uncorrected transposition of the great arteries,Disorder,0,1,1,16.416666666666668
861,Treacher-Collins syndrome,Disorder,4,1,1,1.5883333333333336
862,NON RARE IN EUROPE: Hereditary essential tremor,Disorder,0,0,0,
863,Trichinellosis,Disorder,0,1,1,0.30670000000000003
864,Trichofolliculoma,Disorder,0,1,1,0.0
867,Familial multiple trichoepithelioma,Subtype of disorder,1,1,1,0.0
868,Triose phosphate-isomerase deficiency,Disorder,1,1,1,25.0
869,Triple A syndrome,Disorder,3,1,1,50.0
870,Down syndrome,Disorder,0,1,1,88.825
871,Hereditary progressive cardiac conduction defect,Disorder,4,1,1,25.0
872,OBSOLETE: Disorder in the hormonal synthesis with or without goiter,Group of disorders,0,0,0,
873,Desmoid tumor,Disorder,2,1,1,0.21
874,Primary adult heart tumor,Disorder,0,1,1,0.0
875,Primary pediatric heart tumor,Disorder,0,1,1,0.0
876,Yolk sac tumor,Disorder,0,1,1,0.0
877,Neuroendocrine neoplasm,Group of disorders,0,1,1,9.196
879,Tungiasis,Disorder,0,1,1,0.0
881,Turner syndrome,Disorder,0,1,1,10.869565217391305
882,Tyrosinemia type 1,Disorder,1,1,1,10.064285714285715
883,Extragonadal teratoma,Disorder,0,0,0,
884,Pallister-Killian syndrome,Disorder,0,1,1,2.0
886,Usher syndrome,Disorder,0,1,1,4.383
887,VACTERL/VATER association,Disorder,1,1,1,3.125
888,Van der Woude syndrome,Disorder,2,1,1,0.6849999999999999
889,Cutaneous small vessel vasculitis,Disorder,0,1,1,1.35
890,Hepatic veno-occlusive disease,Disorder,0,1,1,0.0
891,Familial exudative vitreoretinopathy,Disorder,6,1,1,0.0
892,Von Hippel-Lindau disease,Disorder,2,1,1,1.8379999999999999
893,WAGR syndrome,Disorder,3,1,1,0.10000000000000002
894,Waardenburg syndrome type 1,Subtype of disorder,1,1,1,0.0
895,Waardenburg syndrome type 2,Subtype of disorder,6,1,1,1.5
896,Waardenburg syndrome type 3,Subtype of disorder,1,1,1,0.0
897,Waardenburg-Shah syndrome,Disorder,4,1,1,50.0
898,Wagner disease,Disorder,1,1,1,50.0
899,Walker-Warburg syndrome,Disorder,14,1,1,0.72
900,Granulomatosis with polyangiitis,Disorder,5,1,1,3.3346799999999996
901,Wells syndrome,Disorder,0,1,1,100.0
902,Werner syndrome,Disorder,1,1,1,1.25
903,Von Willebrand disease,Disorder,0,1,1,10.0
904,Williams syndrome,Disorder,18,1,1,8.75
905,Wilson disease,Disorder,1,1,1,6.229692307692308
906,Wiskott-Aldrich syndrome,Disorder,1,1,1,0.16972500000000001
907,NON RARE IN EUROPE: Wolff-Parkinson-White syndrome,Disorder,0,0,0,
908,Fragile X syndrome,Disorder,1,1,1,14.430000000000001
909,Cerebrotendinous xanthomatosis,Disorder,1,1,1,1.514
910,Xeroderma pigmentosum,Disorder,7,1,1,0.8733333333333334
911,Combined immunodeficiency due to ZAP70 deficiency,Disorder,1,1,1,0.0
912,Zellweger syndrome,Disorder,13,1,1,5.25
913,Zollinger-Ellison syndrome,Disorder,0,1,1,0.12916666666666668
915,Aarskog-Scott syndrome,Disorder,1,1,1,0.25
916,Aase-Smith syndrome type 1,Disorder,0,1,1,5.0
918,ABCD syndrome,Disorder,0,0,0,
920,Ablepharon macrostomia syndrome,Disorder,1,1,1,10.5
921,Abruzzo-Erickson syndrome,Disorder,1,1,1,2.0
922,Familial nasal acilia,Disorder,0,1,1,4.0
924,NON RARE IN EUROPE: Acanthosis nigricans,Disorder,0,0,0,
926,Acatalasemia,Disorder,1,1,1,3.2
927,Hyperammonemia due to N-acetylglutamate synthase deficiency,Disorder,1,1,1,49.5
929,Achalasia-microcephaly syndrome,Disorder,0,1,1,3.5
930,Idiopathic achalasia,Disorder,4,1,1,4.193846153846154
931,Isolated acheiropodia,Disorder,1,1,1,0.14333333333333334
932,Achondrogenesis,Disorder,0,1,1,1.4
935,Short-limb skeletal dysplasia with severe combined immunodeficiency,Disorder,0,1,1,9.5
936,Succinic acidemia,Disorder,0,0,0,
939,"3-hydroxyisobutyric aciduria",Disorder,0,1,1,6.5
941,D-glyceric aciduria,Disorder,1,1,1,0.0
943,Malonic aciduria,Disorder,1,1,1,17.0
945,Acalvaria,Disorder,0,1,1,0.0
946,OBSOLETE: Acrocephalosyndactyly,Group of disorders,0,0,0,
949,Acrocraniofacial dysostosis,Disorder,0,1,1,1.0
950,Acrodysostosis,Disorder,2,1,1,40.0
952,"Acrofacial dysostosis, Weyers type",Disorder,3,1,1,0.0
953,"OBSOLETE: Acromesomelic dysplasia, Brahimi-Bacha type",Disorder,0,0,0,
955,Hajdu-Cheney syndrome,Disorder,1,1,1,50.0
956,Acropectororenal dysplasia,Disorder,0,0,0,
957,Acropectorovertebral dysplasia,Disorder,0,1,1,15.0
958,Acro-renal-mandibular syndrome,Disorder,0,1,1,5.0
959,Acro-renal-ocular syndrome,Disorder,1,1,1,10.0
963,Acromegaly,Disorder,2,1,1,4.2804761904761905
964,Acromegaly-cutis verticis gyrata-corneal leukoma syndrome,Disorder,0,0,0,
965,Acromegaloid facial appearance syndrome,Disorder,0,0,0,
966,Hypertrichosis-acromegaloid facial appearance syndrome,Disorder,0,0,0,
968,"Acromesomelic dysplasia, Hunter-Thompson type",Disorder,1,1,1,5.0
969,Acromicric dysplasia,Disorder,2,1,1,30.0
970,Hereditary sensory and autonomic neuropathy type 2,Disorder,4,1,1,17.5
971,Acrorenal syndrome,Disorder,0,1,1,10.0
972,Hereditary continuous muscle fiber activity,Disorder,1,1,1,17.0
973,"Isolated absence/hypoplasia of fingers excluding thumb, unilateral",Disorder,0,1,1,1.0
974,Adams-Oliver syndrome,Disorder,6,1,1,199.22
976,Adenine phosphoribosyltransferase deficiency,Disorder,1,1,1,2.975
977,Adrenomyodystrophy,Disorder,0,1,1,1.0
978,ADULT syndrome,Disorder,1,1,1,25.0
980,Absence of the pulmonary artery,Disorder,0,1,1,0.25
981,Internal carotid absence,Disorder,0,1,1,50.0
982,Pulmonary valve agenesis,Group of disorders,0,1,1,0.0
983,Testicular regression syndrome,Disorder,1,1,1,0.0
984,Pulmonary agenesis,Disorder,0,0,0,
988,Tibial hemimelia-polysyndactyly-triphalangeal thumb syndrome,Disorder,2,1,1,47.0
989,Hypoglossia-hypodactyly syndrome,Disorder,0,1,1,23.5
990,Agnathia-holoprosencephaly-situs inversus syndrome,Disorder,2,1,1,0.0
991,PAGOD syndrome,Disorder,0,1,1,3.0
994,Fetal akinesia deformation sequence,Disorder,10,1,1,0.3
995,X-linked fetal akinesia syndrome,Disorder,0,0,0,
998,Albinism-deafness syndrome,Disorder,0,1,1,0.5
999,Ermine phenotype,Disorder,0,1,1,3.0
1000,Ocular albinism with late-onset sensorineural deafness,Disorder,1,1,1,4.5
1001,"2q37 microdeletion syndrome",Disorder,1,1,1,57.5
1002,NON RARE IN EUROPE: Cluster headache,Disorder,0,0,0,
1003,Scalp defects-postaxial polydactyly syndrome,Disorder,0,1,1,1.0
1005,Alopecia-contractures-dwarfism-intellectual disability syndrome,Disorder,0,1,1,2.5
1006,Alopecia antibody deficiency,Disorder,0,1,1,1.5
1008,Alopecia-epilepsy-pyorrhea-intellectual disability syndrome,Disorder,0,1,1,6.0
1010,Autosomal dominant palmoplantar keratoderma and congenital alopecia,Disorder,1,1,1,5.0
1011,Alopecia-hypogonadism-extrapyramidal syndrome,Disorder,0,0,0,
1014,Alopecia-intellectual disability-hypergonadotropic hypogonadism syndrome,Disorder,0,1,1,1.0
1018,X-linked Alport syndrome-diffuse leiomyomatosis,Subtype of disorder,2,1,1,0.0
1019,Epstein syndrome,Subtype of disorder,0,0,0,
1020,Early-onset autosomal dominant Alzheimer disease,Disorder,6,1,1,0.0
1021,Amaurosis-hypertrichosis syndrome,Disorder,0,1,1,1.0
1023,"Congenital generalized hypertrichosis, Ambras type",Subtype of disorder,0,1,1,20.0
1027,Autosomal recessive amelia,Disorder,0,0,0,
1028,Amelo-onycho-hypohidrotic syndrome,Disorder,0,1,1,1.0
1031,Enamel-renal syndrome,Disorder,1,1,1,5.5
1032,OBSOLETE: Hyperdibasic aminoaciduria type 1,Disorder,0,0,0,
1034,OBSOLETE: Amniotic bands,Group of disorders,0,0,0,
1035,Beta-mercaptolactate cysteine disulfiduria,Disorder,0,1,1,0.5
1037,Arthrogryposis multiplex congenita,Group of disorders,0,1,1,3.5
1040,Metaphyseal anadysplasia,Disorder,2,1,1,13.5
1041,Hydrops fetalis,Disorder,0,1,1,173.5
1044,OBSOLETE: Anemia due to adenosine triphosphatase deficiency,Disorder,0,0,0,
1046,Lethal hemolytic anemia-genital anomalies syndrome,Disorder,0,1,1,1.0
1047,Sideroblastic anemia,Group of disorders,0,1,1,0.0
1048,Isolated anencephaly/exencephaly,Disorder,0,1,1,47.54666666666667
1051,Ramos-Arroyo syndrome,Disorder,0,1,1,3.0
1052,Mosaic variegated aneuploidy syndrome,Disorder,5,1,1,20.5
1053,Vein of Galen malformation,Disorder,1,1,1,0.0
1054,Aneurysm of sinus of Valsalva,Disorder,0,1,1,0.0
1055,Congenital left ventricular aneurysm,Disorder,0,1,1,404.5
1057,OBSOLETE: Intracranial aneurysms-multiple congenital anomalies syndrome,Disorder,0,0,0,
1059,Blue rubber bleb nevus,Disorder,1,1,1,103.5
1060,Systemic cystic angiomatosis-Seip syndrome,Disorder,0,0,0,
1062,Hereditary neurocutaneous malformation,Disorder,0,1,1,4.5
1063,Tufted angioma,Disorder,1,1,1,100.0
1064,Aniridia-renal agenesis-psychomotor retardation syndrome,Disorder,0,1,1,1.0
1065,Aniridia-cerebellar ataxia-intellectual disability syndrome,Disorder,2,1,1,11.0
1067,Aniridia-ptosis-intellectual disability-familial obesity syndrome,Disorder,0,1,1,1.5
1068,Aniridia-intellectual disability syndrome,Disorder,0,1,1,1.0
1069,Aniridia-absent patella syndrome,Disorder,0,1,1,1.5
1070,Anisakiasis,Disorder,0,1,1,0.64
1071,Ankyloblepharon-ectodermal defects-cleft lip/palate syndrome,Disorder,0,1,1,0.0
1072,Ankyloblepharon filiforme adnatum-cleft palate syndrome,Subtype of disorder,1,1,1,0.0
1074,Ankyloblepharon filiforme adnatum-imperforate anus syndrome,Subtype of disorder,0,1,1,1.5
1077,Dental ankylosis,Disorder,0,1,1,0.0
1078,Thumb stiffness-brachydactyly-intellectual disability syndrome,Disorder,0,1,1,3.5
1081,Coronary artery congenital malformation,Group of disorders,0,0,0,
1083,Microlissencephaly,Disorder,0,1,1,0.0
1084,Isolated lissencephaly type 1 without known genetic defects,Disorder,0,1,1,0.0
1088,OBSOLETE: Short stature-heart defect-craniofacial anomalies syndrome,Disorder,0,0,0,
1092,Renal-genital-middle ear anomalies,Disorder,0,0,0,
1094,Anonychia-microcephaly syndrome,Disorder,0,1,1,2.0
1101,Anophthalmia-megalocornea-cardiopathy-skeletal anomalies syndrome,Disorder,0,1,1,1.5
1102,Anophthalmia-hypothalamo-pituitary insufficiency syndrome,Disorder,0,0,0,
1104,Anophthalmia plus syndrome,Disorder,0,1,1,8.5
1106,Microphthalmia with limb anomalies,Disorder,1,1,1,17.5
1110,Aortic arch anomaly-facial dysmorphism-intellectual disability syndrome,Disorder,0,1,1,2.0
1112,Aphalangy-hemivertebrae-urogenital-intestinal dysgenesis syndrome,Disorder,0,1,1,1.5
1113,Aphalangy-syndactyly-microcephaly syndrome,Disorder,0,1,1,2.5
1114,Aplasia cutis congenita,Disorder,5,1,1,5.8966666666666665
1115,OBSOLETE: Recessive aplasia cutis congenita of limbs,Disorder,0,0,0,
1116,Aplasia cutis congenita-intestinal lymphangiectasia syndrome,Disorder,0,1,1,1.5
1117,Aplasia cutis-myopia syndrome,Disorder,0,1,1,2.0
1118,Fibular aplasia-ectrodactyly syndrome,Disorder,0,1,1,25.0
1120,Lung agenesis-heart defect-thumb anomalies syndrome,Disorder,0,1,1,4.5
1121,Radial deficiency-tibial hypoplasia syndrome,Disorder,0,1,1,0.0
1122,Ulnar hypoplasia-split foot syndrome,Disorder,0,1,1,0.5
1123,Caudal appendage-deafness syndrome,Disorder,0,1,1,1.0
1125,"Ocular motor apraxia, Cogan type",Disorder,0,1,1,25.0
1126,Aprosencephaly cerebellar dysgenesis,Disorder,0,1,1,1.0
1129,Arachnodactyly-abnormal ossification-intellectual disability syndrome,Disorder,0,1,1,2.5
1130,Arachnodactyly-intellectual disability-dysmorphism syndrome,Disorder,0,1,1,1.5
1131,X-linked mandibulofacial dysostosis,Disorder,0,1,1,3.5
1132,Aortic arch defects,Group of disorders,0,1,1,0.0
1133,AREDYLD syndrome,Disorder,0,1,1,1.5
1134,Isolated arrhinia,Disorder,0,1,1,10.0
1135,Arrhinia-choanal atresia-microphthalmia syndrome,Disorder,0,0,0,
1136,OBSOLETE: Arnold-Chiari malformation type II,Disorder,0,0,0,
1137,OBSOLETE: Pulmonary aortic stenosis obstructive uropathy,Disorder,0,0,0,
1138,Abnormal origin of the pulmonary artery,Group of disorders,0,0,0,
1139,OBSOLETE: Arthrogryposis-epileptic seizures-migrational brain disorder syndrome,Disorder,0,0,0,
1143,Neurogenic arthrogryposis multiplex congenita,Disorder,3,1,1,2.15
1144,Arthrogryposis-like hand anomaly-sensorineural deafness syndrome,Disorder,0,1,1,0.5
1145,Infantile-onset X-linked spinal muscular atrophy,Disorder,1,1,1,7.0
1146,Distal arthrogryposis type 1,Disorder,6,1,1,0.0
1147,Sheldon-Hall syndrome,Disorder,5,1,1,0.0
1149,Kuskokwim syndrome,Disorder,1,1,1,4.0
1150,Arthrogryposis multiplex congenita-whistling face syndrome,Disorder,0,1,1,5.0
1153,OBSOLETE: Transient neonatal arthrogryposis,Disorder,0,0,0,
1154,Arthrogryposis-oculomotor limitation-electroretinal anomalies syndrome,Disorder,1,1,1,0.0
1155,OBSOLETE: Arthrogryposis due to muscular dystrophy,Disorder,0,0,0,
1159,Progressive pseudorheumatoid dysplasia,Disorder,1,1,1,0.0
1160,Chylous ascites,Disorder,0,1,1,0.0
1162,NON RARE IN EUROPE: Asperger syndrome,Disorder,0,0,0,
1163,Aspergillosis,Disorder,0,1,1,0.0
1164,Allergic bronchopulmonary aspergillosis,Disorder,0,1,1,0.0
1166,Congenital unilateral hypoplasia of depressor anguli oris,Disorder,0,1,1,0.0
1167,OBSOLETE: Facial asymmetry-temporal seizures syndrome,Disorder,0,0,0,
1168,Ataxia-oculomotor apraxia type 1,Disorder,1,1,1,0.0
1170,Autosomal recessive cerebelloparenchymal disorder type 3,Disorder,1,1,1,0.0
1171,Cerebellar ataxia-areflexia-pes cavus-optic atrophy-sensorineural hearing loss syndrome,Disorder,1,1,1,5.0
1172,Autosomal recessive cerebellar ataxia,Group of disorders,0,1,1,3.56
1173,Cerebellar ataxia-hypogonadism syndrome,Disorder,2,1,1,0.0
1174,Cerebellar ataxia-ectodermal dysplasia syndrome,Disorder,0,1,1,0.0
1175,X-linked progressive cerebellar ataxia,Disorder,1,1,1,0.0
1177,Early-onset cerebellar ataxia with retained tendon reflexes,Disorder,0,1,1,1.0266666666666666
1178,Ataxia-tapetoretinal degeneration syndrome,Disorder,0,1,1,0.0
1179,Benign paroxysmal tonic upgaze of childhood with ataxia,Disorder,0,1,1,6.0
1180,Ataxia-hypogonadism-choroidal dystrophy syndrome,Disorder,1,1,1,0.0
1182,Spastic ataxia with congenital miosis,Disorder,0,1,1,1.5
1183,Opsoclonus-myoclonus syndrome,Disorder,0,1,1,0.012666666666666666
1184,Ataxia-photosensitivity-short stature syndrome,Disorder,0,1,1,1.0
1185,Spinocerebellar ataxia-dysmorphism syndrome,Disorder,0,1,1,1.5
1186,Infantile-onset spinocerebellar ataxia,Disorder,1,1,1,14.5
1187,Lethal ataxia with deafness and optic atrophy,Disorder,1,1,1,2.0
1188,Ataxia-deafness-intellectual disability syndrome,Disorder,0,1,1,4.0
1190,Atelosteogenesis type I,Disorder,1,1,1,0.0
1192,Atherosclerosis-deafness-diabetes-epilepsy-nephropathy syndrome,Disorder,0,1,1,1.0
1193,Atkin-Flaitz syndrome,Disorder,0,1,1,7.0
1194,TMEM70-related mitochondrial encephalo-cardio-myopathy,Disorder,1,1,1,0.0
1195,Congenital atransferrinemia,Disorder,1,1,1,8.0
1198,Colonic atresia,Disorder,0,1,1,1.625
1199,Esophageal atresia,Disorder,0,1,1,19.90952380952381
1200,Burn-McKeown syndrome,Disorder,2,1,1,10.0
1201,Small bowel atresia,Disorder,0,1,1,12.7
1202,Larynx atresia,Disorder,0,1,1,0.0
1203,Duodenal atresia,Disorder,0,1,1,3.8214285714285716
1205,Mitral atresia,Disorder,0,0,0,
1207,Pulmonary atresia with ventricular septal defect,Disorder,0,0,0,15.0
1208,Pulmonary atresia-intact ventricular septum syndrome,Disorder,0,1,1,2.175
1209,Tricuspid atresia,Disorder,0,1,1,5.850657894736842
1211,OBSOLETE: Atrichia-intellectual disability and growth delay syndrome,Disorder,0,0,0,
1214,Progressive hemifacial atrophy,Disorder,0,1,1,0.0715
1215,Autosomal dominant optic atrophy plus syndrome,Disorder,1,1,1,0.5
1216,Autosomal dominant congenital benign spinal muscular atrophy,Disorder,1,1,1,
1217,Spinal atrophy-ophthalmoplegia-pyramidal syndrome,Disorder,0,1,1,1.0
1219,Aurocephalosyndactyly,Disorder,0,0,0,
1221,Cheilitis glandularis,Disorder,0,1,1,50.0
1223,Balantidiasis,Disorder,0,1,1,0.0
1225,Baller-Gerold syndrome,Disorder,1,1,1,20.0
1226,Bamforth-Lazarus syndrome,Disorder,1,1,1,4.0
1227,Bangstad syndrome,Disorder,0,1,1,1.0
1228,Banki syndrome,Disorder,0,1,1,0.5
1229,Pseudo-TORCH syndrome type 1,Disorder,1,1,1,15.0
1231,Barber-Say syndrome,Disorder,1,1,1,8.0
1232,NON RARE IN EUROPE: Barrett esophagus,Disorder,0,0,0,
1234,Bartsocas-Papas syndrome,Disorder,1,1,1,8.049999999999999
1235,OBSOLETE: Ectodermal dysplasia-absent dermatoglyphs syndrome,Disorder,0,0,0,
1236,Severe microbrachycephaly-intellectual disability-athetoid cerebral palsy syndrome,Disorder,0,1,1,1.0
1237,Beemer-Ertbruggen syndrome,Disorder,0,1,1,1.0
1239,Behr syndrome,Disorder,1,1,1,
1240,Metaphyseal acroscyphodysplasia,Disorder,0,0,0,
1241,Bencze syndrome,Disorder,0,1,1,1.0
1243,Best vitelliform macular dystrophy,Disorder,1,1,1,4.6
1244,NON RARE IN EUROPE: Bicuspid aortic valve,Disorder,0,0,0,
1245,BIDS syndrome,Disorder,0,0,0,
1246,Brachydactyly-nystagmus-cerebellar ataxia syndrome,Disorder,0,1,1,0.5
1247,Schistosomiasis,Disorder,0,1,1,0.0
1248,Maxillonasal dysplasia,Disorder,0,1,1,0.0
1249,OBSOLETE: Binswanger disease,Disorder,0,0,0,
1250,OBSOLETE: Blaichman syndrome,Disorder,0,0,0,
1251,Blepharofacioskeletal syndrome,Disorder,0,0,0,
1252,Blepharonasofacial malformation syndrome,Disorder,0,1,1,1.5
1253,Ascher syndrome,Disorder,0,1,1,25.0
1256,OBSOLETE: Blepharophimosis-radioulnar synostosis syndrome,Disorder,0,0,0,
1258,OBSOLETE: Blepharoptosis-cleft palate-ectrodactyly-dental anomalies syndrome,Disorder,0,0,0,
1259,Blepharoptosis-myopia-ectopia lentis syndrome,Disorder,0,1,1,1.5
1260,OBSOLETE: Sino-auricular heart block,Disorder,0,0,0,
1261,Bonnemann-Meinecke-Reich syndrome,Disorder,0,1,1,2.0
1262,Böök syndrome,Disorder,0,1,1,13.0
1263,Boomerang dysplasia,Disorder,1,1,1,5.0
1264,Tricho-retino-dento-digital syndrome,Disorder,0,1,1,4.5
1266,"Dermato-cardio-skeletal syndrome, Borrone type",Disorder,0,0,0,
1267,Botulism,Disorder,0,1,1,0.05132
1270,Bowen-Conradi syndrome,Disorder,1,1,1,113.66666666666667
1271,Bowen syndrome,Disorder,0,0,0,
1272,Aymé-Gripp syndrome,Disorder,1,1,1,9.0
1275,Brachydactyly-elbow wrist dysplasia syndrome,Disorder,2,1,1,2.0
1276,Brachydactyly-arterial hypertension syndrome,Disorder,1,1,1,5.0
1277,Brachydactyly-mesomelia-intellectual disability-heart defects syndrome,Disorder,0,1,1,1.0
1278,Brachydactyly-preaxial hallux varus syndrome,Disorder,0,1,1,4.0
1292,Brachymorphism-onychodysplasia-dysphalangism syndrome,Disorder,0,1,1,4.5
1293,Brachyolmia,Group of disorders,0,1,1,50.0
1295,Brachytelephalangy-dysmorphism-Kallmann syndrome,Disorder,0,1,1,1.0
1296,Lambert syndrome,Disorder,0,1,1,2.0
1297,Branchio-oculo-facial syndrome,Disorder,1,1,1,75.0
1299,Branchioskeletogenital syndrome,Disorder,1,1,1,3.5
1300,Autosomal dominant popliteal pterygium syndrome,Disorder,1,1,1,100.15
1301,Bronchiectasis-oligospermia syndrome,Disorder,0,0,0,
1302,Cryptogenic organizing pneumonia,Disorder,0,1,1,0.7075
1303,Bronchiolitis obliterans,Group of disorders,0,1,1,0.0
1304,Brucellosis,Disorder,0,1,1,0.10527999999999998
1305,Feingold syndrome,Disorder,0,1,1,61.5
1306,NON RARE IN EUROPE: Buschke-Ollendorff syndrome,Disorder,0,0,0,
1307,Distal limb deficiencies-micrognathia syndrome,Disorder,0,1,1,3.0
1308,C syndrome,Disorder,1,1,1,0.11
1309,Medullary sponge kidney,Disorder,1,1,1,0.0
1310,Caffey disease,Disorder,1,1,1,50.0
1313,Infantile choroidocerebral calcification syndrome,Disorder,0,1,1,5.0
1314,Symmetrical thalamic calcifications,Disorder,0,1,1,15.0
1317,CAMFAK syndrome,Disorder,0,0,0,
1318,"Campomelia, Cumming type",Disorder,0,1,1,4.0
1319,Camptobrachydactyly,Disorder,0,1,1,0.5
1320,Idiopathic camptocormia,Disorder,0,1,1,0.0
1321,Camptodactyly-fibrous tissue hyperplasia-skeletal anomalies syndrome,Disorder,0,1,1,1.5
1323,Camptodactyly-joint contractures-facial skeletal defects syndrome,Disorder,0,1,1,2.0
1325,Camptodactyly-taurinuria syndrome,Disorder,0,1,1,8.5
1326,"Camptodactyly syndrome, Guadalajara type 2",Disorder,0,1,1,1.0
1327,"Camptodactyly syndrome, Guadalajara type 1",Disorder,0,1,1,4.0
1328,Camurati-Engelmann disease,Disorder,1,1,1,150.0
1329,Complete atrioventricular septal defect,Disorder,0,1,1,10.0
1330,Partial atrioventricular septal defect,Disorder,0,1,1,25.0
1331,Familial prostate cancer,Disorder,15,1,1,9.4
1332,Medullary thyroid carcinoma,Disorder,0,1,1,1.7966666666666666
1333,Familial pancreatic carcinoma,Disorder,9,1,1,0.0
1334,Chronic mucocutaneous candidiasis,Disorder,5,1,1,0.0
1335,Pentalogy of Cantrell,Disorder,0,1,1,0.40666666666666673
1336,Hyperkeratosis-hyperpigmentation syndrome,Disorder,0,1,1,5.0
1338,Heart defect-tongue hamartoma-polysyndactyly syndrome,Disorder,1,1,1,2.0
1339,OBSOLETE: Cranioacrofacial syndrome,Disorder,0,0,0,
1340,Cardiofaciocutaneous syndrome,Disorder,4,1,1,100.04
1342,Heart-hand syndrome type 3,Disorder,0,1,1,2.0
1344,Isolated atrial standstill,Disorder,2,1,1,0.0
1345,Cardiomyopathy-cataract-hip spine disease syndrome,Disorder,0,1,1,4.5
1349,Mitochondrial DNA-related cardiomyopathy and hearing loss,Disorder,1,1,1,1.0
1350,Heart-hand syndrome type 2,Disorder,0,1,1,1.0
1352,Atrioventricular defect-blepharophimosis-radial and anal defect syndrome,Disorder,0,1,1,1.0
1354,Heart defects-limb shortening syndrome,Disorder,0,1,1,1.0
1355,Congenital heart defect-round face-developmental delay syndrome,Disorder,0,1,1,1.5
1358,Carey-Fineman-Ziter syndrome,Disorder,2,1,1,10.0
1359,Carney complex,Disorder,2,1,1,375.0
1361,Carnosinase deficiency,Disorder,0,1,1,8.066666666666666
1366,Autosomal recessive palmoplantar keratoderma and congenital alopecia,Disorder,1,1,1,4.0
1368,Cataract-ataxia-deafness syndrome,Disorder,0,1,1,1.0
1369,Congenital cataract-hypertrophic cardiomyopathy-mitochondrial myopathy syndrome,Disorder,3,1,1,20.0
1373,Cataract-aberrant oral frenula-growth delay syndrome,Disorder,0,1,1,1.5
1375,Cataract-hypertrichosis-intellectual disability syndrome,Disorder,0,1,1,0.0
1376,OBSOLETE: Congenital cataract-ichthyosis syndrome,Disorder,0,0,0,
1377,Cataract-microcornea syndrome,Disorder,8,1,1,4.0
1380,Cataract-nephropathy-encephalopathy syndrome,Disorder,0,1,1,1.0
1381,OBSOLETE: Cataract-intellectual disability-anal atresia-urinary defects syndrome,Disorder,0,0,0,
1383,Cataract-deafness-hypogonadism syndrome,Disorder,0,1,1,1.5
1387,Cataract-intellectual disability-hypogonadism syndrome,Disorder,2,1,1,10.0
1388,Catel-Manzke syndrome,Disorder,1,1,1,16.5
1389,Cortical blindness-intellectual disability-polydactyly syndrome,Disorder,0,1,1,1.5
1390,Night blindness-skeletal anomalies-dysmorphism syndrome,Disorder,0,1,1,1.0
1393,Cerebrocostomandibular syndrome,Disorder,1,1,1,37.5
1394,Cerebrofaciothoracic dysplasia,Disorder,1,1,1,10.0
1396,OBSOLETE: Cerebrorenodigital syndrome,Disorder,0,0,0,
1397,Hydrocephaly-cerebellar agenesis syndrome,Disorder,0,1,1,1.0
1398,Isolated cerebellar agenesis,Disorder,0,1,1,0.0
1399,Richards-Rundle syndrome,Disorder,0,1,1,0.0
1401,CHAND syndrome,Disorder,1,1,1,0.0
1406,Charlie M syndrome,Disorder,0,1,1,2.0
1408,Hair defect-photosensitivity-intellectual disability syndrome,Disorder,0,0,0,
1409,Woolly hair-hypotrichosis-everted lower lip-outstanding ears syndrome,Disorder,0,0,0,
1410,Uncombable hair syndrome,Disorder,2,1,1,0.0
1412,Tarsal-carpal coalition syndrome,Disorder,1,1,1,5.0
1414,Cholestasis-lymphedema syndrome,Disorder,0,1,1,23.5
1415,Hardikar syndrome,Disorder,1,1,1,2.5
1416,Familial calcium pyrophosphate deposition,Disorder,2,1,1,50.0
1417,OBSOLETE: Platyspondylic lethal chondrodysplasia,Disorder,0,0,0,
1420,"OBSOLETE: Lethal chondrodysplasia, Moerman type",Disorder,0,0,0,
1421,"OBSOLETE: Lethal chondrodysplasia, Seller type",Disorder,0,0,0,
1422,Chondrodysplasia-difference of sex development syndrome,Disorder,1,1,1,1.0
1423,Lethal recessive chondrodysplasia,Disorder,0,1,1,2.0
1425,Desbuquois syndrome,Disorder,3,1,1,25.0
1426,Greenberg dysplasia,Disorder,1,1,1,5.0
1427,Autosomal recessive otospondylomegaepiphyseal dysplasia,Disorder,1,1,1,15.0
1428,OBSOLETE: Familial chondromalacia patellae,Disorder,0,0,0,
1429,Benign hereditary chorea,Disorder,2,1,1,0.02
1431,Paroxysmal dyskinesia,Group of disorders,0,1,1,0.0
1432,Autosomal dominant chorioretinopathy-microcephaly syndrome,Disorder,0,0,0,
1433,Choroidal atrophy-alopecia syndrome,Disorder,0,1,1,1.0
1434,OBSOLETE: Choroideremia-hypopituitarism syndrome,Disorder,0,0,0,
1435,Xq21 microdeletion syndrome,Disorder,1,1,1,6.5
1436,X-linked skeletal dysplasia-intellectual disability syndrome,Disorder,0,1,1,2.0
1437,Ring chromosome 1 syndrome,Disorder,0,1,1,17.5
1438,Ring chromosome 10 syndrome,Disorder,0,1,1,8.0
1439,Ring chromosome 12 syndrome,Disorder,0,1,1,5.0
1440,Ring chromosome 14 syndrome,Disorder,0,1,1,40.0
1441,Ring chromosome 17 syndrome,Disorder,0,1,1,9.0
1442,Ring chromosome 18 syndrome,Disorder,0,1,1,35.0
1443,Ring chromosome 19 syndrome,Disorder,0,1,1,5.0
1444,Ring chromosome 20 syndrome,Disorder,0,1,1,25.0
1445,Ring chromosome 21 syndrome,Disorder,0,1,1,0.0
1446,Ring chromosome 22 syndrome,Disorder,0,1,1,50.0
1447,Ring chromosome 4 syndrome,Disorder,0,1,1,10.0
1448,Ring chromosome 6 syndrome,Disorder,0,1,1,12.5
1449,Ring chromosome 7 syndrome,Disorder,0,1,1,9.0
1450,Ring chromosome 8 syndrome,Disorder,0,1,1,4.0
1451,CINCA syndrome,Disorder,1,1,1,0.0
1452,Cleidocranial dysplasia,Disorder,1,1,1,0.5666666666666667
1453,Cleidorhizomelic syndrome,Disorder,0,1,1,1.0
1454,Joubert syndrome with hepatic defect,Disorder,4,1,1,4.0
1455,OBSOLETE: Autosomal dominant coarctation of aorta,Subtype of disorder,0,0,0,
1456,Middle aortic syndrome,Disorder,0,1,1,0.085
1457,Coarctation of aorta,Disorder,0,1,1,29.369999999999997
1458,CODAS syndrome,Disorder,1,1,1,13.0
1459,Celiac disease-epilepsy-cerebral calcification syndrome,Disorder,0,1,1,85.0
1460,Isolated complex III deficiency,Disorder,11,1,1,
1461,Criss-cross heart,Disorder,0,1,1,0.4
1463,Triatrial heart,Group of disorders,0,0,0,
1464,Univentricular heart,Disorder,0,1,1,3.75
1465,Coffin-Siris syndrome,Disorder,11,1,1,95.0
1466,COFS syndrome,Subtype of disorder,4,1,1,10.0
1467,Cogan syndrome,Disorder,0,1,1,150.075
1471,Coloboma of macula-brachydactyly type B syndrome,Disorder,0,1,1,5.0
1473,Uveal coloboma-cleft lip and palate-intellectual disability,Disorder,1,1,1,6.0
1474,Colobomatous-microphthalmia-heart disease-hearing loss syndrome,Disorder,0,0,0,
1475,Renal coloboma syndrome,Disorder,1,1,1,90.0
1478,Interatrial communication,Disorder,0,1,1,1.5
1479,Atrial septal defect-atrioventricular conduction defects syndrome,Disorder,1,1,1,5.5
1480,NON RARE IN EUROPE: Ventricular septal defect,Disorder,0,0,0,
1482,Gonococcal conjunctivitis,Disorder,0,1,1,15.0
1484,Contractures-ectodermal dysplasia-cleft lip/palate syndrome,Disorder,0,1,1,1.0
1485,"Arthrogryposis-hyperkeratosis syndrome, lethal form",Disorder,0,1,1,1.0
1486,Lethal congenital contracture syndrome type 1,Disorder,1,1,1,1.98
1487,Cooks syndrome,Disorder,0,1,1,6.0
1488,Cooper-Jabs syndrome,Disorder,0,1,1,1.0
1489,Whooping cough,Disorder,0,1,1,8.237333333333334
1490,Corneal dystrophy-perceptive deafness syndrome,Disorder,1,1,1,12.0
1492,OBSOLETE: Corpus callosum agenesis-double urinary collecting system-trigonocephaly syndrome,Disorder,0,0,0,
1493,Vici syndrome,Disorder,1,1,1,25.0
1495,Intellectual disability-hypoplastic corpus callosum-preauricular tag syndrome,Disorder,0,1,1,1.5
1496,Corpus callosum agenesis-neuronopathy syndrome,Disorder,1,1,1,23.5
1497,X-linked complicated corpus callosum dysgenesis,Subtype of disorder,1,1,1,5.5
1499,OBSOLETE: Cortada-Koussef-Matsumoto syndrome,Disorder,0,0,0,
1501,Adrenocortical carcinoma,Disorder,6,1,1,0.26376
1505,Short rib-polydactyly syndrome,Group of disorders,0,1,1,0.0
1506,Thin ribs-tubular bones-dysmorphism syndrome,Disorder,0,1,1,1.0
1507,Autosomal recessive Robinow syndrome,Subtype of disorder,2,1,1,50.0
1508,Coxoauricular syndrome,Disorder,0,1,1,2.0
1509,Coxopodopatellar syndrome,Disorder,1,1,1,23.5
1512,Crane-Heise syndrome,Disorder,0,1,1,4.5
1513,Craniodiaphyseal dysplasia,Disorder,2,1,1,10.0
1514,Craniodigital-intellectual disability syndrome,Disorder,0,1,1,2.5
1515,Cranioectodermal dysplasia,Disorder,5,1,1,30.0
1516,Non-syndromic bilambdoid and sagittal craniosynostosis,Disorder,0,1,1,3.5125
1517,Cantú syndrome,Disorder,2,1,1,25.0
1519,SPECC1L-related hypertelorism syndrome,Disorder,1,1,1,12.5
1520,Craniofrontonasal dysplasia,Disorder,1,1,1,0.0
1521,Craniofrontonasal dysplasia-Poland anomaly syndrome,Disorder,0,1,1,1.0
1522,Craniometaphyseal dysplasia,Disorder,2,1,1,80.0
1524,Craniomicromelic syndrome,Disorder,0,1,1,0.0
1525,Cranio-osteoarthropathy,Disorder,1,1,1,15.0
1526,OBSOLETE: Craniosynostosis-synostoses-hypertensive nephropathy syndrome,Disorder,0,0,0,
1527,"Craniosynostosis, Philadelphia type",Disorder,0,1,1,0.5
1528,Craniotelencephalic dysplasia,Disorder,0,1,1,2.0
1529,Craniofacial-deafness-hand syndrome,Disorder,1,1,1,1.5
1530,OBSOLETE: Craniosynostosis-cataract syndrome,Disorder,0,0,0,
1531,Craniosynostosis,Group of disorders,0,1,1,32.86
1532,Gómez-López-Hernández syndrome,Disorder,0,1,1,18.0
1533,OBSOLETE: Craniosynostosis-fibular aplasia syndrome,Disorder,0,0,0,
1534,"OBSOLETE: Craniosynostosis-radial aplasia, Imaizumi type",Disorder,0,0,0,
1535,Craniosynostosis-dysmorphism-brachydactyly syndrome,Disorder,0,0,0,
1538,Craniosynostosis-Dandy-Walker malformation-hydrocephalus syndrome,Disorder,0,1,1,2.0
1540,Jackson-Weiss syndrome,Disorder,1,1,1,100.0
1541,"Craniosynostosis, Boston type",Disorder,1,1,1,1.5
1544,Benign focal seizures of adolescence,Disorder,0,0,0,
1545,Crisponi syndrome,Disorder,2,1,1,15.0
1546,Cryptococcosis,Disorder,0,1,1,5.5
1547,Cryptomicrotia-brachydactyly-excess fingertip arch syndrome,Disorder,0,1,1,1.0
1548,Cryptorchidism-arachnodactyly-intellectual disability syndrome,Disorder,0,1,1,1.5
1549,OBSOLETE: Cryptosporidiosis,Disorder,0,0,0,
1551,Familial benign copper deficiency,Disorder,0,1,1,0.5
1552,Currarino syndrome,Disorder,1,1,1,1.0
1553,Curry-Jones syndrome,Disorder,1,1,1,4.5
1555,Cutis gyrata-acanthosis nigricans-craniosynostosis syndrome,Disorder,1,1,1,6.0
1556,Cutis marmorata telangiectatica congenita,Disorder,2,1,1,150.0
1557,Cutis verticis gyrata-intellectual disability syndrome,Disorder,0,0,0,
1560,Cysticercosis,Disorder,0,1,1,0.0
1561,Fatal infantile cytochrome C oxidase deficiency,Disorder,5,1,1,
1562,OBSOLETE: Dacryocystitis-osteopoikilosis syndrome,Disorder,0,0,0,
1563,Dahlberg-Borer-Newcomer syndrome,Disorder,0,1,1,1.0
1564,Dandy-Walker malformation-facial hemangioma syndrome,Disorder,0,0,0,
1566,Dandy-Walker malformation-postaxial polydactyly syndrome,Disorder,0,1,1,2.5
1568,X-linked intellectual disability-Dandy-Walker malformation-basal ganglia disease-seizures syndrome,Disorder,1,1,1,5.0
1569,De Sanctis-Cacchione syndrome,Disorder,0,0,0,
1570,Symbrachydactyly of hands and feet,Disorder,0,1,1,1.0
1571,Knobloch syndrome,Disorder,2,1,1,59.5
1572,OBSOLETE: Common variable immunodeficiency,Disorder,0,0,0,
1573,Hypotrichosis with juvenile macular degeneration,Disorder,1,1,1,25.0
1574,Retinal degeneration-nanophthalmos-glaucoma syndrome,Disorder,0,1,1,3.5
1575,OBSOLETE: Infantile striatothalamic degeneration,Disorder,0,0,0,
1576,Infantile bilateral striatal necrosis,Group of disorders,0,1,1,0.0
1577,OBSOLETE: Infantile thalamic degeneration,Disorder,0,0,0,
1578,Pterin-4 alpha-carbinolamine dehydratase deficiency,Subtype of disorder,1,1,1,10.5
1580,Distal deletion 10p syndrome,Group of disorders,0,1,1,0.0
1581,Non-distal deletion 10q syndrome,Disorder,0,1,1,0.0
1587,Monosomy 13q14 syndrome,Disorder,1,1,1,0.0
1590,Distal deletion 13q syndrome,Disorder,0,1,1,75.0
1596,Distal deletion 15q syndrome,Disorder,1,1,1,15.0
1597,Distal deletion 17q syndrome,Disorder,0,1,1,0.0
1598,Monosomy 18p syndrome,Disorder,0,1,1,1.0
1600,Monosomy 18q syndrome,Disorder,0,1,1,1.25
1606,"1p36 deletion syndrome",Disorder,13,1,1,15.0
1611,OBSOLETE: Deletion 20p,Disorder,0,0,0,
1617,Developmental delay-language impairment-dopa responsive dystonia-parkinsonism syndrome due to 2q24 microdeletion,Subtype of disorder,2,1,1,11.5
1620,Distal deletion 3p syndrome,Disorder,0,1,1,17.0
1621,"3q13 microdeletion syndrome",Disorder,0,1,1,21.0
1625,OBSOLETE: Deletion 4q,Disorder,0,0,0,
1627,Deletion 5q35 syndrome,Disorder,2,1,1,5.0
1636,Distal monosomy 7q36 syndrome,Disorder,0,1,1,15.0
1642,Distal deletion 9p syndrome,Disorder,0,1,1,44.5
1643,Xp22.3 microdeletion syndrome,Disorder,0,1,1,3.0
1646,Chromosome Y microdeletion syndrome,Disorder,9,1,1,20.4
1647,Oculocerebrocutaneous syndrome,Disorder,0,1,1,19.0
1648,NON RARE IN EUROPE: Dementia with Lewy body,Disorder,0,0,0,
1651,OBSOLETE: Dennis-Cohen syndrome,Group of disorders,0,0,0,
1652,Dent disease,Disorder,0,1,1,125.0
1653,Dentin dysplasia,Disorder,0,1,1,0.0
1654,OBSOLETE: Natal teeth-intestinal pseudoobstruction-patent ductus syndrome,Disorder,0,0,0,
1655,Müllerian derivatives-lymphangiectasia-polydactyly syndrome,Disorder,0,1,1,4.0
1656,Dermatitis herpetiformis,Disorder,0,1,1,15.598181818181816
1657,"Dermatoosteolysis, Kirghizian type",Disorder,0,1,1,2.5
1658,Absence of fingerprints-congenital milia syndrome,Disorder,1,1,1,5.0
1659,Dermatoleukodystrophy,Disorder,0,1,1,1.0
1660,Dermoodontodysplasia,Disorder,0,1,1,5.5
1661,X-linked corneal dermoid,Disorder,0,1,1,3.0
1662,Restrictive dermopathy,Disorder,2,1,1,15.0
1664,OBSOLETE: Embryonary disorganization syndrome,Disorder,0,0,0,
1665,Sporadic fetal brain disruption sequence,Disorder,0,1,1,10.0
1666,Dextrocardia,Disorder,0,1,1,
1667,Wolcott-Rallison syndrome,Disorder,1,1,1,30.0
1670,Chronic diarrhea with villous atrophy,Disorder,0,1,1,1.0
1671,Split cord malformation type I,Disorder,0,1,1,0.0
1672,Diencephalic syndrome,Disorder,0,1,1,0.0
1674,Digitorenocerebral syndrome,Disorder,0,0,0,
1675,Dihydropyrimidine dehydrogenase deficiency,Disorder,1,1,1,0.0
1676,Idiopathic pulmonary artery dilatation,Disorder,0,0,0,
1677,Familial idiopathic dilatation of the right atrium,Disorder,0,1,1,0.0
1678,Dincsoy-Salih-Patel syndrome,Disorder,0,0,0,
1679,Diphtheria,Disorder,0,1,1,0.0
1680,"OBSOLETE: Spastic diplegia, infantile type",Disorder,0,0,0,
1681,Diprosopus,Disorder,0,1,1,11.066666666666668
1682,Arterial dissection-lentiginosis syndrome,Disorder,0,1,1,2.0
1683,Distichiasis-congenital heart defects-peripheral vascular anomalies syndrome,Disorder,0,0,0,
1685,Distomatosis,Group of disorders,0,1,1,0.0
1686,Cardiac diverticulum,Disorder,0,1,1,0.0
1692,Mosaic trisomy 1 syndrome,Disorder,0,1,1,0.5
1695,Non-distal duplication 10q syndrome,Disorder,0,1,1,0.0
1698,Mosaic trisomy 12 syndrome,Disorder,0,1,1,0.0
1699,Trisomy 12p syndrome,Disorder,0,1,1,14.0
1702,Non-distal duplication 13q syndrome,Disorder,0,1,1,1.0
1703,Mosaic trisomy 14 syndrome,Disorder,0,1,1,25.0
1705,Distal duplication 14q syndrome,Disorder,0,1,1,12.5
1706,Mosaic trisomy 15 syndrome,Disorder,0,1,1,0.0
1707,Distal duplication 15q syndrome,Subtype of disorder,0,1,1,
1708,Mosaic trisomy 16 syndrome,Disorder,0,1,1,113.0
1711,Mosaic trisomy 17 syndrome,Disorder,0,1,1,15.5
1713,"17p11.2 microduplication syndrome",Disorder,1,1,1,85.0
1715,Trisomy 18p syndrome,Disorder,0,1,1,12.5
1716,Distal duplication 18q syndrome,Disorder,0,1,1,0.2
1717,Distal duplication 19q syndrome,Disorder,0,1,1,18.0
1723,Mosaic trisomy 2 syndrome,Disorder,0,1,1,11.0
1724,Mosaic trisomy 20 syndrome,Disorder,0,1,1,0.0
1727,"22q11.2 duplication syndrome",Disorder,1,1,1,108.0
1738,Trisomy 4p syndrome,Disorder,0,1,1,42.5
1739,OBSOLETE: Duplication 4q,Disorder,0,0,0,
1742,Trisomy 5p syndrome,Disorder,0,1,1,20.0
1745,Distal duplication 6p syndrome,Disorder,0,1,1,20.0
1747,Mosaic trisomy 7 syndrome,Disorder,0,1,1,15.5
1752,Trisomy 8q syndrome,Disorder,0,1,1,15.0
1756,Caudal duplication,Disorder,0,1,1,0.0
1757,Fibular dimelia-diplopodia syndrome,Disorder,0,1,1,5.5
1759,Thoraco-abdominal enteric duplication,Disorder,0,1,1,0.2
1762,Proximal Xq28 duplication syndrome,Disorder,1,1,1,0.24
1764,Familial dysautonomia,Disorder,1,1,1,9.25
1765,OBSOLETE: Dyschondrosteosis-nephritis syndrome,Disorder,0,0,0,
1766,Dysequilibrium syndrome,Disorder,5,1,1,25.5
1767,Familial progressive vestibulocochlear dysfunction,Disorder,0,0,0,
1768,Familial caudal dysgenesis,Disorder,0,1,1,2.0
1770,XY type gonadal dysgenesis-associated anomalies syndrome,Disorder,1,1,1,1.0
1772,"45,X/46,XY mixed gonadal dysgenesis",Disorder,1,1,1,0.0
1773,Sacrococcygeal dysgenesis association,Disorder,0,0,0,
1775,Dyskeratosis congenita,Disorder,13,1,1,0.1
1777,Temtamy syndrome,Disorder,1,1,1,28.0
1778,Facial dysmorphism-shawl scrotum-joint laxity syndrome,Disorder,0,1,1,1.0
1779,Dysmorphism-cleft palate-loose skin syndrome,Disorder,0,1,1,0.0
1780,Thakker-Donnai syndrome,Disorder,0,1,1,1.0
1782,Dysosteosclerosis,Disorder,3,1,1,11.5
1784,Acrofrontofacionasal dysostosis,Disorder,0,1,1,6.0
1786,"Acrofacial dysostosis, Catania type",Disorder,0,1,1,1.0
1787,"Acrofacial dysostosis, Palagonia type",Disorder,0,1,1,2.0
1788,"Acrofacial dysostosis, Rodríguez type",Disorder,1,1,1,6.5
1789,OBSOLETE: Craniofacial dysostosis-arthrogryposis-progeroid appearance syndrome,Disorder,0,0,0,
1790,Hypomandibular faciocranial dysostosis,Disorder,0,1,1,1.5
1791,Frontofacionasal dysplasia,Disorder,0,1,1,7.0
1792,Humerospinal dysostosis,Disorder,0,0,0,
1794,Oculomaxillofacial dysostosis,Disorder,0,1,1,2.0
1795,OBSOLETE: Peripheral dysostosis,Disorder,0,0,0,
1797,Autosomal dominant spondylocostal dysostosis,Disorder,1,1,1,0.0
1798,Craniofacial dysostosis-diaphyseal hyperplasia syndrome,Disorder,0,1,1,0.0
1799,Familial developmental dysphasia,Disorder,0,1,1,3.0
1800,OBSOLETE: Craniofaciocervical osteoglyphic dysplasia,Disorder,0,0,0,
1801,Kyphomelic dysplasia,Disorder,0,1,1,
1802,Ghosal hematodiaphyseal dysplasia,Disorder,1,1,1,0.0
1803,Thoracomelic dysplasia,Disorder,0,1,1,1.0
1804,Dyssegmental dysplasia-glaucoma syndrome,Disorder,0,0,0,
1806,Ectodermal dysplasia-blindness syndrome,Disorder,0,1,1,1.0
1807,Focal facial dermal dysplasia type III,Subtype of disorder,1,1,1,10.0
1808,"Hidrotic ectodermal dysplasia, Christianson-Fourie type",Disorder,0,1,1,3.0
1809,"Hidrotic ectodermal dysplasia, Halal type",Disorder,0,1,1,2.0
1810,Autosomal dominant hypohidrotic ectodermal dysplasia,Subtype of disorder,5,1,1,20.0
1811,Odontomicronychial dysplasia,Disorder,0,1,1,2.5
1812,Ectodermal dysplasia-intellectual disability-central nervous system malformation syndrome,Disorder,0,1,1,0.0
1816,Leukomelanoderma-infantilism-intellectual disability-hypodontia-hypotrichosis syndrome,Disorder,0,1,1,2.0
1818,"Ectodermal dysplasia, trichoodontoonychial type",Disorder,0,1,1,3.5
1819,OBSOLETE: Epimetaphyseal skeletal dysplasia,Disorder,0,0,0,
1822,Dysplasia epiphysealis hemimelica,Disorder,0,1,1,0.05
1823,OBSOLETE: Localized epiphyseal dysplasia,Disorder,0,0,0,
1824,Lowry-Wood syndrome,Disorder,1,1,1,4.0
1825,Epiphyseal dysplasia-hearing loss-dysmorphism syndrome,Disorder,0,1,1,1.0
1826,Frontometaphyseal dysplasia,Disorder,2,1,1,50.0
1827,Acromelic frontonasal dysplasia,Disorder,1,1,1,11.0
1830,Schimke immuno-osseous dysplasia,Disorder,1,1,1,66.5
1831,De Hauwere syndrome,Disorder,0,0,0,
1832,Osteosclerotic bone dysplasia,Disorder,1,1,1,20.0
1834,Axial mesodermal dysplasia spectrum,Disorder,0,1,1,0.0
1836,"Mesomelic dysplasia, Kantaputra type",Disorder,0,1,1,2.5
1837,"Metaphyseal chondrodysplasia, Rosenberg type",Disorder,0,1,1,1.5
1838,Metaphyseal dysplasia without hypotrichosis,Disorder,0,0,0,
1839,Hereditary mucoepithelial dysplasia,Disorder,0,1,1,0.0
1842,"Bone dysplasia, lethal Holmgren type",Disorder,0,1,1,3.5
1844,"OBSOLETE: Bone dysplasia, Azouz type",Disorder,0,0,0,
1848,"Renal agenesis, bilateral",Subtype of disorder,6,1,1,6.1611111111111105
1849,OBSOLETE: Infundibulopelvic stenosis-multicystic kidney syndrome,Disorder,0,0,0,
1850,Renal dysplasia-megalocystis-sirenomelia syndrome,Disorder,0,0,0,
1851,Multicystic dysplastic kidney,Disorder,0,1,1,11.63
1852,OBSOLETE: X-linked retinal dysplasia,Disorder,0,1,1,4.0
1855,Spondyloenchondrodysplasia,Disorder,1,1,1,18.0
1856,Spondyloperipheral dysplasia-short ulna syndrome,Disorder,1,1,1,5.0
1858,Skeletal dysplasia-epilepsy-short stature syndrome,Disorder,0,1,1,3.5
1860,Thanatophoric dysplasia type 1,Subtype of disorder,1,1,1,0.0
1861,Thoracic dysplasia-hydrocephalus syndrome,Disorder,0,1,1,1.0
1863,NON RARE IN EUROPE: Trochlear dysplasia,Disorder,0,0,0,
1864,OBSOLETE: Congenital valvular dysplasia,Disorder,0,0,0,
1865,"Dyssegmental dysplasia, Silverman-Handmaker type",Disorder,1,1,1,0.0
1866,"Focal, segmental or multifocal dystonia",Group of disorders,0,1,1,15.45
1867,"Hereditary bullous dystrophy, macular type",Disorder,0,1,1,1.0
1871,Progressive cone dystrophy,Disorder,4,1,1,0.0
1872,Cone rod dystrophy,Disorder,32,1,1,2.5
1873,Jalili syndrome,Disorder,1,1,1,19.099999999999998
1875,Congenital muscular dystrophy-infantile cataract-hypogonadism syndrome,Disorder,0,1,1,3.5
1876,Oculogastrointestinal muscular dystrophy,Disorder,0,1,1,0.5
1877,Muscular dystrophy-white matter spongiosis syndrome,Disorder,0,0,0,
1878,TRIM32-related limb-girdle muscular dystrophy R8,Disorder,1,1,1,0.0
1879,Melorheostosis with osteopoikilosis,Disorder,1,1,1,2.5
1880,Ebstein malformation of the tricuspid valve,Disorder,1,1,1,8.452272727272726
1882,Hypohidrotic ectodermal dysplasia-hypothyroidism-ciliary dyskinesia syndrome,Disorder,0,1,1,1.5
1883,Ectodermal dysplasia-sensorineural deafness syndrome,Disorder,0,1,1,1.0
1884,Ectopia lentis-chorioretinal dystrophy-myopia syndrome,Disorder,0,1,1,4.0
1885,Isolated ectopia lentis,Disorder,2,1,1,45.0
1888,Ectrodactyly-ectodermal dysplasia without clefting syndrome,Disorder,0,0,0,
1889,Ectrodactyly-cleft palate syndrome,Disorder,0,0,0,
1891,Intellectual disability-spasticity-ectrodactyly syndrome,Disorder,0,1,1,1.5
1892,Ectrodactyly-polydactyly syndrome,Disorder,0,1,1,0.5
1894,Ectrodactyly-spina bifida-cardiopathy syndrome,Disorder,0,0,0,
1895,Edinburgh malformation syndrome,Disorder,0,1,1,1.0
1896,EEC syndrome,Disorder,1,1,1,0.555
1897,EEM syndrome,Disorder,1,1,1,3.5
1899,Arthrochalasia Ehlers-Danlos syndrome,Disorder,2,1,1,0.0
1900,Kyphoscoliotic Ehlers-Danlos syndrome due to lysyl hydroxylase 1 deficiency,Subtype of disorder,1,1,1,0.5
1901,Dermatosparaxis Ehlers-Danlos syndrome,Disorder,2,1,1,7.5
1902,Ehrlichiosis,Disorder,0,1,1,16.75
1906,Fetal valproate spectrum disorder,Disorder,0,1,1,2.34
1908,Aminopterin/methotrexate embryofetopathy,Disorder,0,1,1,8.5
1909,Indomethacin embryofetopathy,Disorder,0,1,1,0.0
1910,Fetal iodine syndrome,Disorder,0,1,1,0.0
1911,Cocaine embryofetopathy,Disorder,0,1,1,0.0
1912,Fetal hydantoin syndrome,Disorder,0,1,1,0.0
1913,Fetal trimethadione syndrome,Disorder,0,1,1,0.0
1914,Vitamin K antagonist embryofetopathy,Disorder,0,1,1,0.0
1915,Fetal alcohol syndrome,Disorder,0,1,1,434.7125
1916,Diethylstilbestrol syndrome,Disorder,0,1,1,0.0
1917,Fetal methylmercury syndrome,Disorder,0,1,1,0.0
1918,Fetal minoxidil syndrome,Disorder,0,1,1,0.0
1919,Phenobarbital embryopathy,Disorder,0,1,1,0.0
1920,Toluene embryopathy,Disorder,0,1,1,0.0
1923,Methimazole embryofetopathy,Disorder,0,1,1,20.0
1926,Diabetic embryopathy,Disorder,0,1,1,0.0
1927,Emery-Nelson syndrome,Disorder,0,1,1,1.0
1928,Congenital lobar emphysema,Disorder,0,1,1,2.0
1929,Rasmussen subacute encephalitis,Disorder,0,1,1,50.0
1930,Herpes simplex virus encephalitis,Disorder,5,1,1,0.225
1931,Frontal encephalocele,Subtype of disorder,0,1,1,
1933,"Mitochondrial DNA depletion syndrome, encephalomyopathic form with methylmalonic aciduria",Disorder,1,1,1,1.0
1934,Early infantile developmental and epileptic encephalopathy,Disorder,20,1,1,1.0
1935,Early myoclonic encephalopathy,Disorder,0,0,0,
1937,Eng-Strom syndrome,Disorder,0,1,1,1.0
1939,OBSOLETE: Envenomization by Bothrops lanceolatus,Disorder,0,0,0,
1940,Shoulder and thorax deformity-congenital heart disease syndrome,Disorder,0,0,0,
1941,Juvenile absence epilepsy,Disorder,1,1,1,3.75
1942,Epilepsy with myoclonic-atonic seizures,Disorder,7,1,1,0.0
1943,Early-onset progressive encephalopathy with migrant continuous myoclonus,Disorder,0,1,1,1.5
1945,Self-limited epilepsy with centrotemporal spikes,Disorder,3,1,1,10.0
1946,Amelocerebrohypohidrotic syndrome,Disorder,2,1,1,0.0
1947,Northern epilepsy,Subtype of disorder,1,1,1,0.0
1948,Epilepsy-microcephaly-skeletal dysplasia syndrome,Disorder,0,1,1,1.0
1949,Self-limited neonatal epilepsy,Disorder,2,1,1,136.0
1951,Epilepsy-telangiectasia syndrome,Disorder,0,1,1,3.0
1952,Epiphyseal stippling-osteoclastic hyperplasia syndrome,Disorder,0,1,1,2.0
1954,Congenital lethal erythroderma,Disorder,0,1,1,8.5
1955,Spinocerebellar ataxia type 34,Disorder,1,1,1,22.5
1956,OBSOLETE: Erythromelalgia,Disorder,0,0,0,
1957,Esthesioneuroblastoma,Disorder,0,1,1,0.01
1959,Evans syndrome,Disorder,0,1,1,0.1
1962,Exostoses-anetodermia-brachydactyly type E syndrome,Disorder,0,1,1,0.5
1964,Extrasystoles-short stature-hyperpigmentation-microcephaly syndrome,Disorder,0,1,1,1.0
1968,Flat face-microstomia-ear anomaly syndrome,Disorder,0,1,1,1.0
1969,Facial dysmorphism-anorexia-cachexia-eye and skin anomalies syndrome,Disorder,0,1,1,1.5
1970,Facial dysmorphism-macrocephaly-myopia-Dandy-Walker malformation syndrome,Disorder,0,1,1,1.5
1972,Lethal faciocardiomelic dysplasia,Disorder,0,1,1,1.5
1973,Faciocardiorenal syndrome,Disorder,0,1,1,2.0
1974,Autosomal recessive faciodigitogenital syndrome,Disorder,0,1,1,13.0
1979,Lipodystrophy due to peptidic growth factors deficiency,Disorder,0,1,1,0.5
1980,Bilateral striopallidodentate calcinosis,Disorder,8,1,1,100.0
1981,Fanconi syndrome-ichthyosis-dysmorphism syndrome,Disorder,0,0,0,
1983,NON RARE IN EUROPE: Chronic fatigue syndrome,Disorder,0,0,0,
1984,Fechtner syndrome,Subtype of disorder,0,0,0,
1986,Gollop-Wolfgang complex,Disorder,1,1,1,100.05
1987,Isolated femoral agenesis/hypoplasia,Disorder,0,1,1,1.6
1988,Femoral-facial syndrome,Disorder,0,1,1,34.0
1991,Cleft lip with or without cleft palate,Group of disorders,0,0,0,89.33333333333333
1993,Pai syndrome,Disorder,0,1,1,33.5
1995,OBSOLETE: Cleft lip-retinopathy syndrome,Disorder,0,1,1,1.0
1997,Blepharo-cheilo-odontic syndrome,Disorder,2,1,1,27.5
2001,Cleft lip/palate-intestinal malrotation-cardiopathy syndrome,Disorder,0,1,1,2.5
2003,Cleft lip/palate-deafness-sacral lipoma syndrome,Disorder,0,1,1,1.0
2004,Laryngotracheoesophageal cleft,Disorder,0,1,1,3.75
2005,OBSOLETE: Laryngo-tracheo-esophageal cleft-pulmonary hypoplasia syndrome,Disorder,0,0,0,
2006,Median cleft lip/mandible,Disorder,0,1,1,35.0
2007,Alar cartilages hypoplasia-coloboma-telecanthus syndrome,Disorder,0,1,1,1.0
2008,Acrocardiofacial syndrome,Disorder,0,1,1,5.0
2010,Cleft palate-stapes fixation-oligodontia syndrome,Disorder,0,1,1,1.0
2013,Cleft palate-large ears-small head syndrome,Disorder,0,1,1,4.0
2014,Cleft palate,Group of disorders,0,1,1,23.21481481481481
2015,Cleft palate-short stature-vertebral anomalies syndrome,Disorder,0,1,1,1.0
2016,Cleft palate-lateral synechia syndrome,Disorder,0,1,1,5.5
2017,Sternal cleft,Disorder,0,1,1,1.0
2019,Femur-fibula-ulna complex,Disorder,0,1,1,0.75
2020,Congenital fiber-type disproportion myopathy,Disorder,8,1,1,0.0
2021,Fibrochondrogenesis,Disorder,2,1,1,10.0
2022,Endocardial fibroelastosis,Disorder,0,1,1,0.0
2023,Undifferentiated pleomorphic sarcoma,Disorder,0,1,1,0.6
2024,Hereditary gingival fibromatosis,Disorder,3,1,1,0.0
2025,Gingival fibromatosis-facial dysmorphism syndrome,Disorder,0,1,1,1.0
2026,Gingival fibromatosis-hypertrichosis syndrome,Disorder,1,1,1,0.0
2027,Gingival fibromatosis-progressive deafness syndrome,Disorder,0,1,1,1.0
2028,Juvenile hyaline fibromatosis,Subtype of disorder,1,1,1,35.0
2029,Multiple non-ossifying fibromatosis,Disorder,0,0,0,
2030,Fibrosarcoma,Disorder,2,1,1,0.005
2031,Hepatic fibrosis-renal cysts-intellectual disability syndrome,Disorder,0,1,1,2.0
2032,Idiopathic pulmonary fibrosis,Disorder,14,1,1,11.148529411764706
2033,OBSOLETE: Multifocal muscular fibrosis-obstructed vessels syndrome,Disorder,0,0,0,
2034,Filariasis,Group of disorders,0,1,1,0.0
2035,Lymphatic filariasis,Disorder,0,1,1,0.0
2036,Scalp-ear-nipple syndrome,Disorder,1,1,1,15.0
2037,Congenital aortopulmonary window,Disorder,0,0,0,2.5
2038,Pulmonary arteriovenous malformation,Disorder,0,1,1,1.25
2039,OBSOLETE: Congenital systemic arteriovenous fistula,Disorder,0,0,0,
2040,Congenital respiratory-biliary fistula,Disorder,0,1,1,17.5
2041,Coronary arterial fistula,Disorder,0,1,1,0.0
2042,OBSOLETE: Tracheo-esophageal fistula-hypospadias syndrome,Disorder,0,0,0,
2044,Floating-Harbor syndrome,Disorder,1,1,1,0.0
2045,FLOTCH syndrome,Disorder,0,1,1,3.0
2047,Flynn-Aird syndrome,Disorder,0,1,1,5.0
2048,Foix-Chavany-Marie syndrome,Disorder,0,1,1,75.0
2050,Cole-Carpenter syndrome,Disorder,3,1,1,1.5
2051,Fraser-like syndrome,Disorder,0,0,0,
2052,Fraser syndrome,Disorder,3,1,1,0.21000000000000002
2053,Freeman-Sheldon syndrome,Disorder,2,1,1,50.0
2054,OBSOLETE: Osteochondritis of tarsal/metatarsal bone,Disorder,0,0,0,
2055,Growth deficiency-brachydactyly-dysmorphism syndrome,Disorder,0,0,0,
2056,Essential fructosuria,Disorder,1,1,1,0.0
2057,Blepharophimosis-ptosis-esotropia-syndactyly-short stature syndrome,Disorder,0,1,1,3.0
2058,Fryns-Smeets-Thiry syndrome,Disorder,0,1,1,1.0
2059,Fryns syndrome,Disorder,1,1,1,4.666666666666667
2060,Fukuda-Miyanomae-Nakata syndrome,Disorder,0,0,0,
2062,Progressive non-infectious anterior vertebral fusion,Disorder,0,1,1,33.5
2063,Splenogonadal fusion-limb defects-micrognathia syndrome,Disorder,0,1,1,15.0
2064,Posterior fusion of lumbosacral vertebrae-blepharoptosis syndrome,Disorder,0,1,1,1.5
2065,Galloway-Mowat syndrome,Disorder,10,1,1,79.55
2066,Gamma-aminobutyric acid transaminase deficiency,Disorder,1,1,1,1.5
2067,GAPO syndrome,Disorder,1,1,1,30.0
2069,Gastrocutaneous syndrome,Disorder,0,1,1,12.0
2070,Eosinophilic gastroenteritis,Disorder,0,1,1,96.13333333333333
2072,Gaucher disease-ophthalmoplegia-cardiovascular calcification syndrome,Subtype of disorder,1,1,1,5.0
2073,Narcolepsy type 1,Disorder,8,1,1,25.948571428571427
2074,Gemignani syndrome,Disorder,0,1,1,1.0
2075,Genitopalatocardiac syndrome,Disorder,0,1,1,7.5
2076,X-linked intellectual disability-epilepsy syndrome,Group of disorders,0,1,1,0.0
2077,German syndrome,Disorder,0,1,1,2.5
2078,Geroderma osteodysplastica,Disorder,2,1,1,25.0
2081,Cerebral gigantism-jaw cysts syndrome,Disorder,0,0,0,
2083,Prominent glabella-microcephaly-hypogenitalism syndrome,Disorder,0,1,1,1.0
2084,Glaucoma-ectopia lentis-microspherophakia-stiff joints-short stature syndrome,Disorder,1,1,1,1.5
2085,Glaucoma-sleep apnea syndrome,Disorder,0,1,1,2.5
2086,Optic pathway glioma,Disorder,0,1,1,0.06
2087,Glomerulonephritis-sparse hair-telangiectasis syndrome,Disorder,0,0,0,
2088,Fanconi-Bickel syndrome,Disorder,1,1,1,50.2
2089,Glycogen storage disease due to hepatic glycogen synthase deficiency,Disorder,1,1,1,8.0
2090,GMS syndrome,Disorder,0,1,1,0.5
2091,Multinodular goiter-cystic kidney-polydactyly syndrome,Disorder,0,1,1,1.5
2092,Focal dermal hypoplasia,Disorder,1,1,1,150.0
2095,Gorlin-Chaudhry-Moss syndrome,Subtype of disorder,1,1,1,3.5
2097,Grant syndrome,Disorder,0,1,1,0.5
2098,"Acromesomelic dysplasia, Grebe type",Disorder,2,1,1,0.0
2099,OBSOLETE: Grix-Blankenship-Peterson syndrome,Disorder,0,0,0,
2101,Grubben-de Cock-Borghgraef syndrome,Disorder,0,1,1,1.5
2102,GTP cyclohydrolase I deficiency,Subtype of disorder,1,1,1,8.0
2103,Guillain-Barré syndrome,Group of disorders,0,1,1,6.784285714285715
2104,Dysmorphism-pectus carinatum-joint laxity syndrome,Disorder,0,1,1,1.0
2107,Hall-Riggs syndrome,Disorder,0,1,1,4.0
2108,Hallermann-Streiff syndrome,Disorder,1,1,1,51.199999999999996
2109,Hallermann-Streiff-like syndrome,Disorder,0,1,1,1.0
2110,Hallux varus-preaxial polysyndactyly syndrome,Disorder,0,1,1,1.0
2111,Cystic hamartoma of lung and kidney,Disorder,0,1,1,1.5
2112,OBSOLETE: Follicular hamartoma-alopecia-cystic fibrosis syndrome,Disorder,0,0,0,
2113,Congenital hypothalamic hamartoma syndrome,Disorder,0,0,0,
2114,"Hip dysplasia, Beukes type",Disorder,1,1,1,0.0
2115,Harrod syndrome,Disorder,0,1,1,1.5
2116,Hartnup disease,Disorder,2,1,1,3.45
2117,Hartsfield syndrome,Disorder,1,1,1,17.5
2118,Hawkinsinuria,Disorder,1,1,1,2.5
2119,HEC syndrome,Disorder,0,1,1,1.0
2120,OBSOLETE: Heckenlively syndrome,Disorder,0,0,0,
2122,Kaposiform hemangioendothelioma,Disorder,1,1,1,0.0
2123,Multifocal infantile hemangioma with extracutenous involvement,Disorder,0,1,1,35.0
2124,Cavernous hemangiomas of face-supraumbilical midline raphe syndrome,Disorder,0,0,0,
2125,Sacral hemangiomas-multiple congenital abnormalities syndrome,Disorder,0,0,0,
2126,Solitary fibrous tumor,Disorder,2,1,1,0.0
2128,Isolated hemihyperplasia,Disorder,3,1,1,5.0
2129,OBSOLETE: Hemihypertrophy-intestinal web-corneal opacity syndrome,Disorder,0,0,0,
2130,Non-syndromic hemimelia,Group of disorders,0,1,1,4.15
2131,Alternating hemiplegia of childhood,Disorder,8,1,1,0.47
2132,Hemoglobin C disease,Disorder,1,1,1,85.155
2133,Hemoglobin E disease,Disorder,1,1,1,0.0
2134,Atypical hemolytic uremic syndrome,Disorder,0,1,1,0.40926666666666667
2135,Cutaneous mastocytosis-deafness-microtia syndrome,Disorder,0,1,1,1.5
2136,Hennekam syndrome,Disorder,3,1,1,25.0
2137,Autoimmune hepatitis,Disorder,0,1,1,10.411764705882353
2138,"46,XX ovotesticular difference of sex development",Disorder,3,1,1,167.5
2139,Hernández-Aguirre Negrete syndrome,Disorder,0,1,1,0.0
2140,Congenital diaphragmatic hernia,Disorder,3,1,1,22.07272727272727
2141,Diaphragmatic defect-limb deficiency-skull defect syndrome,Disorder,0,1,1,3.5
2143,Donnai-Barrow syndrome,Disorder,1,1,1,25.0
2145,"Craniosynostosis, Herrmann-Opitz type",Disorder,0,1,1,1.0
2148,Lissencephaly type 1 due to doublecortin gene mutation,Disorder,1,1,1,0.0
2149,Nodular neuronal heterotopia,Disorder,0,1,1,0.0
2150,Hirschsprung disease-type D brachydactyly syndrome,Disorder,0,1,1,2.0
2151,Hirschsprung disease-ganglioneuroblastoma syndrome,Disorder,1,1,1,
2152,Mowat-Wilson syndrome,Disorder,0,1,1,0.85
2153,Hirschsprung disease-nail hypoplasia-dysmorphism syndrome,Disorder,0,1,1,1.5
2155,Hirschsprung disease-deafness-polydactyly syndrome,Disorder,0,1,1,1.0
2156,OBSOLETE: Hirsutism-skeletal dysplasia-intellectual disability syndrome,Disorder,0,0,0,
2157,Histidinemia,Disorder,1,1,1,5.7250000000000005
2158,Histidinuria-renal tubular defect syndrome,Disorder,0,1,1,2.5
2161,OBSOLETE: Holoacardius amorphus,Disorder,0,0,0,
2162,Holoprosencephaly,Disorder,0,1,1,78.625
2163,Holoprosencephaly-craniosynostosis syndrome,Disorder,0,1,1,5.5
2165,Holoprosencephaly-caudal dysgenesis syndrome,Disorder,0,1,1,0.45
2166,Holoprosencephaly-postaxial polydactyly syndrome,Disorder,0,1,1,0.0
2167,Holzgreve syndrome,Disorder,0,1,1,1.5
2168,Homocarnosinosis,Disorder,0,0,0,
2169,Methylcobalamin deficiency type cblE,Subtype of disorder,1,1,1,13.5
2170,Methylcobalamin deficiency type cblG,Subtype of disorder,1,1,1,16.5
2172,Microcephaly-glomerulonephritis-marfanoid habitus syndrome,Disorder,0,1,1,1.0
2174,Hunter-Carpenter-McDonald syndrome,Disorder,0,0,0,
2176,Infantile systemic hyalinosis,Subtype of disorder,1,1,1,0.0
2177,Hydranencephaly,Disorder,1,1,1,1.225
2180,Hydrocephalus-costovertebral dysplasia-Sprengel anomaly syndrome,Disorder,0,1,1,4.0
2181,Hydrocephaly-tall stature-joint laxity syndrome,Disorder,0,1,1,1.0
2182,Hydrocephalus with stenosis of the aqueduct of Sylvius,Subtype of disorder,1,1,1,1.7
2183,Hydrocephalus-obesity-hypogonadism syndrome,Disorder,0,1,1,1.0
2184,Hydrocephaly-low insertion umbilicus syndrome,Disorder,0,1,1,1.0
2185,Congenital hydrocephalus,Disorder,0,1,1,35.166666666666664
2186,Hydrocephalus-blue sclerae-nephropathy syndrome,Disorder,0,1,1,0.5
2189,Hydrolethalus,Disorder,2,1,1,1.6666666666666667
2190,OBSOLETE: Congenital hydronephrosis,Disorder,0,0,0,
2194,OBSOLETE: Anti-HLA hyperimmunization,Disorder,0,0,0,
2195,Dicarboxylic aminoaciduria,Disorder,1,1,1,1.38
2196,Primary hypomagnesemia with hypercalciuria and nephrocalcinosis with severe ocular involvement,Subtype of disorder,1,1,1,36.0
2197,Idiopathic hypercalciuria,Disorder,1,1,1,0.0
2198,Palmoplantar keratoderma-esophageal carcinoma syndrome,Disorder,1,1,1,5.0
2199,Epidermolytic palmoplantar keratoderma,Disorder,3,1,1,4.4
2200,Focal palmoplantar and gingival keratoderma,Disorder,0,1,1,8.5
2201,Palmoplantar keratoderma-spastic paralysis syndrome,Disorder,0,1,1,0.5
2202,Palmoplantar keratoderma-deafness syndrome,Disorder,2,1,1,5.0
2203,Hyperlysinemia,Disorder,1,1,1,0.0
2204,"Dysplastic cortical hyperostosis, Kozlowski-Tsuruta type",Subtype of disorder,0,1,1,1.0
2206,Ankylosing vertebral hyperostosis with tylosis,Disorder,0,1,1,4.0
2207,Familial primary hyperparathyroidism,Group of disorders,0,1,1,0.0
2209,Maternal phenylketonuria syndrome,Disorder,1,1,1,5.0
2211,Hypertelorism-hypospadias-polysyndactyly syndrome,Disorder,0,1,1,1.5
2213,Hypertelorism-microtia-facial clefting syndrome,Disorder,0,1,1,4.5
2215,Multiple pterygium-malignant hyperthermia syndrome,Disorder,0,1,1,2.0
2216,Maternal hyperthermia-induced birth defects,Disorder,0,1,1,0.0
2218,Cervical hypertrichosis-peripheral neuropathy syndrome,Disorder,0,1,1,2.0
2220,Hypertrichosis cubiti,Disorder,0,1,1,14.0
2221,Acquired hypertrichosis lanuginosa,Disorder,0,1,1,30.0
2222,Hypertrichosis lanuginosa congenita,Disorder,0,1,1,50.0
2224,Hypertryptophanemia,Disorder,1,1,1,6.0
2227,NON RARE IN EUROPE: Hypodontia,Disorder,0,0,0,
2228,Hypodontia-dysplasia of nails syndrome,Disorder,1,1,1,0.0
2229,Dilated cardiomyopathy-hypergonadotropic hypogonadism syndrome,Disorder,1,1,1,10.0
2230,Hypogonadotropic hypogonadism-frontoparietal alopecia syndrome,Disorder,0,1,1,3.0
2232,Primary hypergonadotropic hypogonadism-partial alopecia syndrome,Disorder,0,1,1,3.5
2233,Hypogonadism-mitral valve prolapse-intellectual disability syndrome,Disorder,0,1,1,1.0
2234,Male hypergonadotropic hypogonadism-intellectual disability-skeletal anomalies syndrome,Disorder,0,1,1,1.0
2235,Hypogonadotropic hypogonadism-retinitis pigmentosa syndrome,Disorder,0,1,1,1.0
2237,Hypoparathyroidism-sensorineural deafness-renal disease syndrome,Disorder,1,1,1,90.0
2238,Familial isolated hypoparathyroidism,Disorder,0,1,1,5.0
2239,Familial isolated hypoparathyroidism due to agenesis of parathyroid gland,Subtype of disorder,1,1,1,1.0
2241,Megacystis-microcolon-intestinal hypoperistalsis syndrome,Disorder,4,1,1,115.0
2243,Hypopituitarism-micropenis-cleft lip/palate syndrome,Disorder,0,0,0,
2244,Hypopituitarism-microphthalmia syndrome,Disorder,0,0,0,
2245,OBSOLETE: Hypopituitarism-postaxial polydactyly syndrome,Disorder,0,0,0,
2246,Cerebellar hypoplasia-tapetoretinal degeneration syndrome,Disorder,0,1,1,1.5
2248,Hypoplastic left heart syndrome,Disorder,2,1,1,18.695833333333333
2249,Ulna hypoplasia-intellectual disability syndrome,Disorder,0,1,1,1.0
2250,Hyposmia-nasal and ocular hypoplasia-hypogonadotropic hypogonadism syndrome,Disorder,1,1,1,1.0
2251,Thumb deformity-alopecia-pigmentation anomaly syndrome,Disorder,0,1,1,1.0
2252,Radial hypoplasia-triphalangeal thumbs-hypospadias-maxillary diastema syndrome,Disorder,0,1,1,4.0
2253,Foveal hypoplasia-presenile cataract syndrome,Disorder,1,1,1,5.5
2254,Pontocerebellar hypoplasia type 1,Disorder,6,1,1,20.0
2255,Pancreatic hypoplasia-diabetes-congenital heart disease syndrome,Disorder,1,1,1,5.0
2256,Fibulo-ulnar hypoplasia-renal anomalies syndrome,Disorder,0,1,1,1.0
2257,Primary pulmonary hypoplasia,Disorder,0,1,1,0.0
2258,OBSOLETE: Congenital unilateral pulmonary hypoplasia,Disorder,0,0,0,
2260,Oligomeganephronia,Disorder,0,1,1,0.0
2261,"Hypospadias-intellectual disability, Goldblatt type syndrome",Disorder,0,1,1,1.5
2266,"Hypotrichosis-intellectual disability, Lopes type",Disorder,0,1,1,1.0
2267,OBSOLETE: Ichthyosis-cheek-eyebrow syndrome,Disorder,0,0,0,
2268,ICF syndrome,Disorder,5,1,1,33.0
2269,Ichthyosis-alopecia-eclabion-ectropion-intellectual disability syndrome,Disorder,0,1,1,2.0
2271,Congenital ichthyosis-microcephalus-tetraplegia syndrome,Disorder,0,1,1,1.0
2272,Ichthyosis-oral and digital anomalies syndrome,Disorder,0,1,1,1.0
2273,Ichthyosis follicularis-alopecia-photophobia syndrome,Disorder,1,1,1,20.0
2274,Ichthyosis-hepatosplenomegaly-cerebellar degeneration syndrome,Disorder,0,1,1,1.0
2278,Ichthyosis-intellectual disability-dwarfism-renal impairment syndrome,Disorder,0,1,1,2.0
2282,Dysmorphism-short stature-deafness-difference of sex development syndrome,Disorder,0,1,1,1.0
2284,OBSOLETE: Primary T cell immunodeficiency,Disorder,0,0,0,
2285,Primary basilar invagination,Disorder,0,1,1,0.0
2286,OBSOLETE: Solitary median maxillary central incisor syndrome,Subtype of disorder,0,0,0,
2287,Fused mandibular incisors,Disorder,0,1,1,0.0
2289,Neuronal intranuclear inclusion disease,Disorder,1,1,1,0.0
2290,Microvillus inclusion disease,Disorder,2,1,1,45.666666666666664
2291,Congenital velopharyngeal incompetence,Disorder,0,1,1,18.5
2292,OBSOLETE: Congenital bowing of long bones-short stature-dolichomacrocephaly-ocular hypertelorism syndrome,Disorder,0,0,0,
2295,Familial articular hypermobility syndrome,Disorder,0,1,1,0.0
2297,Insulin-resistance syndrome type A,Disorder,1,1,1,0.0
2298,Insulin-resistance syndrome type B,Disorder,0,1,1,0.0
2299,Aortic arch interruption,Disorder,0,1,1,0.15
2300,Isolated multiple intestinal atresia,Disorder,0,1,1,2.025
2301,Congenital short bowel syndrome,Disorder,2,1,1,21.5
2302,Asbestos intoxication,Disorder,0,1,1,0.0
2305,Isotretinoin syndrome,Disorder,0,1,1,0.0
2306,Isotretinoin-like syndrome,Disorder,0,1,1,3.0
2307,IVIC syndrome,Disorder,1,1,1,2.0
2308,Jacobsen syndrome,Disorder,1,1,1,0.75
2309,Pachyonychia congenita,Disorder,4,1,1,500.045
2310,Absence deformity of leg-cataract syndrome,Disorder,0,1,1,1.0
2311,Autosomal recessive spondylocostal dysostosis,Disorder,6,1,1,0.0
2312,Transient familial neonatal hyperbilirubinemia,Disorder,1,1,1,0.0
2314,Autosomal dominant hyper-IgE syndrome due to STAT3 deficiency,Disorder,1,1,1,0.05
2315,Johanson-Blizzard syndrome,Disorder,1,1,1,0.2
2316,Johnson neuroectodermal syndrome,Disorder,0,1,1,0.0
2318,Joubert syndrome with oculorenal defect,Disorder,7,1,1,8.5
2319,Juberg-Hayward syndrome,Disorder,1,1,1,6.5
2321,Jung syndrome,Disorder,0,1,1,1.0
2322,Kabuki syndrome,Disorder,2,1,1,2.13
2323,Sanjad-Sakati syndrome,Disorder,1,1,1,0.0
2324,Osteopenia-intellectual disability-sparse hair syndrome,Disorder,0,1,1,1.0
2325,Epidermolysis bullosa simplex with anodontia/hypodontia,Disorder,0,1,1,2.5
2326,Kallmann syndrome-heart disease syndrome,Disorder,0,1,1,4.0
2328,Kapur-Toriello syndrome,Disorder,0,1,1,3.0
2329,Karsch-Neugebauer syndrome,Disorder,0,1,1,5.5
2330,Kasabach-Merritt phenomenon,Disorder,0,1,1,150.0
2331,Kawasaki disease,Disorder,0,1,1,0.0
2332,KBG syndrome,Disorder,1,1,1,82.0
2333,Kenny-Caffey syndrome,Disorder,0,1,1,32.5
2334,Autosomal dominant keratitis,Disorder,1,1,1,0.0
2335,NON RARE IN EUROPE: Isolated keratoconus,Disorder,0,0,0,
2337,"Diffuse palmoplantar keratoderma, Bothnian type",Disorder,1,1,1,2.5
2338,Isolated punctate palmoplantar keratoderma,Group of disorders,0,1,1,
2339,Keratosis follicularis-dwarfism-cerebral atrophy syndrome,Disorder,0,1,1,3.0
2340,Keratosis follicularis spinulosa decalvans,Disorder,3,1,1,0.0
2342,Haim-Munk syndrome,Disorder,1,1,1,50.0
2343,OBSOLETE: Isolated cloverleaf skull syndrome,Disorder,0,0,0,
2345,Isolated Klippel-Feil syndrome,Disorder,3,1,1,1.3
2346,OBSOLETE: Angioosteohypertrophic syndrome,Group of disorders,0,0,0,
2347,Lethal Kniest-like dysplasia,Disorder,0,1,1,1.0
2348,"Familial partial lipodystrophy, Dunnigan type",Disorder,1,1,1,0.0
2349,Muscular pseudohypertrophy-hypothyroidism syndrome,Disorder,0,1,1,0.0
2351,Kousseff syndrome,Disorder,0,1,1,4.0
2352,Kozlowski-Brown-Hardwick syndrome,Disorder,0,0,0,
2353,Schilbach-Rott syndrome,Disorder,1,1,1,9.0
2355,Kumar-Levick syndrome,Disorder,0,0,0,
2356,Arachnoid cyst,Disorder,0,1,1,0.0
2357,Bronchogenic cyst,Disorder,0,1,1,0.0
2363,Lacrimoauriculodentodigital syndrome,Disorder,3,1,1,50.0
2364,Glycogen storage disease due to lactate dehydrogenase deficiency,Disorder,0,1,1,
2368,Gastroschisis,Disorder,0,1,1,18.2
2369,Limb body wall complex,Disorder,0,1,1,2.225
2370,Larsen-like osseous dysplasia-short stature syndrome,Disorder,0,1,1,1.5
2371,Lethal Larsen-like syndrome,Disorder,0,1,1,4.0
2372,Laryngocele,Disorder,0,1,1,0.2
2373,Congenital laryngomalacia,Disorder,0,1,1,20.0
2374,Isolated congenital laryngeal web,Disorder,0,1,1,0.0
2375,Laryngeal abductor paralysis-intellectual disability syndrome,Disorder,0,1,1,10.0
2377,Laurence-Moon syndrome,Disorder,1,1,1,0.0
2378,Laurin-Sandrow syndrome,Disorder,1,1,1,7.0
2379,Early-onset parkinsonism-intellectual disability syndrome,Disorder,1,1,1,1.0
2380,Legg-Calvé-Perthes disease,Disorder,1,1,1,1.0
2382,Lennox-Gastaut syndrome,Disorder,7,1,1,7.55
2386,Leukoencephalopathy-palmoplantar keratoderma syndrome,Disorder,0,1,1,2.0
2387,Leukonychia totalis,Disorder,1,1,1,22.0
2388,Choreoacanthocytosis,Disorder,1,1,1,0.0
2389,Lewis-Pashayan syndrome,Disorder,0,0,0,
2390,Lichtenstein syndrome,Disorder,0,1,1,1.0
2391,Congenitally short costocoracoid ligament,Disorder,0,1,1,0.5
2394,Pyruvate dehydrogenase E3 deficiency,Subtype of disorder,1,1,1,10.0
2396,Encephalocraniocutaneous lipomatosis,Disorder,2,1,1,38.5
2398,Multiple symmetric lipomatosis,Disorder,1,1,1,1.0
2399,Nasopalpebral lipoma-coloboma syndrome,Disorder,0,1,1,9.5
2400,Peripheral motor neuropathy-dysautonomia syndrome,Disorder,0,1,1,1.0
2404,Loiasis,Disorder,0,1,1,0.0
2405,Thickened earlobes-conductive deafness syndrome,Disorder,0,1,1,1.0
2406,Locked-in syndrome,Disorder,0,1,1,16.5
2407,Laryngo-onycho-cutaneous syndrome,Disorder,1,1,1,25.0
2408,Lowe-Kohn-Cohen syndrome,Disorder,0,1,1,0.5
2409,Lowry-MacLean syndrome,Disorder,0,1,1,1.5
2410,Hypergonadotropic hypogonadism-cataract syndrome,Disorder,0,1,1,1.5
2412,Dislocation of the hip-dysmorphism syndrome,Disorder,1,1,1,2.0
2414,Congenital pulmonary lymphangiectasia,Disorder,0,1,1,50.0
2415,Isolated rare lymphatic malformation,Group of disorders,0,1,1,12.5
2416,Congenital primary lymphedema without systemic or visceral involvement,Group of disorders,0,0,0,
2419,Lymphedema-ptosis syndrome,Disorder,0,0,0,
2420,Primary pulmonary lymphoma,Disorder,0,1,1,0.0
2427,Macrocephaly-short stature-paraplegia syndrome,Disorder,0,1,1,1.0
2429,Macrocephaly-spastic paraplegia-dysmorphism syndrome,Disorder,0,1,1,0.0
2430,Congenital macroglossia,Disorder,0,1,1,2.3
2431,Central bilateral macrogyria,Disorder,0,0,0,
2432,Macrosomia-microphthalmia-cleft palate syndrome,Disorder,0,1,1,2.5
2435,Hypo- and hypermelanotic cutaneous macules-retarded growth-intellectual disability syndrome,Disorder,0,1,1,7.0
2437,Czeizel-Losonci syndrome,Disorder,0,1,1,1.5
2438,Hand-foot-genital syndrome,Disorder,1,1,1,16.5
2439,Patterson-Stevenson-Fontaine syndrome,Disorder,0,1,1,3.5
2440,Isolated split hand-split foot malformation,Disorder,8,1,1,6.483333333333333
2442,X-linked lymphoproliferative disease,Group of disorders,0,1,1,0.04235
2443,Mitochondrial oxidative phosphorylation disorder due to nuclear DNA anomalies,Group of disorders,0,1,1,9.0
2444,Congenital pulmonary airway malformation,Disorder,0,1,1,6.96
2445,Conotruncal heart malformations,Group of disorders,0,0,0,
2447,Congenital mitral malformation,Group of disorders,0,0,0,
2451,Mucocutaneous venous malformations,Disorder,1,1,1,9.0
2452,OBSOLETE: Vascular malposition,Group of disorders,0,0,0,
2453,Malpuech syndrome,Disorder,0,0,0,
2454,OBSOLETE: Familial intestinal malrotation-facial anomalies syndrome,Disorder,0,0,0,
2456,Familial supernumerary nipples,Disorder,0,1,1,23.0
2457,Mandibuloacral dysplasia,Disorder,0,1,1,20.0
2458,OBSOLETE: Mandibulofacial dysostosis-deafness-postaxial polydactyly syndrome,Disorder,0,0,0,
2459,Mansonelliasis,Disorder,0,1,1,0.0
2460,Van den Ende-Gupta syndrome,Disorder,1,1,1,14.5
2461,Marden-Walker syndrome,Disorder,1,1,1,17.5
2462,Shprintzen-Goldberg syndrome,Disorder,2,1,1,30.0
2463,Marfanoid habitus-autosomal recessive intellectual disability syndrome,Disorder,0,1,1,2.0
2464,"Marfanoid syndrome, De Silva type",Disorder,0,1,1,3.0
2466,MASA syndrome,Subtype of disorder,1,1,1,0.0
2467,Systemic mastocytosis,Group of disorders,0,1,1,5.1000000000000005
2470,Matthew-Wood syndrome,Disorder,2,1,1,21.5
2471,McDonough syndrome,Disorder,0,1,1,1.0
2473,McKusick-Kaufman syndrome,Disorder,1,1,1,33.333333333333336
2474,OBSOLETE: McLain-Dekaban syndrome,Disorder,0,0,0,
2475,White forelock with malformations,Disorder,0,1,1,1.0
2476,Dysraphism-cleft lip/palate-limb reduction defects syndrome,Disorder,0,1,1,1.5
2477,Isolated megalencephaly,Disorder,1,1,1,
2478,Megalencephalic leukoencephalopathy with subcortical cysts,Disorder,2,1,1,50.0
2479,Megalocornea-intellectual disability syndrome,Disorder,0,1,1,20.0
2481,Neurocutaneous melanocytosis,Disorder,0,1,1,1.25
2482,Melhem-Fahl syndrome,Disorder,0,1,1,1.0
2483,Melkersson-Rosenthal syndrome,Disorder,0,1,1,0.0
2484,Melnick-Needles syndrome,Disorder,1,1,1,35.0
2485,Melorheostosis,Disorder,0,1,1,0.09
2486,Transverse limb deficiency-hemangioma syndrome,Disorder,0,0,0,
2487,Lower limb malformation-hypospadias syndrome,Disorder,0,1,1,1.0
2489,Upper limb defect-eye and ear abnormalities syndrome,Disorder,0,1,1,1.0
2491,Müllerian duct anomalies-limb anomalies syndrome,Disorder,0,1,1,2.5
2492,FATCO syndrome,Disorder,0,1,1,11.0
2494,Ménétrier disease,Disorder,0,1,1,0.0
2495,Meningioma,Disorder,11,1,1,4.096666666666668
2496,Mesomelia-synostoses syndrome,Disorder,0,1,1,5.0
2497,"Upper limb mesomelic dysplasia, type Fryns",Disorder,0,1,1,2.0
2498,Syndactyly type 8,Disorder,1,1,1,
2499,Metachondromatosis,Disorder,1,1,1,12.5
2500,Acrogeria,Disorder,1,1,1,25.5
2501,"Metaphyseal chondrodysplasia, Spahr type",Disorder,1,1,1,9.0
2502,Metaphyseal dysostosis-intellectual disability-conductive deafness syndrome,Disorder,0,1,1,1.5
2504,Metaphyseal dysplasia-maxillary hypoplasia-brachydacty syndrome,Disorder,1,1,1,1.0
2505,Multiple benign circumferential skin creases on limbs,Disorder,2,1,1,16.0
2506,Michels syndrome,Disorder,0,0,0,
2507,OBSOLETE: Mickleson syndrome,Disorder,0,0,0,
2508,Corpus callosum agenesis-abnormal genitalia syndrome,Disorder,1,1,1,0.0
2510,Micro syndrome,Disorder,4,1,1,101.5
2511,Microbrachycephaly-ptosis-cleft lip syndrome,Disorder,0,1,1,1.0
2512,Autosomal recessive primary microcephaly,Subtype of disorder,29,1,1,0.36666666666666664
2513,Microcephaly-albinism-digital anomalies syndrome,Disorder,0,1,1,1.0
2514,Autosomal dominant primary microcephaly,Subtype of disorder,2,1,1,
2515,Microcephaly-cardiomyopathy syndrome,Disorder,0,1,1,1.5
2516,Microcephaly-cardiac defect-lung malsegmentation syndrome,Disorder,0,1,1,1.5
2518,Autosomal recessive chorioretinopathy-microcephaly syndrome,Disorder,3,1,1,
2519,Microcephaly-seizures-intellectual disability-heart disease syndrome,Disorder,0,1,1,1.0
2521,Microcephaly-cleft palate-abnormal retinal pigmentation syndrome,Disorder,0,1,1,1.5
2522,Microcephaly-cervical spine fusion anomalies syndrome,Disorder,0,1,1,1.0
2523,Microcephaly-brain defect-spasticity-hypernatremia syndrome,Disorder,0,1,1,1.5
2524,Pontocerebellar hypoplasia type 2,Disorder,5,1,1,40.5
2526,Microcephaly-lymphedema-chorioretinopathy syndrome,Disorder,1,1,1,25.0
2528,"Microcephaly-microcornea syndrome, Seemanova type",Disorder,0,1,1,1.0
2533,Microcephaly-deafness-intellectual disability syndrome,Disorder,0,1,1,1.0
2535,OBSOLETE: Microcornea-corectopia-macular hypoplasia syndrome,Disorder,0,0,0,
2536,Microcornea-glaucoma-absent frontal sinuses syndrome,Disorder,0,1,1,2.5
2538,Microgastria-limb reduction defect syndrome,Disorder,0,1,1,8.0
2542,Isolated microphthalmia-anophthalmia-coloboma,Group of disorders,0,1,1,1.842
2543,OBSOLETE: Microphthalmia-cataract syndrome,Disorder,0,0,0,
2547,Microphthalmia-microtia-fetal akinesia syndrome,Disorder,0,1,1,1.0
2549,Oculoauriculovertebral spectrum with radial defects,Disorder,0,1,1,20.0
2551,Microspherophakia-metaphyseal dysplasia syndrome,Disorder,0,1,1,0.0
2552,Microsporidiosis,Disorder,0,1,1,0.0
2554,Ear-patella-short stature syndrome,Disorder,7,1,1,33.5
2556,Microphthalmia with linear skin defects syndrome,Disorder,3,1,1,27.5
2557,Mietens syndrome,Disorder,0,1,1,4.5
2558,Mikati-Najjar-Sahli syndrome,Disorder,0,1,1,2.5
2560,Moebius syndrome-axonal neuropathy-hypogonadotropic hypogonadism syndrome,Disorder,0,1,1,3.5
2561,Pyramidal molars-abnormal upper lip syndrome,Disorder,0,1,1,4.0
2563,MOMO syndrome,Disorder,0,1,1,4.0
2564,Tetramelic monodactyly,Disorder,0,1,1,0.0
2565,Mononen-Karnes-Senac syndrome,Disorder,0,1,1,0.5
2566,Chronic Epstein-Barr virus infection syndrome,Disorder,0,1,1,0.0
2569,Moore-Federman syndrome,Disorder,0,0,0,
2570,Lethal intrauterine growth restriction-cortical malformation-congenital contractures syndrome,Disorder,1,1,1,2.0
2571,X-linked immunoneurologic disorder,Disorder,0,1,1,2.5
2572,Spastic ataxia-corneal dystrophy syndrome,Disorder,0,1,1,0.5
2573,Moyamoya disease,Disorder,3,1,1,1.2228999999999999
2574,Moynahan syndrome,Disorder,0,0,0,
2575,Cystic fibrosis-gastritis-megaloblastic anemia syndrome,Disorder,0,1,1,1.0
2576,Mulibrey nanism,Disorder,1,1,1,50.9
2578,Mayer-Rokitansky-Küster-Hauser syndrome type 2,Subtype of disorder,2,1,1,0.5
2579,Muscular atrophy-ataxia-retinitis pigmentosa-diabetes mellitus syndrome,Disorder,0,1,1,6.0
2580,OBSOLETE: Shoulder and girdle defects-familial intellectual disability syndrome,Disorder,0,0,0,
2582,Myalgia-eosinophilia syndrome associated with tryptophan,Disorder,0,1,1,0.0
2583,Mycetoma,Disorder,0,1,1,0.09666666666666668
2584,Classic mycosis fungoides,Disorder,3,1,1,0.36
2585,Ataxia-pancytopenia syndrome,Disorder,1,1,1,12.5
2587,Myeloperoxidase deficiency,Disorder,1,1,1,9.0
2588,Myhre syndrome,Disorder,1,1,1,0.0
2589,Myoclonus-cerebellar ataxia-deafness syndrome,Disorder,0,1,1,2.0
2590,Spinal muscular atrophy-progressive myoclonic epilepsy syndrome,Disorder,1,1,1,5.0
2591,Infantile myofibromatosis,Disorder,2,1,1,0.335
2593,Tubular aggregate myopathy,Disorder,3,1,1,30.0
2596,Myopathy and diabetes mellitus,Disorder,1,1,1,
2597,Mitochondrial myopathy-lactic acidosis-deafness syndrome,Disorder,0,1,1,1.0
2598,Mitochondrial myopathy and sideroblastic anemia,Disorder,2,1,1,3.5
2601,OBSOLETE: Myopathy-growth delay-intellectual disability-hypospadias syndrome,Disorder,0,0,0,
2604,Familial visceral myopathy,Disorder,1,1,1,0.0
2608,N syndrome,Disorder,0,1,1,1.5
2609,Isolated complex I deficiency,Disorder,29,1,1,0.0
2611,Linear verrucous nevus syndrome,Disorder,0,1,1,
2612,Linear nevus sebaceus syndrome,Disorder,3,1,1,0.0
2613,Nail-patella-like renal disease,Disorder,1,1,1,1.5
2614,Nail-patella syndrome,Disorder,1,1,1,0.8500000000000001
2615,Nakajo-Nishimura syndrome,Subtype of disorder,0,0,0,
2616,"3M syndrome",Disorder,3,1,1,100.0
2617,"Microcephalic primordial dwarfism, Montreal type",Disorder,0,1,1,1.5
2619,"Brachydactylous dwarfism, Mseleni type",Disorder,0,1,1,0.0
2621,OBSOLETE: Low birth weight-dwarfism-dysgammaglobulinemia syndrome,Disorder,0,0,0,
2623,Geleophysic dysplasia,Disorder,3,1,1,13.5
2626,OBSOLETE: Hypopituitarism-short stature-skeletal anomalies syndrome,Disorder,0,0,0,
2631,Mesomelic dwarfism-cleft palate-camptodactyly syndrome,Disorder,0,1,1,1.0
2632,Langer mesomelic dysplasia,Disorder,1,1,1,50.0
2633,"Mesomelic dysplasia, Nievergelt type",Disorder,0,1,1,9.5
2634,"Mesomelic dwarfism, Reinhardt-Pfeiffer type",Disorder,0,1,1,0.0
2635,Metatropic dysplasia,Disorder,1,1,1,27.066666666666666
2636,Microcephalic osteodysplastic primordial dwarfism types I and III,Disorder,1,1,1,26.5
2637,Microcephalic osteodysplastic primordial dwarfism type II,Disorder,1,1,1,75.0
2639,Fibular aplasia-complex brachydactyly syndrome,Disorder,2,1,1,8.0
2640,"Lethal short-limb dwarfism, McAlister-Crane type",Disorder,0,0,0,
2641,"OBSOLETE: Micromelic dwarfism, Fryns type",Disorder,0,0,0,
2643,"Microcephalic primordial dwarfism, Toriello type",Disorder,0,1,1,1.0
2645,Osteoglosphonic dysplasia,Disorder,1,1,1,3.5
2646,Parastremmatic dysplasia,Disorder,0,0,0,
2649,Short stature-intellectual disability-eye anomalies-cleft lip/palate syndrome,Disorder,0,0,0,
2650,OBSOLETE: Dwarfism-intellectual disability-eye abnormality syndrome,Disorder,0,0,0,
2653,OBSOLETE: Osteochondrodysplatic nanism-deafness-retinitis pigmentosa syndrome,Disorder,0,0,0,
2654,Syndesmodysplasic dwarfism,Disorder,0,0,0,
2655,Thanatophoric dysplasia,Disorder,0,1,1,3.5888888888888886
2658,Lenz-Majewski hyperostotic dysplasia,Disorder,1,1,1,11.5
2661,Dwarfism-tall vertebrae syndrome,Disorder,0,0,0,
2662,Keipert syndrome,Disorder,1,1,1,6.0
2663,Nathalie syndrome,Disorder,0,1,1,0.5
2665,Congenital mesoblastic nephroma,Disorder,2,1,1,
2666,Adult familial nephronophthisis-spastic quadriparesia syndrome,Disorder,0,1,1,1.0
2668,Nephropathy-deafness-hyperparathyroidism syndrome,Disorder,0,1,1,2.5
2669,Nephrosis-deafness-urinary tract-digital malformations syndrome,Disorder,0,1,1,2.5
2670,Pierson syndrome,Disorder,1,1,1,49.0
2671,Neu-Laxova syndrome,Disorder,0,1,1,45.5
2672,Neuhauser-Eichner-Opitz syndrome,Disorder,0,1,1,2.5
2673,Neurofaciodigitorenal syndrome,Disorder,0,1,1,1.5
2674,Cyprus facial-neuromusculoskeletal syndrome,Disorder,0,1,1,0.5
2675,OBSOLETE: Neuroaxonal dystrophy-renal tubular acidosis syndrome,Disorder,0,0,0,
2676,Neuroectodermal-endocrine syndrome,Disorder,0,0,0,
2677,OBSOLETE: Neuroepithelioma,Disorder,0,0,0,
2678,Familial isolated café-au-lait macules,Disorder,1,1,1,0.0
2679,OBSOLETE: Infantile axonal neuropathy,Disorder,0,0,0,
2680,Hypomyelination neuropathy-arthrogryposis syndrome,Disorder,3,1,1,4.5
2686,Cyclic neutropenia,Disorder,1,1,1,0.1
2687,Neutropenia-hyperlymphocytosis with large granular lymphocytes syndrome,Disorder,0,0,0,
2688,Adult idiopathic neutropenia,Disorder,0,1,1,0.0
2689,Intermittent neutropenia,Disorder,0,0,0,
2690,Neutropenia-monocytopenia-deafness syndrome,Disorder,0,1,1,1.5
2691,Nevo syndrome,Disorder,0,0,0,
2694,OBSOLETE: Epidermal nevus-vitamin D-resistant rickets syndrome,Disorder,0,0,0,
2695,Bifid nose,Disorder,0,1,1,0.0
2697,Arthrogryposis-renal dysfunction-cholestasis syndrome,Disorder,2,1,1,50.0
2698,Knuckle pads-leukonychia-sensorineural deafness-palmoplantar hyperkeratosis syndrome,Disorder,1,1,1,0.0
2699,Median nodule of the upper lip,Disorder,0,1,1,2.0
2700,Noma,Disorder,0,1,1,0.0
2701,Noonan syndrome-like disorder with loose anagen hair,Disorder,2,1,1,35.0
2703,Port-wine nevi-mega cisterna magna-hydrocephalus syndrome,Disorder,0,1,1,2.5
2704,Urofacial syndrome,Disorder,2,1,1,50.0
2705,OBSOLETE: Oculocerebral dysplasia,Disorder,0,0,0,
2706,OBSOLETE: Oculocerebroacral syndrome,Disorder,0,0,0,
2707,"Oculocerebrofacial syndrome, Kaufman type",Disorder,1,1,1,9.5
2708,OBSOLETE: Oculocerebroosseous syndrome,Disorder,0,0,0,
2709,"Oculodental syndrome, Rutherfurd type",Disorder,0,1,1,0.5
2710,Oculodentodigital dysplasia,Disorder,1,1,1,121.5
2712,Oculofaciocardiodental syndrome,Disorder,1,1,1,0.0
2713,Oculoosteocutaneous syndrome,Disorder,0,1,1,1.5
2714,Oculo-palato-cerebral syndrome,Disorder,0,1,1,2.5
2715,Severe oculo-renal-cerebellar syndrome,Disorder,0,1,1,2.5
2716,OBSOLETE: Oculo-skeletal-renal syndrome,Disorder,0,0,0,
2717,Oculotrichoanal syndrome,Disorder,1,1,1,10.0
2718,Oculotrichodysplasia,Disorder,0,1,1,1.0
2719,"Oculocerebral hypopigmentation syndrome, Cross type",Disorder,0,1,1,7.0
2720,"Oculocerebral hypopigmentation syndrome, Preus type",Disorder,0,1,1,1.0
2721,Odonto-onycho-dermal dysplasia,Disorder,1,1,1,15.0
2722,Odonto-onycho dysplasia-alopecia syndrome,Disorder,0,1,1,1.0
2723,Odontotrichomelic syndrome,Disorder,0,1,1,2.0
2724,Odontomatosis-aortae esophagus stenosis syndrome,Disorder,0,1,1,1.5
2725,Eye defects-arachnodactyly-cardiopathy syndrome,Disorder,0,0,0,
2728,"Blepharophimosis-intellectual disability syndrome, Ohdo type",Disorder,0,1,1,15.0
2729,Okamoto syndrome,Disorder,0,0,0,
2730,Postaxial tetramelic oligodactyly,Disorder,0,1,1,2.0
2731,Taurodontia-absent teeth-sparse hair syndrome,Disorder,0,0,0,
2732,Olivopontocerebellar atrophy-deafness syndrome,Disorder,0,1,1,0.0
2733,Omodysplasia,Disorder,0,1,1,15.0
2736,Lethal omphalocele-cleft palate syndrome,Disorder,0,1,1,2.5
2737,Onchocerciasis,Disorder,0,1,1,0.0
2739,Onycho-tricho-dysplasia-neutropenia syndrome,Disorder,0,0,0,
2741,Ophthalmomandibulomelic dysplasia,Disorder,0,1,1,1.5
2742,OBSOLETE: Ophthalmoplegia-myalgia-tubular aggregates syndrome,Disorder,0,0,0,
2743,Ophthalmoplegia-intellectual disability-lingua scrotalis syndrome,Disorder,0,1,1,3.0
2744,Horizontal gaze palsy with progressive scoliosis,Disorder,2,1,1,0.0
2745,Opitz GBBB syndrome,Disorder,1,1,1,0.0
2746,Opsismodysplasia,Disorder,1,1,1,15.0
2749,Oromandibular-limb hypogenesis syndrome,Group of disorders,0,1,1,0.0
2750,Orofaciodigital syndrome type 1,Disorder,1,1,1,0.6166666666666667
2751,Orofaciodigital syndrome type 2,Disorder,1,1,1,10.0
2752,Orofaciodigital syndrome type 3,Disorder,0,0,0,
2753,Orofaciodigital syndrome type 4,Disorder,1,1,1,7.5
2754,Orofaciodigital syndrome type 6,Disorder,10,1,1,1.0
2755,Orofaciodigital syndrome type 8,Disorder,0,1,1,10.0
2756,OBSOLETE: Orofaciodigital syndrome type 10,Disorder,0,0,0,
2759,Imperforate oropharynx-costovertebral anomalies syndrome,Disorder,0,1,1,1.0
2760,OSLAM syndrome,Disorder,0,1,1,1.5
2762,Progressive osseous heteroplasia,Disorder,1,1,1,39.0
2763,Osteocraniostenosis,Disorder,1,1,1,15.0
2764,Osteochondritis dissecans,Disorder,0,1,1,35.0
2765,OBSOLETE: Hypertrichotic osteochondrodysplasia,Disorder,0,0,0,
2767,Carpotarsal osteochondromatosis,Disorder,0,1,1,0.0
2768,Blount disease,Disorder,0,1,1,0.0
2769,"Familial osteodysplasia, Anderson type",Disorder,0,1,1,2.0
2770,Nasu-Hakola disease,Disorder,2,1,1,0.075
2771,Bruck syndrome,Disorder,2,1,1,30.0
2772,Congenital osteogenesis imperfecta-microcephaly-cataracts syndrome,Disorder,0,1,1,1.5
2773,Osteogenesis imperfecta-retinopathy-seizures-intellectual disability syndrome,Disorder,0,1,1,1.0
2774,Multicentric carpo-tarsal osteolysis with or without nephropathy,Disorder,1,1,1,0.0
2775,Autosomal recessive carpotarsal osteolysis,Disorder,0,0,0,
2776,Autosomal recessive distal osteolysis syndrome,Disorder,0,1,1,0.0
2777,Osteomesopyknosis,Disorder,0,1,1,17.5
2778,OBSOLETE: Juvenile chronic recurrent multifocal osteomyelitis,Subtype of disorder,0,0,0,
2779,Osteopathia striata-pigmentary dermopathy-white forelock syndrome,Disorder,0,1,1,1.5
2780,Osteopathia striata-cranial sclerosis syndrome,Disorder,2,1,1,50.0
2781,Osteopetrosis and related disorders,Group of disorders,0,1,1,0.5
2783,Autosomal dominant osteopetrosis type 1,Disorder,1,1,1,16.5
2785,Osteopetrosis with renal tubular acidosis,Disorder,1,1,1,50.0
2786,Osteoporosis-oculocutaneous hypopigmentation syndrome,Disorder,0,1,1,0.5
2787,OBSOLETE: Osteoporosis-macrocephaly-blindness-joint hyperlaxity syndrome,Disorder,0,0,0,
2788,Osteoporosis-pseudoglioma syndrome,Disorder,1,1,1,0.05
2789,Lateral meningocele syndrome,Disorder,1,1,1,7.0
2790,"Endosteal hyperostosis, Worth type",Disorder,1,1,1,3.0
2791,Otodental syndrome,Disorder,1,1,1,5.0
2792,Otofaciocervical syndrome,Disorder,2,1,1,9.0
2793,Otoonychoperoneal syndrome,Disorder,0,1,1,3.0
2794,NON RARE IN EUROPE: Familial otosclerosis,Disorder,0,0,0,
2795,Fowler urethral sphincter dysfunction syndrome,Disorder,0,1,1,16.5
2796,Pachydermoperiostosis,Disorder,2,1,1,102.0
2798,Pachygyria-intellectual disability-epilepsy syndrome,Disorder,0,1,1,2.5
2800,Extramammary Paget disease,Disorder,1,1,1,0.0
2801,Juvenile Paget disease,Disorder,2,1,1,25.0
2802,X-linked sideroblastic anemia and spinocerebellar ataxia,Disorder,1,1,1,6.5
2804,W syndrome,Disorder,0,1,1,3.0
2805,Partial pancreatic agenesis,Disorder,2,1,1,25.0
2806,Subacute sclerosing leukoencephalitis,Disorder,0,1,1,0.6676666666666667
2807,Papilloma of choroid plexus,Disorder,1,1,1,0.0015
2808,Laryngeal abductor paralysis,Disorder,0,1,1,4.5
2809,Familial recurrent peripheral facial palsy,Disorder,0,1,1,5.6
2810,NON RARE IN EUROPE: Idiopathic facial palsy,Disorder,0,0,0,
2812,Parana hard skin syndrome,Disorder,0,1,1,4.0
2815,Spastic paraparesis-deafness syndrome,Disorder,0,1,1,3.0
2816,Spastic paraplegia-epilepsy-intellectual disability syndrome,Disorder,0,0,0,
2818,Spastic paraplegia-glaucoma-intellectual disability syndrome,Disorder,0,1,1,1.0
2819,Spastic paraplegia-facial-cutaneous lesions syndrome,Disorder,0,1,1,2.5
2820,Spastic paraplegia-nephritis-deafness syndrome,Disorder,0,1,1,2.0
2821,Spastic paraplegia-neuropathy-poikiloderma syndrome,Disorder,0,1,1,0.5
2822,Autosomal recessive spastic paraplegia type 11,Disorder,1,1,1,0.26
2823,OBSOLETE: Paraplegia-brachydactyly-cone-shaped epiphysis syndrome,Disorder,0,0,0,
2824,Paraplegia-intellectual disability-hyperkeratosis syndrome,Disorder,0,1,1,3.0
2825,PARC syndrome,Disorder,0,1,1,1.0
2826,Spastic paraplegia-precocious puberty syndrome,Disorder,0,1,1,1.0
2828,Young-onset Parkinson disease,Disorder,11,1,1,7.5
2829,Partington-Anderson syndrome,Disorder,0,0,0,
2831,"Rhizomelic dysplasia, Patterson-Lowry type",Disorder,0,1,1,2.5
2832,Short tarsus-absence of lower eyelashes syndrome,Disorder,0,1,1,5.5
2833,Stiff skin syndrome,Disorder,1,1,1,27.0
2834,Wrinkly skin syndrome,Subtype of disorder,1,1,1,15.0
2835,Pectus excavatum-macrocephaly-dysplastic nails syndrome,Disorder,0,1,1,0.5
2836,PEHO syndrome,Disorder,1,1,1,0.0
2837,Pellagra-like skin rash-neurological manifestations syndrome,Disorder,0,0,0,
2838,Renal caliceal diverticuli-deafness syndrome,Disorder,0,1,1,2.0
2839,Pelvis-shoulder dysplasia,Disorder,0,1,1,5.0
2840,Pelvic dysplasia-arthrogryposis of lower limbs syndrome,Disorder,0,1,1,2.5
2841,Hailey-Hailey disease,Disorder,1,1,1,0.0
2842,Penoscrotal transposition,Disorder,0,1,1,0.0
2843,Pentosuria,Disorder,1,1,1,0.0
2846,Congenital pericardium anomaly,Group of disorders,0,1,1,0.0
2847,Pericardial and diaphragmatic defect,Disorder,0,1,1,10.0
2848,Camptodactyly-arthropathy-coxa-vara-pericarditis syndrome,Disorder,1,1,1,15.0
2849,Perlman syndrome,Disorder,1,1,1,16.0
2850,Alopecia-intellectual disability syndrome,Disorder,3,1,1,7.5
2853,Serpentine fibula-polycystic kidneys syndrome,Disorder,0,0,0,
2854,Fuhrmann syndrome,Disorder,1,1,1,5.5
2855,Perrault syndrome,Disorder,0,1,1,62.0
2856,Persistent Müllerian duct syndrome,Disorder,2,1,1,150.0
2860,OBSOLETE: Preeyasombat-Varavithya syndrome,Disorder,0,0,0,
2861,OBSOLETE: Short stature-microcephaly-heart defect syndrome,Disorder,0,0,0,
2863,Short stature-wormian bones-dextrocardia syndrome,Disorder,0,1,1,1.5
2864,OBSOLETE: Short stature-prognathism-short femoral necks syndrome,Disorder,0,0,0,
2865,Short stature-webbed neck-heart disease syndrome,Disorder,0,1,1,2.0
2866,Short stature-deafness-neutrophil dysfunction-dysmorphism syndrome,Disorder,0,1,1,1.0
2867,"Short stature, Brussels type",Disorder,0,1,1,1.0
2868,Short stature-valvular heart disease-characteristic facies syndrome,Disorder,0,1,1,1.5
2869,Peutz-Jeghers syndrome,Disorder,1,1,1,1.0833333333333333
2870,NON RARE IN EUROPE: Peyronie syndrome,Disorder,0,0,0,
2871,Pfeiffer-Palm-Teller syndrome,Disorder,0,1,1,1.0
2872,"Cardiocranial syndrome, Pfeiffer type",Disorder,0,1,1,3.5
2874,Phakomatosis pigmentokeratotica,Disorder,1,1,1,17.0
2875,Phakomatosis pigmentovascularis,Disorder,0,1,1,124.0
2876,PHAVER syndrome,Disorder,0,1,1,1.0
2878,OBSOLETE: Phocomelia-ectrodactyly-deafness-sinus arrhythmia syndrome,Disorder,0,0,0,
2879,"Phocomelia, Schinzel type",Disorder,1,1,1,0.0
2880,Phosphoenolpyruvate carboxykinase deficiency,Disorder,2,1,1,5.0
2881,Cutaneous photosensitivity-lethal colitis syndrome,Disorder,0,1,1,1.5
2882,Sitosterolemia,Disorder,2,1,1,50.0
2884,Piebaldism,Disorder,2,1,1,0.0
2885,Piebald trait-neurologic defects syndrome,Disorder,0,1,1,4.0
2886,TARP syndrome,Disorder,1,1,1,3.0
2888,Pierre Robin syndrome-faciodigital anomaly syndrome,Disorder,0,1,1,1.0
2889,Pili torti,Disorder,0,1,1,0.0
2890,Pili torti-onychodysplasia syndrome,Disorder,0,1,1,0.5
2891,Pili torti-developmental delay-neurological abnormalities syndrome,Disorder,0,1,1,1.0
2892,Pilodental dysplasia-refractive errors syndrome,Disorder,0,1,1,1.0
2894,OBSOLETE: Pilotto syndrome,Disorder,0,0,0,
2895,Pinsky-Di George-Harley syndrome,Disorder,0,0,0,
2896,Pitt-Hopkins syndrome,Disorder,1,1,1,0.0
2897,Pityriasis rubra pilaris,Disorder,1,1,1,24.0
2898,X-linked intellectual disability-plagiocephaly syndrome,Disorder,0,1,1,1.0
2899,Brachyolmia-amelogenesis imperfecta syndrome,Disorder,1,1,1,7.5
2900,Leri pleonosteosis,Disorder,0,1,1,0.0
2901,Neuralgic amyotrophy,Disorder,1,1,1,8.66
2902,Idiopathic chronic eosinophilic pneumonia,Disorder,0,1,1,0.115
2903,Familial spontaneous pneumothorax,Disorder,1,1,1,54.64
2905,POEMS syndrome,Disorder,0,1,1,0.165
2907,Hereditary acrokeratotic poikiloderma,Disorder,0,1,1,20.5
2908,Kindler epidermolysis bullosa,Disorder,1,1,1,125.1
2909,Rothmund-Thomson syndrome,Disorder,0,1,1,250.0
2911,Poland syndrome,Disorder,0,1,1,1.15
2912,Poliomyelitis,Disorder,0,1,1,0.0
2913,Non-syndromic polydactyly,Group of disorders,0,0,0,
2916,Postaxial polydactyly-dental and vertebral anomalies syndrome,Disorder,0,1,1,1.5
2917,Polydactyly-myopia syndrome,Disorder,0,1,1,0.5
2919,Orofaciodigital syndrome type 5,Disorder,1,1,1,6.0
2920,Oliver syndrome,Disorder,0,1,1,3.5
2921,Preaxial polydactyly-colobomata-intellectual disability syndrome,Disorder,0,1,1,1.0
2924,Isolated polycystic liver disease,Disorder,4,1,1,1.0
2925,OBSOLETE: Polymicrogyria-turricephaly-hypogenitalism syndrome,Disorder,0,0,0,
2926,Digital extensor muscle aplasia-polyneuropathy,Disorder,0,1,1,1.5
2928,Polyneuropathy-intellectual disability-acromicria-premature menopause syndrome,Disorder,0,1,1,1.5
2929,Juvenile polyposis syndrome,Disorder,0,1,1,1.925
2930,Cronkhite-Canada syndrome,Disorder,0,1,1,250.0
2932,Chronic inflammatory demyelinating polyneuropathy,Disorder,0,1,1,3.436
2934,Polysyndactyly-cardiac malformation syndrome,Disorder,0,1,1,4.0
2935,Crossed polysyndactyly,Disorder,0,1,1,6.0
2940,Porencephaly,Disorder,0,1,1,2.9
2941,Porencephaly-cerebellar hypoplasia-internal malformations syndrome,Disorder,0,1,1,1.0
2942,Postpoliomyelitis syndrome,Disorder,0,1,1,0.0
2946,Brachydactyly-long thumb syndrome,Disorder,0,1,1,2.0
2947,Triphalangeal thumbs-brachyectrodactyly syndrome,Disorder,0,1,1,2.0
2950,Triphalangeal thumb-polysyndactyly syndrome,Disorder,0,0,0,
2951,Absent thumb-short stature-immunodeficiency syndrome,Disorder,0,1,1,1.5
2952,"Adducted thumbs-arthrogryposis syndrome, Christian type",Disorder,0,1,1,4.5
2953,Musculocontractural Ehlers-Danlos syndrome,Disorder,2,1,1,17.0
2956,Acrodysplasia scoliosis,Disorder,0,1,1,1.0
2957,Guttmacher syndrome,Disorder,1,1,1,1.5
2958,X-linked intellectual disability-dysmorphism-cerebral atrophy syndrome,Disorder,0,1,1,4.0
2959,Progeria-short stature-pigmented nevi syndrome,Disorder,0,1,1,5.5
2962,De Barsy syndrome,Disorder,0,1,1,20.0
2963,"Progeroid syndrome, Petty type",Subtype of disorder,1,1,1,0.5
2964,Autosomal dominant prognathism,Disorder,0,1,1,27.5
2965,Prolactinoma,Disorder,3,1,1,40.970000000000006
2966,Properdin deficiency,Disorder,1,1,1,
2967,Transcobalamin I deficiency,Disorder,0,1,1,0.0
2968,Leukocyte adhesion deficiency,Disorder,0,1,1,116.66666666666667
2969,Proteus-like syndrome,Subtype of disorder,1,1,1,0.0
2970,Prune belly syndrome,Disorder,1,1,1,2.0
2971,Peroxisomal acyl-CoA oxidase deficiency,Disorder,1,1,1,20.0
2972,Non-eruption of teeth-maxillary hypoplasia-genu valgum syndrome,Disorder,0,1,1,2.0
2973,"46,XX difference of sex development-anorectal anomalies syndrome",Disorder,0,1,1,
2975,"46,XX difference of sex development-skeletal anomalies syndrome",Disorder,0,1,1,1.0
2976,"Pseudoleprechaunism syndrome, Patterson type",Disorder,0,1,1,1.0
2978,Chronic intestinal pseudoobstruction syndrome,Disorder,0,1,1,0.0
2980,Acrootoocular syndrome,Disorder,0,1,1,0.0
2981,Pseudo-Zellweger syndrome,Disorder,0,0,0,
2982,"46,XX difference of sex development",Group of disorders,0,0,0,
2983,Difference of sex development-intellectual disability syndrome,Disorder,0,1,1,1.5
2985,Pseudoprogeria syndrome,Disorder,0,1,1,1.0
2987,Antecubital pterygium syndrome,Disorder,0,1,1,5.5
2988,Pterygium colli-intellectual disability-digital anomalies syndrome,Disorder,0,1,1,1.0
2989,Familial pterygium of the conjunctiva,Disorder,0,1,1,
2990,Autosomal recessive multiple pterygium syndrome,Disorder,2,1,1,32.0
2994,Short stature-craniofacial anomalies-genital hypoplasia syndrome,Disorder,0,1,1,1.5
2995,Baraitser-Winter cerebrofrontofacial syndrome,Disorder,2,1,1,30.0
2997,Ptosis-vocal cord paralysis syndrome,Disorder,0,1,1,1.0
2998,Carnevale syndrome,Disorder,0,0,0,
2999,Ptosis-strabismus-ectopic pupils syndrome,Disorder,0,1,1,0.5
3000,Familial peripheral male-limited precocious puberty,Disorder,1,1,1,0.0
3002,Immune thrombocytopenia,Disorder,1,1,1,13.675714285714287
3003,Pyknoachondrogenesis,Disorder,0,1,1,2.5
3004,Mirror polydactyly-vertebral segmentation-limbs defects syndrome,Disorder,0,1,1,0.3
3005,Pyle disease,Disorder,1,1,1,15.0
3006,Pyridoxine-dependent-developmental and epileptic encephalopathy,Disorder,2,1,1,1.116
3008,Pyruvate carboxylase deficiency,Disorder,0,1,1,0.2
3010,Qazi-Markouizos syndrome,Disorder,0,1,1,1.5
3011,Spastic tetraplegia-retinitis pigmentosa-intellectual disability syndrome,Disorder,0,1,1,1.0
3013,Radiculomegaly of canine teeth- congenital cataract,Disorder,0,0,0,
3015,Radio-renal syndrome,Disorder,0,1,1,2.0
3016,Absent radius-anogenital anomalies syndrome,Disorder,0,1,1,1.0
3018,Retinal ischemic syndrome-digestive tract small vessel hyalinosis-diffuse cerebral calcifications syndrome,Disorder,0,1,1,1.5
3019,Ramon syndrome,Disorder,1,1,1,4.0
3020,Ramsay Hunt syndrome,Disorder,0,1,1,2.5
3021,RAPADILINO syndrome,Disorder,1,1,1,10.0
3022,Rapp-Hodgkin syndrome,Disorder,0,0,0,
3023,External auditory canal atresia-vertical talus-hypertelorism syndrome,Disorder,0,1,1,5.0
3026,Radial ray hypoplasia-choanal atresia syndrome,Disorder,0,1,1,1.5
3027,Caudal regression syndrome,Disorder,2,1,1,0.5833333333333334
3029,NON RARE IN EUROPE: Horseshoe kidney,Disorder,0,0,0,
3032,NPHP3-related Meckel-like syndrome,Disorder,1,1,1,5.0
3033,Renal tubular dysgenesis,Disorder,0,1,1,0.0
3034,Delayed membranous cranial ossification,Disorder,0,1,1,1.0
3035,Growth delay-hydrocephaly-lung hypoplasia syndrome,Disorder,0,1,1,2.0
3038,Delayed speech-facial asymmetry-strabismus-ear lobe creases syndrome,Disorder,0,1,1,3.0
3041,Intellectual disability-balding-patella luxation-acromicria syndrome,Disorder,0,1,1,1.5
3042,Intellectual disability-cataracts-calcified pinnae-myopathy syndrome,Disorder,1,1,1,6.5
3043,OBSOLETE: Intellectual disability-unusual facies syndrome,Disorder,0,0,0,
3044,Intellectual disability-dysmorphism-hypogonadism-diabetes mellitus syndrome,Disorder,0,1,1,2.0
3046,"OBSOLETE: Intellectual disability-unusual facies, Davis-Lafer type",Disorder,0,0,0,
3047,"Blepharophimosis-intellectual disability syndrome, SBBYS type",Disorder,1,1,1,61.0
3050,OBSOLETE: Intellectual disability-hypotonia-skin hyperpigmentation syndrome,Disorder,0,0,0,
3051,Nicolaides-Baraitser syndrome,Disorder,1,1,1,30.5
3052,X-linked intellectual disability-seizures-psoriasis syndrome,Disorder,0,1,1,2.0
3055,X-linked intellectual disability-hypogonadism-ichthyosis-obesity-short stature syndrome,Disorder,0,1,1,2.0
3056,"X-linked intellectual disability, Brooks type",Disorder,0,0,0,
3057,Monoamine oxidase A deficiency,Disorder,1,1,1,0.0
3059,"X-linked intellectual disability, Gu type",Disorder,0,0,0,
3061,"OBSOLETE: X-linked intellectual disability, Raynaud type",Disorder,0,0,0,
3062,"OBSOLETE: X-linked intellectual disability, Schutz type",Disorder,0,0,0,
3063,"X-linked intellectual disability, Snyder type",Disorder,1,1,1,10.5
3064,"OBSOLETE: X-linked intellectual disability, Wittner type",Disorder,0,0,0,
3065,X-linked intellectual disability-monoamine oxidase A metabolism anomaly syndrome,Disorder,0,0,0,
3067,OBSOLETE: Intellectual disability-microcephaly-phalangeal-facial abnormalities syndrome,Disorder,0,0,0,
3068,Intellectual disability-myopathy-short stature-endocrine defect syndrome,Disorder,0,1,1,1.0
3071,Costello syndrome,Disorder,1,1,1,100.02666666666666
3074,Intellectual disability-short stature-hypertelorism syndrome,Disorder,0,1,1,3.0
3077,X-linked intellectual disability-psychosis-macroorchidism syndrome,Disorder,1,1,1,3.0
3078,"Severe X-linked intellectual disability, Gustavson type",Disorder,1,1,1,3.5
3079,"Intellectual disability, Buenos-Aires type",Disorder,0,1,1,2.5
3080,"Intellectual disability, Wolff type",Disorder,0,1,1,1.0
3082,Intellectual disability-polydactyly-uncombable hair syndrome,Disorder,0,1,1,1.0
3084,Mirhosseini-Holmes-Walton syndrome,Disorder,0,0,0,
3085,Retinitis pigmentosa-intellectual disability-deafness-hypogonadism syndrome,Disorder,0,1,1,1.0
3086,Autosomal dominant vitreoretinochoroidopathy,Disorder,1,1,1,1.5
3087,Retinohepatoendocrinologic syndrome,Disorder,0,0,0,
3088,Revesz syndrome,Disorder,1,1,1,2.0
3090,Congenital pulmonary venous return anomaly,Group of disorders,0,0,0,
3091,Congenital systemic veins anomaly,Group of disorders,0,0,0,
3092,Fixed subaortic stenosis,Disorder,0,1,1,0.0
3093,Congenital aortic valve stenosis,Disorder,0,1,1,
3095,Atypical Rett syndrome,Disorder,5,1,1,1.0
3096,Reye syndrome,Disorder,0,1,1,
3097,Meacham syndrome,Disorder,1,1,1,6.5
3098,"Rhizomelic syndrome, Urbach type",Disorder,0,1,1,1.5
3099,Rheumatic fever,Disorder,0,1,1,30.28888888888889
3101,Richieri Costa-da Silva syndrome,Disorder,0,1,1,2.0
3102,Richieri Costa-Pereira syndrome,Disorder,1,1,1,16.5
3103,Roberts syndrome,Disorder,1,1,1,75.0
3104,Robin sequence-oligodactyly syndrome,Disorder,0,1,1,1.5
3105,Robinow-like syndrome,Disorder,0,0,0,
3106,Robinow-Sorauf syndrome,Disorder,0,0,0,
3107,Autosomal dominant Robinow syndrome,Subtype of disorder,4,1,1,50.0
3109,Mayer-Rokitansky-Küster-Hauser syndrome,Disorder,0,1,1,5.5
3110,Rombo syndrome,Disorder,0,1,1,0.0
3111,Rotor syndrome,Disorder,2,1,1,25.0
3112,Patella aplasia-coxa vara-tarsal synostosis syndrome,Disorder,0,0,0,
3115,Roussy-Lévy syndrome,Disorder,2,1,1,0.0
3118,Rudiger syndrome,Disorder,0,0,0,
3121,Ruvalcaba syndrome,Disorder,0,1,1,0.0
3122,OBSOLETE: Sinus node disease-myopia syndrome,Disorder,0,0,0,
3123,"Brittle hair syndrome, Sabinas type",Disorder,0,0,0,
3124,Saccharopinuria,Disorder,1,1,1,0.0
3128,OBSOLETE: Sakati-Nyhan syndrome,Disorder,0,0,0,
3129,Sarcosinemia,Disorder,1,1,1,1.145
3130,Satoyoshi syndrome,Disorder,0,1,1,25.0
3132,Say-Barber-Miller syndrome,Disorder,0,1,1,2.0
3133,OBSOLETE: Say-Field-Coldwell syndrome,Disorder,0,0,0,
3134,SCARF syndrome,Disorder,0,1,1,1.0
3135,NON RARE IN EUROPE: Scheuermann's disease,Disorder,0,0,0,
3137,Alpha-N-acetylgalactosaminidase deficiency,Disorder,0,1,1,10.0
3138,Ulnar-mammary syndrome,Disorder,1,1,1,64.0
3140,NON RARE IN EUROPE: Schizophrenia,Disorder,0,0,0,
3143,Autoimmune polyendocrinopathy type 2,Disorder,0,1,1,0.0
3144,Schneckenbecken dysplasia,Disorder,2,1,1,0.0
3145,Arginine vasopressin resistance-intracranial calcification-short stature-facial dysmorphism syndrome,Disorder,0,1,1,9.5
3148,Malignant peripheral nerve sheath tumor,Disorder,0,1,1,0.5
3151,Multiple sclerosis-ichthyosis-factor VIII deficiency syndrome,Disorder,0,1,1,1.0
3152,Sclerosteosis,Disorder,2,1,1,40.0
3153,NON RARE IN EUROPE: Adolescent idiopathic scoliosis,Disorder,0,0,0,
3156,Senior-Loken syndrome,Disorder,10,1,1,0.0
3157,Septo-optic dysplasia spectrum,Disorder,7,1,1,5.0
3160,OBSOLETE: Vascular disruption sequence,Disorder,0,0,0,
3161,Congenital pulmonary sequestration,Disorder,0,1,1,
3162,Sézary syndrome,Disorder,3,1,1,0.010666666666666666
3163,SHORT syndrome,Disorder,1,1,1,16.0
3164,"Omphalocele syndrome, Shprintzen-Goldberg type",Disorder,0,1,1,2.5
3165,Eosinophilic fasciitis,Disorder,0,1,1,0.7
3166,Sialuria,Disorder,1,1,1,2.5
3167,Siegler-Brewer-Carey syndrome,Disorder,0,1,1,1.0
3168,Sillence syndrome,Disorder,0,1,1,2.5
3169,Sirenomelia,Disorder,0,1,1,1.3973157894736843
3172,Eyebrow duplication-syndactyly syndrome,Disorder,0,1,1,1.5
3173,Infantile spasms-broad thumbs syndrome,Disorder,0,1,1,1.0
3175,X-linked spasticity-intellectual disability-epilepsy syndrome,Disorder,1,1,1,3.0
3176,Spina bifida-hypospadias syndrome,Disorder,0,1,1,6.1
3177,Spinocerebellar degeneration-corneal dystrophy syndrome,Disorder,0,1,1,1.0
3180,Spondylocamptodactyly syndrome,Disorder,0,1,1,2.5
3181,Sprengel deformity,Disorder,0,1,1,0.0
3184,Steatocystoma multiplex-natal teeth syndrome,Disorder,0,1,1,0.0
3185,NON RARE IN EUROPE: Polycystic ovary syndrome,Disorder,0,0,0,
3186,Holoprosencephaly-radial heart renal anomalies syndrome,Disorder,0,1,1,2.0
3188,Congenital pulmonary veins atresia or stenosis,Group of disorders,0,1,1,0.0
3189,Congenital pulmonary valvar stenosis,Disorder,0,1,1,30.865
3190,Subpulmonary stenosis,Subtype of disorder,0,0,0,
3191,Subaortic stenosis-short stature syndrome,Disorder,0,1,1,0.5
3192,Supravalvular pulmonary stenosis,Subtype of disorder,0,0,0,
3193,Supravalvular aortic stenosis,Disorder,1,1,1,8.65
3194,Corneodermatoosseous syndrome,Disorder,0,1,1,3.5
3195,Sternal malformation-vascular dysplasia syndrome,Disorder,0,0,0,
3196,Steroid dehydrogenase deficiency-dental anomalies syndrome,Disorder,0,1,1,0.5
3197,Hereditary hyperekplexia,Disorder,5,1,1,75.0
3198,Stiff person spectrum disorder,Disorder,0,1,1,0.08
3199,Stimmler syndrome,Disorder,0,1,1,1.0
3200,Arthrogryposis-ectodermal dysplasia syndrome,Disorder,0,1,1,1.0
3201,Ventricular extrasystoles with syncopal episodes-perodactyly-Robin sequence syndrome,Disorder,0,1,1,0.0
3202,Dehydrated hereditary stomatocytosis,Disorder,3,1,1,5.2
3203,Overhydrated hereditary stomatocytosis,Disorder,1,1,1,10.0
3204,Stormorken-Sjaastad-Langslet syndrome,Disorder,2,1,1,8.5
3205,Sturge-Weber syndrome,Disorder,1,1,1,1.75
3206,Stüve-Wiedemann syndrome,Disorder,1,1,1,25.333333333333332
3207,White matter hypoplasia-corpus callosum agenesis-intellectual disability syndrome,Disorder,0,1,1,2.0
3208,Isolated succinate-CoQ reductase deficiency,Disorder,4,1,1,18.5
3210,Summitt syndrome,Disorder,0,0,0,
3212,Autosomal dominant optic atrophy and congenital deafness,Disorder,0,0,0,
3213,Deafness-opticoacoustic nerve atrophy-dementia syndrome,Disorder,0,0,0,
3214,"Deaf blind hypopigmentation syndrome, Yemenite type",Disorder,0,1,1,1.0
3215,OBSOLETE: Deafness-white hair-contractures-papillomas syndrome,Disorder,0,0,0,
3216,Conductive deafness-malformed external ear syndrome,Disorder,0,1,1,4.0
3217,Deafness-small bowel diverticulosis-neuropathy syndrome,Disorder,0,1,1,2.5
3218,Deafness-epiphyseal dysplasia-short stature syndrome,Disorder,0,1,1,1.0
3219,Fountain syndrome,Disorder,0,1,1,4.0
3220,Deafness-enamel hypoplasia-nail defects syndrome,Disorder,2,1,1,7.5
3221,Generalized resistance to thyroid hormone,Disorder,0,0,0,
3222,Phosphoribosylpyrophosphate synthetase superactivity,Disorder,0,1,1,15.0
3224,Deafness-genital anomalies-metacarpal and metatarsal synostosis syndrome,Disorder,0,1,1,1.0
3225,Hearing loss-familial salivary gland insensitivity to aldosterone syndrome,Disorder,0,1,1,1.0
3226,Deafness-lymphedema-leukemia syndrome,Disorder,0,0,0,
3228,OBSOLETE: Neurosensory deafness-pituitary dwarfism syndrome,Disorder,0,0,0,
3229,OBSOLETE: Deafness-peripheral neuropathy-arterial disease syndrome,Disorder,0,0,0,
3230,Deafness-oligodontia syndrome,Disorder,0,1,1,2.5
3231,Deafness-onychodystrophy syndrome,Group of disorders,0,1,1,25.0
3232,Deafness-ear malformation-facial palsy syndrome,Disorder,0,1,1,2.0
3233,Cochleosaccular degeneration-cataract syndrome,Disorder,0,1,1,1.0
3235,Progressive deafness with stapes fixation,Disorder,0,1,1,0.0
3236,Conductive deafness-ptosis-skeletal anomalies syndrome,Disorder,0,1,1,1.5
3237,Multiple synostoses syndrome,Disorder,4,1,1,15.0
3238,Cardiospondylocarpofacial syndrome,Disorder,1,1,1,2.5
3239,Deafness-vitiligo-achalasia syndrome,Disorder,0,1,1,1.0
3240,Early-onset progressive leukoencephalopathy-central nervous system calcification-deafness-visual impairment syndrome,Disorder,1,1,1,1.0
3241,Deafness-craniofacial syndrome,Disorder,0,1,1,1.0
3242,Renpenning syndrome,Disorder,0,1,1,32.0
3243,Sweet syndrome,Disorder,2,1,1,0.0
3246,Symphalangism with multiple anomalies of hands and feet,Disorder,0,1,1,3.0
3248,Isolated distal symphalangism,Disorder,0,1,1,4.0
3250,Proximal symphalangism,Disorder,2,1,1,0.0
3253,Cleft lip/palate-ectodermal dysplasia syndrome,Disorder,1,1,1,25.0
3255,Filippi syndrome,Disorder,1,1,1,14.5
3258,Cenani-Lenz syndrome,Disorder,2,1,1,15.0
3259,Syndactyly-polydactyly-ear lobe syndrome,Disorder,0,1,1,5.0
3260,Idiopathic hypereosinophilic syndrome,Disorder,0,1,1,0.0
3261,Autoimmune lymphoproliferative syndrome,Disorder,3,1,1,250.0
3262,Dobrow syndrome,Disorder,0,1,1,1.0
3263,Syngnathia-cleft palate syndrome,Disorder,0,1,1,
3265,Isolated humero-radial synostosis,Disorder,0,1,1,75.0
3266,Isolated humero-radio-ulnar synostosis,Disorder,0,1,1,15.0
3267,OBSOLETE: Familial lambdoid synostosis,Disorder,0,0,0,
3268,Radioulnar synostosis-microcephaly-scoliosis syndrome,Disorder,0,1,1,6.5
3269,Isolated radio-ulnar synostosis,Disorder,0,1,1,175.0
3270,Radioulnar synostosis-developmental delay-hypotonia syndrome,Disorder,0,1,1,2.0
3271,Radio-ulnar synostosis-retinal pigment abnormalities syndrome,Disorder,0,0,0,
3273,Synovial sarcoma,Disorder,3,1,1,0.0
3274,Granulomatous arthritis of childhood,Disorder,0,0,0,
3275,Spondylocarpotarsal synostosis,Disorder,2,1,1,17.5
3276,Disorder of plasmalogens biosynthesis,Group of disorders,0,0,0,
3280,Syringomyelia,Group of disorders,0,1,1,7.188
3282,Multifocal atrial tachycardia,Disorder,0,1,1,0.335
3283,His bundle tachycardia,Disorder,0,1,1,0.0
3284,OBSOLETE: Tachycardia-hypertension-microphthalmos-hyperglycinuria syndrome,Disorder,0,0,0,
3286,Catecholaminergic polymorphic ventricular tachycardia,Disorder,7,1,1,10.0
3287,Takayasu arteritis,Disorder,3,1,1,0.7145714285714286
3289,NON RARE IN EUROPE: Taurodontism,Disorder,0,0,0,
3291,Teebi-Shaltout syndrome,Disorder,0,1,1,2.5
3292,Tel Hashomer camptodactyly syndrome,Disorder,0,1,1,0.0
3293,Telecanthus-hypertelorism-strabismus-pes cavus syndrome,Disorder,0,1,1,1.0
3294,Extensor tendons of finger anomalies,Disorder,0,1,1,1.0
3299,Tetanus,Disorder,0,1,1,0.027583333333333335
3301,Tetraamelia-multiple malformations syndrome,Disorder,3,1,1,2.5
3303,Tetralogy of Fallot,Disorder,13,1,1,27.543999999999997
3304,Fallot complex-intellectual disability-growth delay syndrome,Disorder,0,1,1,2.5
3305,Tetraploidy syndrome,Disorder,0,1,1,6.0
3306,Inverted duplicated chromosome 15 syndrome,Disorder,0,1,1,1.665
3307,Tetrasomy 18p syndrome,Disorder,0,1,1,0.0
3309,Tetrasomy 5p syndrome,Disorder,0,1,1,0.0
3310,Tetrasomy 9p syndrome,Disorder,0,1,1,35.0
3311,OBSOLETE: Infantile symmetrical thalamic degeneration,Disorder,0,0,0,
3312,Thalidomide embryopathy,Disorder,0,1,1,0.77
3313,OBSOLETE: Intellectual disability-microcephaly-unusual facies syndrome,Disorder,0,0,0,
3314,"Thiemann disease, familial form",Disorder,0,1,1,16.5
3316,Thomas syndrome,Disorder,0,1,1,3.0
3317,Thoracolaryngopelvic dysplasia,Disorder,0,1,1,5.0
3318,Essential thrombocythemia,Disorder,6,1,1,11.206
3319,Congenital amegakaryocytic thrombocytopenia,Disorder,2,1,1,33.38333333333333
3320,Thrombocytopenia-absent radius syndrome,Disorder,1,1,1,0.25
3322,Hoyeraal-Hreidarsson syndrome,Disorder,6,1,1,16.5
3323,Braddock-Carey syndrome,Disorder,0,0,0,
3324,Familial thrombomodulin anomalies,Disorder,0,0,0,
3325,Classic heparin-induced thrombocytopenia,Disorder,0,1,1,0.0
3326,Thymic-renal-anal-lung dysplasia,Disorder,0,1,1,1.5
3327,Thyrocerebrorenal syndrome,Disorder,0,1,1,1.0
3328,Absent tibia-polydactyly-arachnoid cyst syndrome,Disorder,0,1,1,1.5
3329,Tibial aplasia-ectrodactyly syndrome,Disorder,1,1,1,0.1
3331,OBSOLETE: Bowed tibiae-radial anomalies-osteopenia-fractures syndrome,Disorder,0,0,0,
3332,Hypoplastic tibiae-postaxial polydactyly syndrome,Disorder,0,0,0,
3333,"Connective tissue dysplasia, Spellacy type",Disorder,0,0,0,
3336,TomÚ-Brunet-Fardeau syndrome,Disorder,0,0,0,
3337,Primary Fanconi renotubular syndrome,Disorder,4,1,1,0.0
3338,Toriello-Carey syndrome,Disorder,1,1,1,29.5
3339,Oculoectodermal syndrome,Disorder,1,1,1,9.5
3340,OBSOLETE: Torres-Aybar syndrome,Disorder,0,0,0,
3341,Torticollis-keloids-cryptorchidism-renal dysplasia syndrome,Disorder,0,1,1,3.5
3342,Arterial tortuosity syndrome,Disorder,1,1,1,51.0
3343,Toxocariasis,Disorder,0,1,1,1.65
3344,Weismann-Netter syndrome,Disorder,0,1,1,50.0
3346,Tracheal agenesis,Disorder,0,1,1,1.0
3347,Mounier-Kühn syndrome,Disorder,0,1,1,150.0
3348,Tracheobronchopathia osteochondroplastica,Disorder,0,1,1,200.0
3349,Treft-Sanborn-Carey syndrome,Disorder,0,0,0,
3350,Tremor-nystagmus-duodenal ulcer syndrome,Disorder,0,1,1,8.5
3351,Trichodental syndrome,Disorder,0,1,1,2.5
3352,Tricho-dento-osseous syndrome,Disorder,1,1,1,15.0
3353,Trichodermodysplasia-dental alterations syndrome,Disorder,0,1,1,1.5
3354,OBSOLETE: Tricho-oculo-dermo-vertebral syndrome,Disorder,0,0,0,
3355,Trichoodontoonychial dysplasia,Disorder,0,1,1,2.0
3357,OBSOLETE: Autosomal dominant trichoodontoonychodysplasia-syndactyly,Disorder,0,0,0,
3360,OBSOLETE: Trichodermal syndrome-intellectual disability syndrome,Disorder,0,0,0,
3361,Trichodysplasia-xeroderma syndrome,Disorder,0,1,1,0.5
3362,OBSOLETE: Trichomegaly-cataract-hereditary spherocytosis syndrome,Disorder,0,0,0,
3363,Trichomegaly-retina pigmentary degeneration-dwarfism syndrome,Disorder,1,1,1,7.0
3365,Trigonocephaly-broad thumbs syndrome,Disorder,0,1,1,1.0
3366,Non-syndromic metopic craniosynostosis,Disorder,2,1,1,8.49895
3368,Trigonocephaly-bifid nose-acral anomalies syndrome,Disorder,0,1,1,1.0
3369,Trigonocephaly-short stature-developmental delay syndrome,Disorder,0,1,1,1.5
3374,Unilateral ocular duplication,Disorder,0,1,1,0.0
3375,Trisomy X syndrome,Disorder,0,1,1,42.5
3376,Triploidy syndrome,Disorder,0,1,1,6.3
3377,Trismus-pseudocamptodactyly syndrome,Disorder,1,1,1,0.0
3378,Trisomy 13 syndrome,Disorder,0,1,1,7.190476190476191
3379,Distal duplication 17q syndrome,Disorder,0,1,1,
3380,Trisomy 18 syndrome,Disorder,0,1,1,13.0
3383,Humerus trochlea aplasia,Disorder,0,1,1,2.5
3384,Common arterial trunk,Disorder,2,1,1,5.14375
3385,African trypanosomiasis,Disorder,0,1,1,0.0
3386,American trypanosomiasis,Disorder,0,1,1,8.636363636363637
3387,Isolated anterior cervical hypertrichosis,Disorder,0,1,1,10.0
3388,Neural tube defect,Group of disorders,0,0,0,141.65652173913043
3389,Tuberculosis,Group of disorders,1,1,1,56.67999999999999
3390,Proximal tubulopathy-diabetes mellitus-cerebellar ataxia syndrome,Disorder,0,0,0,
3391,Odonto-onycho-hypohidrotic dysplasia-midline scalp defects syndrome,Disorder,0,0,0,
3392,Tularemia,Disorder,0,1,1,0.8273076923076922
3394,Soft tissue sarcoma,Group of disorders,0,0,0,12.780000000000001
3398,Thymic epithelial neoplasm,Group of disorders,0,1,1,0.49
3399,Germ cell tumor,Group of disorders,0,0,0,0.0
3400,Aorto-ventricular tunnel,Disorder,0,1,1,65.0
3402,Transient tyrosinemia of the newborn,Disorder,0,1,1,
3403,Uhl anomaly,Disorder,0,1,1,28.333333333333332
3404,Ulbright-Hodes syndrome,Disorder,0,1,1,1.5
3405,Umbilical cord ulceration-intestinal atresia syndrome,Disorder,0,1,1,33.0
3406,Ulerythema ophryogenesis,Disorder,0,1,1,0.0
3408,Upington disease,Disorder,0,1,1,0.5
3409,Urban-Rogers-Meyer syndrome,Disorder,0,1,1,1.5
3411,Double uterus-hemivagina-renal agenesis syndrome,Disorder,0,1,1,30.0
3412,VACTERL with hydrocephalus,Disorder,1,1,1,5.0
3416,Hyperostosis corticalis generalisata,Disorder,2,1,1,17.5
3417,OBSOLETE: Van den Bosch syndrome,Disorder,0,0,0,
3419,OBSOLETE: Van Regemorter-Pierquin-Vamos syndrome,Disorder,0,0,0,
3421,Cerebroretinal vasculopathy,Disorder,0,0,0,
3423,Vasquez-Hurst-Sotos syndrome,Disorder,0,0,0,
3424,Velo-facial-skeletal syndrome,Disorder,0,1,1,1.0
3426,Double outlet right ventricle,Disorder,0,1,1,5.0
3427,Double outlet left ventricle,Disorder,0,1,1,0.25
3429,Verloove Vanhorick-Brubakk syndrome,Disorder,0,1,1,1.0
3433,Microcephaly-brachydactyly-kyphoscoliosis syndrome,Disorder,0,1,1,1.5
3434,MMEP syndrome,Disorder,0,1,1,0.0
3435,NON RARE IN EUROPE: Vitiligo,Disorder,0,0,0,
3437,Vogt-Koyanagi-Harada disease,Disorder,3,1,1,0.19000000000000003
3438,Biliary tract malformation-renal failure syndrome,Disorder,0,0,0,
3439,Von Voss-Cherstvoy syndrome,Disorder,0,1,1,5.0
3440,Waardenburg syndrome,Disorder,0,1,1,0.9019999999999999
3444,Watson syndrome,Disorder,0,0,0,
3446,Weaver-like syndrome,Disorder,0,0,0,
3447,Weaver syndrome,Disorder,3,1,1,24.0
3448,Weaver-Williams syndrome,Disorder,0,1,1,1.0
3449,Weill-Marchesani syndrome,Disorder,4,1,1,1.0
3450,Weissenbacher-Zweymuller syndrome,Disorder,0,0,0,
3451,West syndrome,Disorder,0,0,0,
3452,Whipple disease,Disorder,1,1,1,0.3175
3453,Autoimmune polyendocrinopathy type 1,Disorder,1,1,1,1.5
3454,Wieacker-Wolff syndrome,Disorder,1,1,1,2.5
3455,Wiedemann-Rautenstrauch syndrome,Disorder,1,1,1,18.5
3456,Wildervanck syndrome,Disorder,0,1,1,0.0
3459,Wilson-Turner syndrome,Disorder,2,1,1,14.0
3460,Torg-Winchester syndrome,Subtype of disorder,0,0,0,
3463,Wolfram syndrome,Disorder,2,1,1,0.49333333333333335
3464,Woodhouse-Sakati syndrome,Disorder,0,1,1,12.5
3465,Worster-Drought syndrome,Disorder,0,1,1,3.7
3466,WT limb-blood syndrome,Disorder,0,1,1,1.5
3467,Hereditary xanthinuria,Disorder,0,1,1,53.01666666666667
3469,XK aprosencephaly syndrome,Disorder,0,1,1,5.0
3471,Young syndrome,Disorder,0,1,1,0.0
3472,Yunis-Varon syndrome,Disorder,2,1,1,12.5
3473,Zimmermann-Laband syndrome,Disorder,3,1,1,26.0
3474,CHIME syndrome,Disorder,1,1,1,4.0
25968,Self-limited childhood occipital epilepsy,Disorder,0,1,1,0.0
25980,X-linked myopathy with excessive autophagy,Disorder,1,1,1,18.0
26106,Hereditary diffuse gastric cancer,Disorder,3,1,1,0.75
26137,Juvenile temporal arteritis,Disorder,0,1,1,10.0
26348,Acquired prothrombin deficiency,Disorder,0,0,0,
26349,Protein S acquired deficiency,Disorder,0,1,1,
26790,Pseudomyxoma peritonei,Disorder,0,1,1,0.575
26791,Multiple acyl-CoA dehydrogenase deficiency,Disorder,0,1,1,0.4925
26792,Short chain acyl-CoA dehydrogenase deficiency,Disorder,1,1,1,1.0
26793,Very long chain acyl-CoA dehydrogenase deficiency,Disorder,1,1,1,2.007142857142857
26823,NON RARE IN EUROPE: Pigment-dispersion syndrome,Disorder,0,0,0,
28378,Tyrosinemia type 2,Disorder,1,1,1,75.0
28455,OBSOLETE: Pancreatic beta cell agenesis with neonatal diabetes mellitus,Disorder,0,0,0,
29072,Hereditary pheochromocytoma-paraganglioma,Disorder,15,1,1,0.15
29073,Multiple myeloma,Disorder,1,1,1,5.633333333333334
29207,Reactive arthritis,Disorder,1,1,1,0.0
29822,Spontaneous periodic hypothermia,Disorder,0,1,1,25.0
30391,Isolated biliary atresia,Disorder,0,1,1,8.777777777777779
30924,Primary hypomagnesemia with secondary hypocalcemia,Disorder,1,1,1,50.0
30925,Hereditary arginine vasopressin deficiency,Subtype of disorder,1,1,1,0.0
31043,Primary hypomagnesemia with hypercalciuria and nephrocalcinosis without severe ocular involvement,Subtype of disorder,1,1,1,55.0
31112,Dermatofibrosarcoma protuberans,Disorder,2,1,1,10.0
31142,NON RARE IN EUROPE: Oral erosive lichen,Disorder,0,0,0,
31150,Tangier disease,Disorder,1,1,1,92.5
31153,Hypoalphalipoproteinemia,Group of disorders,0,0,0,
31154,Hypobetalipoproteinemia,Group of disorders,0,0,0,
31202,Melioidosis,Disorder,0,1,1,33.333333333333336
31204,Nocardiosis,Disorder,0,1,1,0.3
31205,Rat-bite fever,Disorder,0,1,1,0.0
31709,Infantile convulsions and choreoathetosis,Disorder,0,0,0,
31740,Hypersensitivity pneumonitis,Disorder,0,1,1,0.0
31824,Colchicine poisoning,Disorder,0,1,1,0.1
31825,Methanol poisoning,Disorder,0,1,1,0.0
31826,Ethylene glycol poisoning,Disorder,0,1,1,0.0
31827,Paraquat poisoning,Disorder,0,1,1,0.0
31828,Digitalis poisoning,Disorder,0,1,1,0.0
31837,Pulmonary venoocclusive disease,Disorder,2,1,1,0.01
32960,Tumor necrosis factor receptor 1 associated periodic syndrome,Disorder,1,1,1,0.05
33001,Lymphedema-distichiasis syndrome,Disorder,1,1,1,0.0
33067,"Metaphyseal chondrodysplasia, Jansen type",Disorder,1,1,1,8.0
33069,Dravet syndrome,Disorder,7,1,1,1.65
33108,Lethal multiple pterygium syndrome,Disorder,6,1,1,14.0
33110,Autosomal non-syndromic agammaglobulinemia,Subtype of disorder,10,1,1,50.0
33111,Granulomatous slack skin,Disorder,0,1,1,25.0
33208,Idiopathic hypersomnia,Disorder,0,1,1,15.0
33226,Waldenström macroglobulinemia,Disorder,1,1,1,0.5857142857142856
33271,NON RARE IN EUROPE: Non-alcoholic fatty liver disease,Disorder,0,0,0,
33276,Kaposi sarcoma,Disorder,0,1,1,0.3368461538461538
33314,Jessner lymphocytic infiltration of the skin,Disorder,0,1,1,0.0
33355,Reticular dysgenesis,Disorder,1,1,1,0.015
33364,Trichothiodystrophy,Disorder,9,1,1,67.03999999999999
33402,Pediatric hepatocellular carcinoma,Disorder,2,1,1,0.049999999999999996
33408,Bullous lichen planus,Disorder,0,1,1,0.0
33409,NON RARE IN EUROPE: Lichen sclerosus,Disorder,0,0,0,
33445,Neuroectodermal melanolysosomal disease,Disorder,1,1,1,10.0
33475,Meningococcal meningitis,Disorder,0,1,1,1.45
33543,Kleine-Levin syndrome,Disorder,1,1,1,0.09
33572,"5-oxoprolinase deficiency",Disorder,1,1,1,4.0
33573,Gamma-glutamyl transpeptidase deficiency,Disorder,1,1,1,3.5
33574,Glutamate-cysteine ligase deficiency,Disorder,1,1,1,5.0
33577,Nodular non-suppurative panniculitis,Disorder,0,1,1,0.0
34145,Immunoglobulin A nephropathy,Disorder,0,0,0,
34149,Autosomal dominant tubulointerstitial kidney disease,Disorder,0,1,1,
34217,Naxos disease,Disorder,1,1,1,0.0
34412,NON RARE IN EUROPE: HAIR-AN syndrome,Disorder,0,0,0,
34514,Telethonin-related limb-girdle muscular dystrophy R7,Disorder,1,1,1,8.0
34515,FKRP-related limb-girdle muscular dystrophy R9,Disorder,1,1,1,0.7600000000000001
34516,DNAJB6-related limb-girdle muscular dystrophy D1,Disorder,1,1,1,3.0
34517,Autosomal dominant limb-girdle muscular dystrophy type 1E,Disorder,0,0,0,
34520,Congenital muscular dystrophy with integrin alpha-7 deficiency,Disorder,1,1,1,0.03
34521,Distal myopathy with early respiratory muscle involvement,Disorder,0,0,0,
34526,OBSOLETE: Genetic primary hypomagnesemia,Group of disorders,0,0,0,
34527,OBSOLETE: Familial primary hypomagnesemia with normocalciuria and normocalcemia,Disorder,0,0,0,
34528,Autosomal dominant primary hypomagnesemia with hypocalciuria,Disorder,1,1,1,14.0
34533,Corneal dystrophy,Group of disorders,0,1,1,55.0
34587,Danon disease,Disorder,1,1,1,28.016666666666666
34592,Immunodeficiency by defective expression of MHC class I,Disorder,4,1,1,15.0
35056,NON RARE IN EUROPE: Trimethylaminuria,Disorder,0,0,0,
35061,OBSOLETE: Idiopathic recurrent and disabling cutaneous herpes,Disorder,0,0,0,
35062,Severe disseminated cytomegalovirus infection in immunocompetent patients,Disorder,0,1,1,0.0
35063,Fulminant viral hepatitis,Disorder,0,0,0,
35064,OBSOLETE: Lethal idiopathic viral infection,Disorder,0,0,0,
35065,OBSOLETE: Idiopathic severe pneumococcemia,Disorder,0,0,0,
35066,NON RARE IN EUROPE: Idiopathic cutaneous and mucosal candidosis,Disorder,0,0,0,
35069,Infantile neuroaxonal dystrophy,Disorder,1,1,1,75.0
35078,T-B+ severe combined immunodeficiency due to JAK3 deficiency,Disorder,1,1,1,0.0
35093,Non-syndromic sagittal craniosynostosis,Disorder,2,1,1,20.7
35098,OBSOLETE: Isolated plagiocephaly,Disorder,0,0,0,
35099,Non-syndromic bicoronal craniosynostosis,Disorder,4,1,1,
35107,Desmosterolosis,Disorder,1,1,1,5.0
35120,Hemolytic anemia due to pyrimidine 5' nucleotidase deficiency,Disorder,1,1,1,
35121,Lysosomal acid phosphatase deficiency,Disorder,0,1,1,0.0
35122,Congenital sucrase-isomaltase deficiency,Disorder,1,1,1,20.0
35123,OBSOLETE: Short chain 3-hydroxyacyl-CoA dehydrogenase deficiency,Disorder,0,0,0,
35125,Epidermal nevus syndrome,Disorder,0,1,1,200.0
35173,X-linked dominant chondrodysplasia punctata,Disorder,1,1,1,0.125
35612,Nanophthalmos,Disorder,10,1,1,0.0
35656,Coenzyme Q10 deficiency,Group of disorders,0,1,1,0.0
35664,ALDH18A1-related De Barsy syndrome,Subtype of disorder,1,1,1,16.0
35686,Serpiginous choroiditis,Disorder,0,0,0,
35687,Erdheim-Chester disease,Disorder,0,1,1,250.0
35688,OBSOLETE: Madelung deformity,Disorder,0,0,0,
35689,Primary lateral sclerosis,Disorder,1,1,1,1.5
35696,Mitochondrial disorder due to a defect in mitochondrial protein synthesis,Group of disorders,0,0,0,
35698,Mitochondrial DNA depletion syndrome,Group of disorders,0,1,1,0.5333333333333333
35701,"3-hydroxy-3-methylglutaryl-CoA synthase deficiency",Disorder,1,1,1,4.5
35704,L-Arginine:glycine amidinotransferase deficiency,Disorder,1,1,1,4.5
35705,Neurometabolic disorder due to serine deficiency,Group of disorders,0,1,1,15.0
35706,Glutaric acidemia type 3,Disorder,1,1,1,0.0
35708,Aromatic L-amino acid decarboxylase deficiency,Disorder,1,1,1,70.0
35710,Glucose-galactose malabsorption,Disorder,1,1,1,0.11
35737,Morning glory disc anomaly,Disorder,1,1,1,0.0
35807,Malignant germ cell tumor of ovary,Group of disorders,0,1,1,0.16696296296296295
35808,Malignant sex cord stromal tumor of ovary,Group of disorders,0,1,1,0.20414814814814816
35858,Imerslund-Gräsbeck syndrome,Disorder,2,1,1,0.375
35878,Hyperinsulinism-hyperammonemia syndrome,Disorder,1,1,1,0.0
35889,Acute opioid intoxication,Disorder,0,1,1,0.0
35909,Combined deficiency of factor V and factor VIII,Disorder,2,1,1,0.75
35981,Polymicrogyria,Group of disorders,0,1,1,0.0
36204,Intestinal lymphangiectasia,Group of disorders,0,1,1,0.0
36205,OBSOLETE: Collagenous colitis,Subtype of disorder,0,0,0,
36234,Bacterial toxic-shock syndrome,Disorder,0,1,1,3.0
36235,Staphylococcal scarlet fever,Disorder,0,1,1,
36236,Staphylococcal scalded skin syndrome,Disorder,0,1,1,0.005
36237,Bullous impetigo,Disorder,0,1,1,0.0
36238,Staphylococcal necrotizing pneumonia,Disorder,0,1,1,0.0
36258,Buerger disease,Disorder,0,1,1,13.0
36273,Gastric linitis plastica,Disorder,0,1,1,0.0
36297,NON RARE IN EUROPE: Anorexia nervosa,Disorder,0,0,0,
36355,Bleeding disorder due to P2Y12 defect,Disorder,1,1,1,7.0
36367,Distal deletion 1q syndrome,Disorder,1,1,1,
36382,OBSOLETE: Familial cervical artery dissection,Disorder,0,0,0,
36383,COL4A1/2-related familial vascular leukoencephalopathy,Disorder,2,1,1,
36386,Hereditary sensory and autonomic neuropathy type 1,Disorder,4,1,1,0.0
36387,Genetic epilepsy with febrile seizure plus,Disorder,13,1,1,0.0
36388,Paraneoplastic neurologic syndrome,Group of disorders,0,1,1,0.0
36397,Adiposis dolorosa,Disorder,0,1,1,0.0
36412,Hypocomplementemic urticarial vasculitis,Disorder,1,1,1,0.0
36414,OBSOLETE: Brain stem tumor,Group of disorders,0,0,0,
36426,Stevens-Johnson syndrome,Subtype of disorder,2,1,1,0.18
36899,Myoclonus-dystonia syndrome,Disorder,5,1,1,0.0
36913,Autoimmune hypoparathyroidism,Disorder,0,1,1,0.009
37042,Immune dysregulation-polyendocrinopathy-enteropathy-X-linked syndrome,Disorder,1,1,1,97.5
37202,Interstitial cystitis,Disorder,0,1,1,10.315
37553,Andersen-Tawil syndrome,Disorder,2,1,1,0.07
37559,Acquired kinky hair syndrome,Disorder,0,0,0,
37612,Episodic ataxia type 1,Disorder,1,1,1,0.0
37629,Neonatal neutropenia,Disorder,0,0,0,
37748,Schnitzler syndrome,Disorder,0,1,1,75.0
38874,Dihydropyrimidinuria,Disorder,1,1,1,0.0
39041,Omenn syndrome,Disorder,10,1,1,12.5
39044,Uveal melanoma,Disorder,5,1,1,1.6325
39812,Graft versus host disease,Disorder,0,1,1,5.0
40050,NON RARE IN EUROPE: Psoriatic arthritis,Disorder,0,0,0,
40366,Acitretin/etretinate embryopathy,Disorder,0,1,1,13.0
40923,Eales disease,Disorder,0,1,1,0.0
41751,Bietti crystalline dystrophy,Disorder,1,1,1,0.0
41842,NON RARE IN EUROPE: Fibromyalgia,Disorder,0,0,0,
42062,Iminoglycinuria,Disorder,4,1,1,6.675
42642,PFAPA syndrome,Disorder,0,1,1,250.0
42665,Tietz syndrome,Disorder,1,1,1,1.0
42738,Severe congenital neutropenia,Group of disorders,0,1,1,3.530875
42775,PHACE syndrome,Disorder,0,1,1,150.0
43115,Hereditary myopathy with lactic acidosis due to ISCU deficiency,Disorder,1,1,1,9.5
43116,Serotonin syndrome,Disorder,0,1,1,0.0
43117,Acute tricyclic antidepressant poisoning,Disorder,0,1,1,0.0
43119,Acute poisoning by drugs with membrane-stabilizing effect,Disorder,0,1,1,0.0
43393,Lambert-Eaton myasthenic syndrome,Disorder,0,1,1,0.47
44890,Gastrointestinal stromal tumor,Disorder,5,1,1,5.9525
45358,Congenital fibrosis of extraocular muscles,Disorder,6,1,1,0.215
45360,NON RARE IN EUROPE: Menière disease,Disorder,0,0,0,
45448,Miyoshi myopathy,Disorder,1,1,1,0.16
45452,Idiopathic neonatal atrial flutter,Disorder,0,1,1,1.2
45453,Incessant infant ventricular tachycardia,Disorder,0,1,1,0.45
46059,Lathosterolosis,Disorder,1,1,1,2.0
46135,Primary central nervous system lymphoma,Disorder,0,1,1,0.35
46348,Paroxysmal extreme pain disorder,Disorder,3,1,1,2.0
46484,Oligodendroglial tumor,Group of disorders,0,1,1,0.19666666666666666
46485,Superficial pemphigus,Group of disorders,0,1,1,1.2
46486,Mucous membrane pemphigoid,Disorder,0,1,1,0.6965
46487,Epidermolysis bullosa acquisita,Disorder,0,1,1,0.06314285714285714
46488,Linear IgA dermatosis,Disorder,0,1,1,0.13
46489,OBSOLETE: Bullous systemic lupus erythematosus,Disorder,0,0,0,
46532,Hereditary persistence of fetal hemoglobin-beta-thalassemia syndrome,Disorder,4,1,1,0.0
46627,Char syndrome,Disorder,1,1,1,54.5
46658,Primordial short stature-microdontia-opalescent and rootless teeth syndrome,Disorder,0,0,0,
46724,Brain arteriovenous malformation,Disorder,0,1,1,6.0
47044,Hereditary papillary renal cell carcinoma,Disorder,1,1,1,
47045,Familial cold urticaria,Disorder,1,1,1,0.0
47159,Proximal renal tubular acidosis,Disorder,0,1,1,0.0
47612,Felty syndrome,Disorder,0,1,1,0.0
48104,Pyoderma gangrenosum,Disorder,0,1,1,0.5828333333333333
48162,Lewis-Sumner syndrome,Subtype of disorder,0,1,1,0.9
48372,Nodular regenerative hyperplasia of the liver,Subtype of disorder,0,1,1,1.1466666666666667
48377,Subcorneal pustular dermatosis,Disorder,0,1,1,100.0
48431,Congenital cataracts-facial dysmorphism-neuropathy syndrome,Disorder,1,1,1,85.0
48435,Postinfectious vasculitis,Disorder,0,1,1,0.0
48471,Lissencephaly,Group of disorders,0,1,1,
48652,Phelan-McDermid syndrome,Disorder,0,1,1,100.0
48686,Primary effusion lymphoma,Disorder,0,1,1,100.0
48736,Embryonal carcinoma of the central nervous system,Subtype of disorder,0,0,0,
48818,Aceruloplasminemia,Disorder,1,1,1,0.095
48918,Focal myositis,Disorder,0,1,1,57.5
49041,IgG4-related retroperitoneal fibrosis,Subtype of disorder,0,1,1,0.11666666666666665
49042,Dentinogenesis imperfecta,Disorder,0,1,1,14.5
49382,Achromatopsia,Disorder,7,1,1,2.7
49566,Acquired purpura fulminans,Disorder,0,1,1,0.0
49804,Lichen amyloidosis,Disorder,0,1,1,
49827,Thiamine-responsive megaloblastic anemia syndrome,Disorder,1,1,1,40.0
50251,Pleural mesothelioma,Disorder,1,1,1,1.5050000000000001
50809,Talo-patello-scaphoid osteolysis,Disorder,0,1,1,1.0
50810,Microlissencephaly-micromelia syndrome,Disorder,0,1,1,1.0
50811,Lipodystrophy-intellectual disability-deafness syndrome,Disorder,0,1,1,1.5
50812,Zellweger-like syndrome without peroxisomal anomalies,Disorder,0,1,1,1.0
50814,Craniolenticulosutural dysplasia,Disorder,1,1,1,14.0
50815,Branchiogenic deafness syndrome,Disorder,0,1,1,2.5
50816,Spondylometaphyseal dysplasia with combined immunodeficiency,Disorder,0,0,0,
50817,Duane anomaly-myopathy-scoliosis syndrome,Disorder,0,0,0,
50838,NON RARE IN EUROPE: Carpal tunnel syndrome,Disorder,0,0,0,
50839,Cat-scratch disease,Disorder,0,1,1,6.6
50918,Kikuchi-Fujimoto disease,Disorder,0,1,1,350.75933333333336
50920,OBSOLETE: Multiple fibroadenoma of the breast,Disorder,0,0,0,
50942,Striate palmoplantar keratoderma,Disorder,3,1,1,
50943,Keratolytic winter erythema,Disorder,1,1,1,
50944,Schöpf-Schulz-Passarge syndrome,Disorder,1,1,1,12.5
50945,Blomstrand lethal chondrodysplasia,Disorder,1,1,1,6.5
51013,OBSOLETE: Melanoma-pancreatic cancer syndrome,Disorder,0,0,0,
51083,Congenital short QT syndrome,Disorder,5,1,1,40.0
51084,Torsade-de-pointes syndrome with short coupling interval,Disorder,0,0,0,
51188,Ethylmalonic encephalopathy,Disorder,1,1,1,40.0
51208,Formiminoglutamic aciduria,Disorder,1,1,1,0.0
51577,Cobblestone lissencephaly,Group of disorders,0,1,1,0.5
51608,Generalized arterial calcification of infancy,Disorder,2,1,1,150.15
51636,WHIM syndrome,Disorder,1,1,1,21.674333333333333
51890,Anterior cutaneous nerve entrapment syndrome,Disorder,0,1,1,27.8
52022,Potocki-Shaffer syndrome,Disorder,3,1,1,20.0
52047,Braddock syndrome,Disorder,0,1,1,1.0
52054,Craniosynostosis-intracranial calcifications syndrome,Disorder,0,1,1,1.5
52055,Corpus callosum agenesis-intellectual disability-coloboma-micrognathia syndrome,Disorder,1,1,1,1.0
52056,Ulnar/fibula ray defect-brachydactyly syndrome,Disorder,0,1,1,0.5
52183,Premature chromosome condensation with microcephaly and intellectual disability,Disorder,0,0,0,
52368,Mohr-Tranebjaerg syndrome,Disorder,1,1,1,45.5
52416,Mantle cell lymphoma,Disorder,3,1,1,1.7833333333333334
52417,MALT lymphoma,Disorder,5,1,1,1.9633333333333334
52427,Retinitis punctata albescens,Disorder,4,1,1,0.15
52428,Congenital muscular dystrophy type 1C,Disorder,0,0,0,
52429,Branchiootic syndrome,Disorder,2,1,1,
52430,Inclusion body myopathy with Paget disease of bone and frontotemporal dementia,Disorder,3,1,1,13.0
52503,X-linked creatine transporter deficiency,Disorder,1,1,1,75.0
52530,Pseudo-von Willebrand disease,Disorder,1,1,1,30.0
52662,Rare teratologic disease,Group of disorders,0,0,0,
52688,Myelodysplastic syndrome,Group of disorders,1,1,1,4.807058823529411
52759,Vasculitis,Group of disorders,0,0,0,6.3
52901,Isolated follicle stimulating hormone deficiency,Disorder,1,1,1,0.0
52994,Orbital leiomyoma,Disorder,0,1,1,13.0
53035,Caroli disease,Disorder,1,1,1,0.05
53271,Muenke syndrome,Disorder,1,1,1,1.8766666666666667
53296,Familial cutaneous collagenoma,Disorder,0,1,1,8.0
53347,Brody myopathy,Disorder,1,1,1,0.0
53351,X-linked dystonia-parkinsonism,Disorder,1,1,1,0.155
53372,Hereditary geniospasm,Disorder,0,1,1,0.0
53540,Goldmann-Favre syndrome,Disorder,1,1,1,25.0
53583,Paroxysmal dystonic choreathetosis with episodic ataxia and spasticity,Disorder,1,1,1,10.0
53689,Congenital chloride diarrhea,Disorder,1,1,1,
53690,Congenital lactase deficiency,Disorder,1,1,1,
53691,Congenital cornea plana,Disorder,1,1,1,
53693,GRACILE syndrome,Disorder,1,1,1,0.6666666666666666
53696,Arthrogryposis-anterior horn cell disease syndrome,Disorder,1,1,1,7.5
53697,Gnathodiaphyseal dysplasia,Disorder,1,1,1,0.0
53698,Myosin storage myopathy,Disorder,0,1,1,
53715,Familial tumoral calcinosis,Disorder,0,1,1,0.0
53719,OBSOLETE: Cerebrofacial arteriovenous metameric syndrome type 2,Subtype of disorder,0,0,0,
53721,Spinal arteriovenous metameric syndrome,Disorder,0,1,1,22.5
53739,Distal hereditary motor neuropathy,Group of disorders,0,0,0,
54028,Plummer-Vinson syndrome,Disorder,0,1,1,12.5
54057,Thrombotic thrombocytopenic purpura,Disorder,0,1,1,0.175
54238,Myotonic dystrophy type 3,Disorder,0,0,0,
54247,Posterior cortical atrophy,Disorder,0,1,1,0.0
54251,Aseptic abscess syndrome,Disorder,0,1,1,24.5
54260,Left ventricular noncompaction,Disorder,15,1,1,
54272,Hepatocellular adenoma,Disorder,0,1,1,0.0
54368,Sarcocystosis,Disorder,0,1,1,0.0
54370,Primary membranoproliferative glomerulonephritis,Disorder,0,1,1,16.0
54595,Craniopharyngioma,Disorder,2,1,1,0.84
55595,TNP03-related limb-girdle muscular dystrophy D2,Disorder,1,1,1,32.0
55596,HNRNPDL-related limb-girdle muscular dystrophy D3,Disorder,1,1,1,1.0
55654,Hypotrichosis simplex,Disorder,7,1,1,19.0
55655,Pneumococcal meningitis,Disorder,0,0,0,
55880,Chondrosarcoma,Disorder,1,1,1,1.2633333333333334
55881,Adamantinoma,Disorder,0,1,1,0.04
56044,Carcinoma of gallbladder and extrahepatic biliary tract,Group of disorders,0,1,1,5.491428571428571
56304,Atelosteogenesis type II,Disorder,1,1,1,12.5
56305,Atelosteogenesis type III,Disorder,1,1,1,12.5
56425,Cold agglutinin disease,Disorder,0,1,1,0.0
56965,Progressive bulbar paralysis of childhood,Disorder,0,0,0,
56970,Human prion disease,Group of disorders,0,1,1,0.22499999999999998
57145,SUNCT syndrome,Disorder,0,1,1,6.7
57146,Rare hepatic disease,Group of disorders,0,0,0,
57194,OBSOLETE: Aseptic osteitis,Disorder,0,0,0,
57196,Medial condensing osteitis of the clavicle,Disorder,0,1,1,29.0
57777,NON RARE IN EUROPE: Cirrhotic cardiomyopathy,Disorder,0,0,0,
57782,Mazabraud syndrome,Disorder,1,1,1,27.0
58017,Classic hairy cell leukemia,Disorder,1,1,1,0.5716666666666668
58040,Osteoblastoma,Disorder,0,0,0,
58208,NON RARE IN EUROPE: Pericarditis,Disorder,0,0,0,
58220,OBSOLETE: Microscopic colitis,Disorder,0,0,0,
59135,Laing distal myopathy,Disorder,1,1,1,0.0
59181,Sorsby fundus dystrophy,Disorder,1,1,1,0.0
59298,Schilder disease,Disorder,0,1,1,0.0
59303,Neonatal ichthyosis-sclerosing cholangitis syndrome,Disorder,1,1,1,6.0
59305,Gestational trophoblastic neoplasm,Group of disorders,0,1,1,0.0
59306,McLeod neuroacanthocytosis syndrome,Disorder,1,1,1,50.0
59315,Rhombencephalosynapsis,Disorder,0,1,1,50.0
60014,Argyria,Disorder,0,1,1,0.0
60015,Enlarged parietal foramina,Disorder,2,1,1,4.0
60025,Pulmonary alveolar microlithiasis,Disorder,1,1,1,0.0
60026,Pulmonary nodular lymphoid hyperplasia,Disorder,0,1,1,0.0
60030,Loeys-Dietz syndrome,Disorder,7,1,1,26.0
60032,Recurrent respiratory papillomatosis,Disorder,0,1,1,1.4466666666666665
60033,Idiopathic bronchiectasis,Disorder,4,1,1,19.933333333333334
60039,Pudendal nerve entrapment syndrome,Disorder,0,1,1,8.335
60040,Megalencephaly-capillary malformation-polymicrogyria syndrome,Disorder,1,1,1,85.0
60041,Congenital heart block,Disorder,0,1,1,2.27
63259,Iniencephaly,Disorder,0,1,1,25.0
63260,Craniorachischisis,Disorder,1,1,1,
63261,HERNS syndrome,Disorder,0,0,0,
63269,Antley-Bixler syndrome with genital anomaly and disorder of steroidogenesis,Subtype of disorder,1,1,1,
63273,FLNC-related handgrip and calf weakness-distal myopathy,Disorder,1,1,1,8.0
63275,Pemphigoid gestationis,Disorder,0,1,1,0.28075
63440,OBSOLETE: Isolated oxycephaly,Disorder,0,0,0,
63442,Angel-shaped phalango-epiphyseal dysplasia,Disorder,1,1,1,10.0
63443,Rare epithelial tumor of stomach,Group of disorders,0,1,1,16.33857142857143
63446,Acrocapitofemoral dysplasia,Disorder,1,1,1,0.0
63454,Pattern dystrophy,Group of disorders,0,1,1,0.0
63455,Paraneoplastic pemphigus,Disorder,0,1,1,0.0
63862,Schisis association,Disorder,0,1,1,0.0
63999,IgG4-related mediastinitis,Subtype of disorder,0,1,1,
64280,Childhood absence epilepsy,Disorder,5,1,1,2.5
64542,"Acrofacial dysostosis, Kennedy-Teebi type",Disorder,0,1,1,1.0
64545,Benign idiopathic neonatal seizures,Disorder,0,0,0,
64686,Tolosa-Hunt syndrome,Disorder,0,1,1,0.05
64692,Bartonella bacilliformis infection,Disorder,0,1,1,
64694,Trench fever,Disorder,0,1,1,0.0
64720,Leiomyosarcoma,Disorder,0,1,1,0.0
64722,Granulomatous mastitis,Disorder,0,1,1,2.4
64734,Iridocorneal endothelial syndrome,Disorder,0,1,1,0.0
64738,NON RARE IN EUROPE: Non rare thrombophilia,Disorder,0,0,0,
64739,Ovarian hyperstimulation syndrome,Disorder,1,1,1,0.0
64740,NON RARE IN EUROPE: Recurrent acute pancreatitis,Disorder,0,0,0,
64741,Pulmonary blastoma,Disorder,0,1,1,43.7515
64742,Pleuropulmonary blastoma,Disorder,0,1,1,0.25
64743,Hepatoportal sclerosis,Subtype of disorder,0,1,1,0.0
64744,IgG4-related thyroid disease,Subtype of disorder,0,1,1,0.53
64745,Pruritic urticarial papules and plaques of pregnancy,Disorder,0,1,1,0.0
64746,Autosomal dominant Charcot-Marie-Tooth disease type 2,Group of disorders,0,1,1,0.0
64747,X-linked Charcot-Marie-Tooth disease,Group of disorders,0,1,1,1.6
64748,Dejerine-Sottas syndrome,Disorder,4,1,1,0.0
64749,Charcot-Marie-Tooth disease type 4,Group of disorders,0,1,1,0.0
64751,Hereditary motor and sensory neuropathy type 5,Disorder,1,1,1,12.5
64752,Hereditary sensory and autonomic neuropathy type 5,Disorder,2,1,1,0.0175
64753,Spinocerebellar ataxia with axonal neuropathy type 2,Disorder,2,1,1,0.11
64754,Nevus comedonicus syndrome,Disorder,1,1,1,0.0
64755,Becker nevus syndrome,Disorder,1,1,1,0.0
65250,NON RARE IN EUROPE: Perineural cyst,Disorder,0,0,0,
65279,OBSOLETE: Lymphocytic colitis,Subtype of disorder,0,0,0,
65282,Carvajal syndrome,Disorder,1,1,1,3.5
65283,Timothy syndrome,Disorder,0,1,1,28.0
65284,Biotin-thiamine-responsive basal ganglia disease,Disorder,1,1,1,24.0
65285,Lhermitte-Duclos disease,Subtype of disorder,1,1,1,110.0
65286,"3q29 microdeletion syndrome",Disorder,0,1,1,0.0
65287,Beta-ureidopropionase deficiency,Disorder,1,1,1,2.5
65288,Permanent neonatal diabetes mellitus-pancreatic and cerebellar agenesis syndrome,Disorder,1,1,1,2.0
65681,Vaginal atresia,Disorder,0,1,1,0.0
65682,Benign recurrent intrahepatic cholestasis,Disorder,0,1,1,0.0
65683,Isolated focal cortical dysplasia,Disorder,0,1,1,0.0
65684,Monomelic amyotrophy,Disorder,2,1,1,0.0
65720,Arthrogryposis-severe scoliosis syndrome,Disorder,0,1,1,1.0
65743,Autosomal dominant multiple pterygium syndrome,Disorder,1,1,1,2.0
65748,Multiple self-healing squamous epithelioma,Disorder,1,1,1,50.0
65753,Charcot-Marie-Tooth disease type 1,Group of disorders,0,1,1,17.5
65759,Carpenter syndrome,Disorder,2,1,1,35.0
65798,Goodman syndrome,Disorder,0,0,0,
66518,Short fifth metacarpals-insulin resistance syndrome,Disorder,0,1,1,3.0
66529,Tako-Tsubo cardiomyopathy,Disorder,0,1,1,1.49
66624,PANDAS,Disorder,0,1,1,0.0
66625,Cerebrooculonasal syndrome,Disorder,0,1,1,10.5
66627,Tenosynovial giant cell tumor,Disorder,0,1,1,20.0
66628,Obesity due to congenital leptin deficiency,Subtype of disorder,1,1,1,15.0
66629,Goldberg-Shprintzen megacolon syndrome,Disorder,1,1,1,12.0
66630,Congenital pseudoarthrosis of the clavicle,Disorder,0,1,1,102.85
66631,CEDNIK syndrome,Disorder,1,1,1,6.5
66633,Sensorineural hearing loss-early graying-essential tremor syndrome,Disorder,0,1,1,1.5
66634,Dilated cardiomyopathy with ataxia,Disorder,1,1,1,0.0
66637,Diaphanospondylodysostosis,Disorder,1,1,1,9.0
66646,Cutaneous mastocytosis,Group of disorders,0,1,1,0.0
66661,Mast cell sarcoma,Disorder,0,1,1,0.015
66662,Extracutaneous mastocytoma,Disorder,0,1,1,3.5
67036,Autosomal dominant optic atrophy and cataract,Disorder,1,1,1,1.5
67037,Squamous cell carcinoma of head and neck,Group of disorders,0,0,0,
67038,B-cell chronic lymphocytic leukemia,Disorder,10,1,1,27.525
67039,Segmental odontomaxillary dysplasia,Disorder,0,1,1,16.0
67041,Hyaluronidase deficiency,Disorder,1,1,1,0.0
67042,Late-onset retinal degeneration,Disorder,1,1,1,0.0
67043,Amoebic keratitis,Disorder,0,1,1,1.0
67044,Thrombocytopenia with congenital dyserythropoietic anemia,Disorder,1,1,1,1.5
67045,X-linked intellectual disability with isolated growth hormone deficiency,Subtype of disorder,1,1,1,1.0
67046,"3-methylglutaconic aciduria type 1",Disorder,1,1,1,10.0
67047,"3-methylglutaconic aciduria type 3",Disorder,2,1,1,0.0
67048,"3-methylglutaconic aciduria type 4",Disorder,0,1,1,0.0
68329,Rare maxillo-facial surgical disease,Group of disorders,0,0,0,
68334,Rare hemorrhagic disorder due to a constitutional coagulation factors defect,Group of disorders,0,0,0,
68335,Rare chromosomal anomaly,Group of disorders,0,0,0,
68336,Rare genetic tumor,Group of disorders,0,0,0,
68341,Multiple congenital anomalies/dysmorphic syndrome,Group of disorders,0,0,0,
68346,Rare genetic skin disease,Group of disorders,0,0,0,
68347,Tumor of hematopoietic and lymphoid tissues,Group of disorders,0,0,0,
68354,Rare sleep disorder,Group of disorders,0,0,0,
68356,Leukodystrophy,Group of disorders,0,0,0,
68361,Rare deafness,Group of disorders,0,0,0,
68362,Rare vascular disease,Group of disorders,0,0,0,
68363,Rare dystonia,Group of disorders,0,0,0,
68364,Hemoglobinopathy,Group of disorders,0,0,0,
68366,Lysosomal disease,Group of disorders,0,0,0,
68367,Rare inborn errors of metabolism,Group of disorders,0,0,0,3.3
68373,Peroxisomal disease,Group of disorders,0,0,0,
68378,Congenital limb malformation,Group of disorders,0,0,0,
68380,Mitochondrial disease,Group of disorders,0,0,0,
68381,Neuromuscular disease,Group of disorders,0,0,0,
68383,Rare constitutional aplastic anemia,Group of disorders,0,0,0,
68385,Neurometabolic disease,Group of disorders,0,0,0,
68388,OBSOLETE: Neurofibromatosis,Group of disorders,0,0,0,
68402,Rare parkinsonian disorder,Group of disorders,0,0,0,
68411,Rare bone tumor,Group of disorders,0,0,0,
68415,Rare parathyroid disease and phosphocalcic metabolism anomaly,Group of disorders,0,0,0,
68416,Rare infectious disease,Group of disorders,0,0,0,
68419,Rare vascular anomaly,Group of disorders,0,0,0,
69028,Dysostosis with brachydactyly,Group of disorders,0,1,1,0.0
69061,Idiopathic steroid-sensitive nephrotic syndrome,Disorder,0,1,1,0.0
69063,Congenital membranous nephropathy due to fetomaternal anti-neutral endopeptidase alloimmunization,Disorder,1,1,1,7.5
69076,Familial renal glucosuria,Disorder,1,1,1,0.0
69077,Rhabdoid tumor,Disorder,0,1,1,166.66666666666666
69078,Liposarcoma,Disorder,0,1,1,0.5299999999999999
69082,Odonto-tricho-ungual-digito-palmar syndrome,Disorder,0,1,1,10.5
69083,"Ectodermal dysplasia with natal teeth, Turnpenny type",Disorder,0,1,1,0.5
69084,Pure hair and nail ectodermal dysplasia,Disorder,3,1,1,10.0
69085,Limb-mammary syndrome,Disorder,1,1,1,19.0
69087,Naegeli-Franceschetti-Jadassohn syndrome,Disorder,1,1,1,0.035
69088,Hypohidrotic ectodermal dysplasia-immunodeficiency-osteopetrosis-lymphedema syndrome,Disorder,1,1,1,1.0
69125,Anonychia with flexural pigmentation,Disorder,0,1,1,1.5
69126,PAPA syndrome,Disorder,1,1,1,26.5
69127,NON RARE IN EUROPE: Immunoglobulin A deficiency,Disorder,0,0,0,
69663,Low phospholipid-associated cholelithiasis,Disorder,1,1,1,0.0
69665,Intrahepatic cholestasis of pregnancy,Disorder,4,1,1,0.0
69723,Tyrosinemia type 3,Disorder,1,1,1,10.0
69735,Hypotrichosis-lymphedema-telangiectasia-renal defect syndrome,Disorder,1,1,1,2.0
69736,Bilateral acute depigmentation of the iris,Disorder,0,1,1,31.0
69737,Bosley-Salih-Alorainy syndrome,Disorder,1,1,1,8.0
69739,Athabaskan brainstem dysgenesis syndrome,Disorder,1,1,1,6.5
69744,Circumscribed palmoplantar hypokeratosis,Disorder,0,1,1,8.5
69745,Warty dyskeratoma,Disorder,0,1,1,0.0
70470,OBSOLETE: Hyperlipoproteinemia type 5,Disorder,0,0,0,
70472,"Congenital lactic acidosis, Saguenay-Lac-Saint-Jean type",Disorder,1,1,1,0.0
70474,Leigh syndrome with cardiomyopathy,Disorder,0,0,0,
70475,Radiation proctitis,Disorder,0,1,1,35.0
70476,Vernal keratoconjunctivitis,Disorder,0,1,1,47.857142857142854
70482,Carcinoma of esophagus,Group of disorders,0,1,1,5.856078947368421
70567,Cholangiocarcinoma,Disorder,4,1,1,16.2375
70568,Post-transplant lymphoproliferative disease,Disorder,0,1,1,26.2
70573,Small cell lung cancer,Disorder,3,1,1,12.0
70578,Adult acute respiratory distress syndrome,Disorder,0,1,1,20.7
70587,Infant acute respiratory distress syndrome,Disorder,0,0,0,
70588,Meconium aspiration syndrome,Disorder,0,1,1,2.44
70589,Bronchopulmonary dysplasia,Disorder,0,1,1,13.0
70590,Infantile apnea,Disorder,0,1,1,
70591,Chronic thromboembolic pulmonary hypertension,Disorder,0,1,1,2.8
70592,Transient predisposition to invasive pyogenic bacterial infection,Disorder,2,1,1,24.5
70593,Immunodeficiency due to selective anti-polysaccharide antibody deficiency,Disorder,0,1,1,0.0
70594,Dopa-responsive dystonia due to sepiapterin reductase deficiency,Disorder,1,1,1,21.5
70595,Sensory ataxic neuropathy-dysarthria-ophthalmoparesis syndrome,Disorder,2,1,1,0.0
70596,Congenital Epstein-Barr virus infection,Disorder,0,1,1,0.0
71198,Rare pulmonary hypertension,Group of disorders,0,0,0,0.0
71202,Rare hemorrhagic disorder due to a constitutional platelet anomaly,Group of disorders,0,0,0,
71203,Autoimmune thrombocytopenia,Group of disorders,0,0,0,
71209,Rare soft tissue tumor,Group of disorders,0,0,0,
71211,Neuromyelitis optica spectrum disorder,Disorder,0,1,1,1.1945709677419356
71212,Hyperinsulinism due to short chain 3-hydroxylacyl-CoA dehydrogenase deficiency,Disorder,1,1,1,5.0
71213,Retinal capillary malformation,Disorder,0,1,1,0.0
71267,Dentinogenesis imperfecta-short stature-hearing loss-intellectual disability syndrome,Disorder,0,1,1,1.0
71269,OBSOLETE: Benign exophthalmos syndrome,Disorder,0,0,0,
71270,OBSOLETE: Auriculoocular anomalies-cleft lip syndrome,Disorder,0,0,0,
71271,Split hand-split foot-deafness syndrome,Disorder,1,1,1,11.0
71272,Sandifer syndrome,Disorder,0,1,1,0.0
71273,Renal nutcracker syndrome,Disorder,0,1,1,0.0
71274,Disseminated peritoneal leiomyomatosis,Disorder,0,1,1,75.0
71275,Rh deficiency syndrome,Disorder,3,1,1,0.0
71276,Silent sinus syndrome,Disorder,0,1,1,279.0
71277,Classic glucose transporter type 1 deficiency syndrome,Disorder,1,1,1,0.777
71278,Congenital brain dysgenesis due to glutamine synthetase deficiency,Disorder,1,1,1,1.5
71279,CANOMAD syndrome,Disorder,0,1,1,50.0
71281,Rare central nervous system and retinal vascular disease,Group of disorders,0,0,0,
71289,Radio-ulnar synostosis-amegakaryocytic thrombocytopenia syndrome,Disorder,2,1,1,10.0
71290,Familial platelet disorder with associated myeloid malignancy,Disorder,1,1,1,129.5
71291,Hereditary vascular retinopathy,Disorder,0,0,0,
71493,Familial thrombocytosis,Disorder,3,1,1,0.0
71505,Cancer-associated retinopathy,Disorder,0,1,1,0.0
71516,OBSOLETE: Mixed dystonia,Group of disorders,0,0,0,
71517,Rapid-onset dystonia-parkinsonism,Disorder,1,1,1,50.0
71518,Benign paroxysmal torticollis of infancy,Disorder,1,1,1,75.0
71519,Psychogenic movement disorders,Disorder,0,1,1,0.0
71526,Obesity due to pro-opiomelanocortin deficiency,Subtype of disorder,1,1,1,3.5
71528,Obesity due to prohormone convertase I deficiency,Subtype of disorder,1,1,1,8.0
71529,Obesity due to melanocortin 4 receptor deficiency,Subtype of disorder,1,1,1,25.0
71859,Rare genetic neurological disorder,Group of disorders,0,0,0,
71862,OBSOLETE: Inherited retinal disorder,Group of disorders,0,0,0,
71864,Muscular channelopathy,Group of disorders,0,0,0,
73014,Intractable diarrhea of infancy,Group of disorders,0,1,1,
73217,Müllerian aplasia,Group of disorders,0,1,1,3.3333333333333335
73220,X-linked intellectual disability-hypotonic face syndrome,Disorder,0,0,0,
73223,Global developmental delay-osteopenia-ectodermal defect syndrome,Disorder,0,1,1,1.5
73224,Kidney tubulopathy-dilated cardiomyopathy syndrome,Disorder,1,1,1,1.0
73229,HANAC syndrome,Disorder,1,1,1,3.0
73230,Ossification anomalies-psychomotor developmental delay syndrome,Disorder,0,1,1,1.0
73245,Spinal muscular atrophy-Dandy-Walker malformation-cataracts syndrome,Disorder,0,1,1,1.0
73246,Visceral neuropathy-brain anomalies-facial dysmorphism-developmental delay syndrome,Disorder,0,1,1,1.0
73247,NON RARE IN EUROPE: Eosinophilic esophagitis,Disorder,0,0,0,
73256,Central neurocytoma,Disorder,0,1,1,250.0
73260,Paracoccidioidomycosis,Disorder,0,1,1,0.0
73263,Zygomycosis,Disorder,0,1,1,0.0
73267,Non-24-hour sleep-wake syndrome,Disorder,0,1,1,0.0
73271,Bleeding diathesis due to a collagen receptor defect,Disorder,0,1,1,10.0
73272,Growth delay due to insulin-like growth factor type 1 deficiency,Disorder,1,1,1,2.5
73273,Growth delay due to insulin-like growth factor I resistance,Disorder,1,1,1,0.0
73274,OBSOLETE: Acquired hemophilia,Disorder,0,0,0,
73423,Acute ackee fruit intoxication,Disorder,0,1,1,0.0
75110,Myiasis,Group of disorders,0,0,0,
75233,Wolman disease,Subtype of disorder,1,1,1,0.095
75234,Cholesteryl ester storage disease,Subtype of disorder,1,1,1,1.0999999999999999
75249,Familial isolated restrictive cardiomyopathy,Disorder,5,1,1,0.0
75325,Osteosclerosis-ichthyosis-premature ovarian failure syndrome,Disorder,0,1,1,1.5
75326,Familial isolated retinal arteriolar tortuosity,Disorder,1,1,1,50.0
75327,North Carolina macular dystrophy,Disorder,1,1,1,1.0
75373,Progressive bifocal chorioretinal atrophy,Disorder,1,1,1,1.0
75374,Bradyopsia,Disorder,2,1,1,2.5
75376,Familial drusen,Disorder,3,1,1,0.0
75377,Central areolar choroidal dystrophy,Disorder,3,1,1,1.665
75378,Oligocone trichromacy,Disorder,0,1,1,7.0
75381,Cystoid macular dystrophy,Disorder,0,1,1,48.5
75382,Oguchi disease,Disorder,2,1,1,25.0
75389,Brain malformation-congenital heart disease-postaxial polydactyly syndrome,Disorder,0,1,1,1.0
75391,Primary immunodeficiency with natural-killer cell deficiency and adrenal insufficiency,Disorder,1,1,1,2.0
75392,Periodontal Ehlers-Danlos syndrome,Disorder,2,1,1,31.0
75496,B4GALT7-related spondylodysplastic Ehlers-Danlos syndrome,Subtype of disorder,1,1,1,17.0
75497,X-linked Ehlers-Danlos syndrome,Disorder,1,1,1,1.0
75501,"OBSOLETE: Ehlers-Danlos syndrome, fibronectinemic type",Disorder,0,0,0,
75508,Angioosteohypotrophic syndrome,Disorder,0,0,0,
75563,X-linked sideroblastic anemia,Disorder,1,1,1,100.0
75564,Acquired idiopathic sideroblastic anemia,Disorder,2,1,1,0.045
75565,Tropical endomyocardial fibrosis,Disorder,0,1,1,0.0
75566,Loeffler endocarditis,Disorder,0,1,1,0.0
75567,Primary progressive freezing gait,Disorder,0,1,1,0.0
75789,SIBIDS syndrome,Disorder,0,0,0,
75790,Pollitt syndrome,Disorder,0,0,0,
75840,Ullrich congenital muscular dystrophy,Disorder,4,1,1,0.065
75857,"6q terminal deletion syndrome",Disorder,1,1,1,9.5
75858,MORM syndrome,Disorder,1,1,1,0.0
77240,Primary lymphedema,Group of disorders,0,1,1,16.7
77241,OBSOLETE: Lymphedema praecox,Disorder,0,0,0,
77242,OBSOLETE: Lymphedema tarda,Disorder,0,0,0,
77243,NON RARE IN EUROPE: Lipedema,Disorder,0,0,0,
77258,Trichorhinophalangeal syndrome type 1,Disorder,1,1,1,125.0
77259,Gaucher disease type 1,Subtype of disorder,2,1,1,1.74
77260,Gaucher disease type 2,Subtype of disorder,1,1,1,0.01
77261,Gaucher disease type 3,Subtype of disorder,1,1,1,0.05
77292,Infantile neurovisceral acid sphingomyelinase deficiency,Disorder,1,1,1,0.125
77293,Chronic visceral acid sphingomyelinase deficiency,Disorder,1,1,1,0.2
77295,Odontoleukodystrophy,Subtype of disorder,1,1,1,2.0
77296,Morgagni-Stewart-Morel syndrome,Disorder,0,1,1,0.0
77297,Majeed syndrome,Disorder,1,1,1,2.0
77298,Anophthalmia/microphthalmia-esophageal atresia syndrome,Disorder,1,1,1,15.0
77299,Microphthalmia-brain atrophy syndrome,Disorder,0,1,1,1.5
77300,Auricular abnormalities-cleft lip with or without cleft palate-ocular abnormalities syndrome,Disorder,0,1,1,1.0
77301,Monosomy 9q22.3 syndrome,Disorder,1,1,1,21.0
77302,Oculo-oto-facial dysplasia,Disorder,0,0,0,
77303,OBSOLETE: Common variable immunodeficiency due to an intrinsic B cell defect,Subtype of disorder,0,0,0,
77304,OBSOLETE: Not NOTCH3-related small vessel disease of the brain,Disorder,0,0,0,
77828,Genetic obesity,Group of disorders,0,0,0,
77830,Rare genetic odontologic disease,Group of disorders,0,0,0,
79022,Simpson-Golabi-Behmel syndrome type 2,Disorder,0,0,0,
79062,Disorder of amino acid and other organic acid metabolism,Group of disorders,0,0,0,
79076,Juvenile polyposis of infancy,Subtype of disorder,2,1,1,5.5
79078,IgG4-related dacryoadenitis and sialadenitis,Subtype of disorder,0,1,1,0.0
79083,PPARG-related familial partial lipodystrophy,Disorder,1,1,1,5.0
79084,"Familial partial lipodystrophy, Köbberling type",Disorder,1,1,1,10.0
79085,AKT2-related familial partial lipodystrophy,Disorder,1,1,1,0.5
79086,Acquired generalized lipodystrophy,Disorder,0,1,1,0.5
79087,Acquired partial lipodystrophy,Disorder,1,1,1,0.0
79088,Localized lipodystrophy,Group of disorders,0,1,1,0.0
79091,Hereditary inclusion body myopathy-joint contractures-ophthalmoplegia syndrome,Disorder,1,1,1,10.5
79093,OBSOLETE: Foix-Alajouanine syndrome,Disorder,0,0,0,
79094,Grange syndrome,Disorder,1,1,1,3.5
79095,Congenital bile acid synthesis defect type 4,Disorder,1,1,1,2.5
79096,Pyridoxamine-5-phosphate deficiency-developmental and epileptic encephalopathy,Disorder,1,1,1,0.0
79097,Folinic acid-responsive seizures,Disorder,0,1,1,0.0
79098,Sympathetic ophthalmia,Disorder,0,1,1,0.315
79099,Interstitial granulomatous dermatitis with arthritis,Disorder,0,1,1,26.5
79100,Atrophoderma vermiculata,Disorder,1,1,1,0.0
79101,Hyperprolinemia type 2,Disorder,1,1,1,0.0
79102,Thyrotoxic periodic paralysis,Disorder,3,1,1,0.0
79105,Myxofibrosarcoma,Disorder,3,1,1,0.0
79106,Eiken syndrome,Disorder,1,1,1,3.0
79107,Developmental malformations-deafness-dystonia syndrome,Disorder,1,1,1,7.5
79113,Mandibulofacial dysostosis-microcephaly syndrome,Disorder,1,1,1,53.5
79118,Neonatal diabetes-congenital hypothyroidism-congenital glaucoma-hepatic fibrosis-polycystic kidneys syndrome,Disorder,1,1,1,1.5
79124,Hepatic veno-occlusive disease-immunodeficiency syndrome,Disorder,1,1,1,14.0
79126,Acute interstitial pneumonia,Disorder,0,1,1,3.8
79127,Respiratory bronchiolitis-interstitial lung disease syndrome,Disorder,0,1,1,0.0
79128,Lymphoid interstitial pneumonia,Disorder,0,1,1,0.0
79129,Trichodysplasia-amelogenesis imperfecta syndrome,Disorder,0,1,1,0.5
79132,OBSOLETE: Sparse hair-short stature-skin anomalies syndrome,Disorder,0,0,0,
79133,Focal facial dermal dysplasia type I,Subtype of disorder,0,1,1,40.5
79134,DEND syndrome,Disorder,3,1,1,20.0
79135,Episodic ataxia type 3,Disorder,0,1,1,0.5
79136,Episodic ataxia type 4,Disorder,0,1,1,1.0
79137,Generalized epilepsy-paroxysmal dyskinesia syndrome,Disorder,1,1,1,0.0
79138,Bickerstaff brainstem encephalitis,Disorder,0,1,1,0.0
79139,Japanese encephalitis,Disorder,0,1,1,0.325
79140,Cutaneous neuroendocrine carcinoma,Disorder,0,1,1,1.3790000000000002
79141,Hereditary painful callosities,Disorder,0,1,1,1.0
79142,NON RARE IN EUROPE: Familial Dupuytren contracture,Disorder,0,0,0,
79143,Isolated congenital anonychia,Disorder,0,1,1,25.0
79144,Isolated congenital onychodysplasia,Disorder,0,1,1,0.0
79145,Dowling-Degos disease,Disorder,4,1,1,0.0
79146,Familial progressive hyperpigmentation,Disorder,1,1,1,
79147,Familial reactive perforating collagenosis,Disorder,0,1,1,25.0
79148,Elastosis perforans serpiginosa,Disorder,0,1,1,0.0
79149,Dermochondrocorneal dystrophy,Disorder,0,1,1,7.5
79150,Linear and whorled nevoid hypermelanosis,Disorder,0,1,1,8.0
79151,Acrokeratosis verruciformis of Hopf,Disorder,1,1,1,0.0
79152,Disseminated superficial actinic porokeratosis,Disorder,4,1,1,0.0
79153,Idiopathic trachyonychia,Disorder,0,1,1,0.0
79154,"2-aminoadipic 2-oxoadipic aciduria",Disorder,1,1,1,10.0
79155,Hydroxykynureninuria,Disorder,1,1,1,15.0
79156,Seizures-intellectual disability due to hydroxylysinuria syndrome,Disorder,0,1,1,3.0
79157,"2-methylbutyryl-CoA dehydrogenase deficiency",Disorder,1,1,1,15.0
79158,Cerebral organic aciduria,Group of disorders,0,0,0,0.0
79159,Isobutyryl-CoA dehydrogenase deficiency,Disorder,1,1,1,0.0
79161,Disorder of carbohydrate metabolism,Group of disorders,0,0,0,
79163,Classic organic aciduria,Group of disorders,0,0,0,
79166,Disorder of amino acid absorption and transport,Group of disorders,0,0,0,
79167,Disorder of urea cycle metabolism and ammonia detoxification,Group of disorders,0,0,0,
79168,Disorder of bile acid synthesis,Group of disorders,0,1,1,0.6
79169,Disorder of neurotransmitter metabolism and transport,Group of disorders,0,0,0,
79171,Disorder of cobalamin metabolism and transport,Group of disorders,0,0,0,
79172,Creatine deficiency syndrome,Group of disorders,0,1,1,0.0
79173,Disorder of methionine cycle and sulfur amino acid metabolism,Group of disorders,0,0,0,
79174,Disorder of fatty acid oxidation and ketone body metabolism,Group of disorders,0,0,0,
79175,Disorder of gamma-aminobutyric acid metabolism,Group of disorders,0,0,0,
79177,Gluconeogenesis disorder,Group of disorders,0,0,0,
79178,Glucose transport disorder,Group of disorders,0,0,0,
79179,Disorder of glycerol metabolism,Group of disorders,0,0,0,
79181,Disorder of histidine metabolism,Group of disorders,0,0,0,
79183,Disorder of ketolysis,Group of disorders,0,0,0,
79185,Disorder of ornithine or proline metabolism,Group of disorders,0,0,0,
79186,Disorder of pentose phosphate metabolism,Group of disorders,0,0,0,
79187,Disorder of peptide metabolism,Group of disorders,0,0,0,
79188,Peroxisomal beta-oxidation disorder,Group of disorders,0,0,0,
79189,Peroxisome biogenesis disorder,Group of disorders,0,1,1,0.44000000000000006
79190,Disorder of phenylalanin or tyrosine metabolism,Group of disorders,0,0,0,
79191,Disorder of purine metabolism,Group of disorders,0,0,0,
79192,Disorder of pyridoxine metabolism,Group of disorders,0,0,0,
79193,Disorder of pyrimidine metabolism,Group of disorders,0,0,0,
79194,Disorder of serine or glycine metabolism,Group of disorders,0,0,0,
79195,Sterol biosynthesis disorder,Group of disorders,0,0,0,
79196,Disorder of the gamma-glutamyl cycle,Group of disorders,0,1,1,
79197,Disorder of branched-chain amino acid metabolism,Group of disorders,0,0,0,
79200,Disorder of energy metabolism,Group of disorders,0,0,0,
79201,Glycogen storage disease,Group of disorders,0,0,0,1.51
79204,Lipid storage disease,Group of disorders,0,0,0,
79207,Disorder of lysosomal amino acid transport,Group of disorders,0,0,0,
79211,OBSOLETE: Combined hyperlipidemia,Group of disorders,0,0,0,
79212,Mucolipidosis,Group of disorders,0,0,0,
79213,Mucopolysaccharidosis,Group of disorders,0,0,0,2.844863636363636
79214,Disorder of biogenic amine metabolism and transport,Group of disorders,0,0,0,
79215,Oligosaccharidosis,Group of disorders,0,0,0,
79217,Other metabolic disease with skin involvement,Group of disorders,0,0,0,
79219,Metabolic disease involving other neurotransmitter deficiency,Group of disorders,0,0,0,
79224,Disorder of purine or pyrimidine metabolism,Group of disorders,0,0,0,
79225,Sphingolipidosis,Group of disorders,0,0,0,
79226,Sterol metabolism disorder,Group of disorders,0,0,0,
79230,HJV or HAMP-related hemochromatosis,Disorder,2,1,1,37.0
79233,Hypoxanthine guanine phosphoribosyltransferase partial deficiency,Disorder,1,1,1,0.0
79234,Crigler-Najjar syndrome type 1,Subtype of disorder,1,1,1,0.0
79235,Crigler-Najjar syndrome type 2,Subtype of disorder,1,1,1,0.0
79237,Galactokinase deficiency,Disorder,1,1,1,0.0
79238,Galactose epimerase deficiency,Disorder,0,1,1,0.0
79239,Classic galactosemia,Disorder,1,1,1,4.11
79240,Glycogen storage disease due to liver and muscle phosphorylase kinase deficiency,Disorder,1,1,1,0.0
79241,Biotinidase deficiency,Disorder,1,1,1,2.4989923076923075
79242,Holocarboxylase synthetase deficiency,Disorder,1,1,1,0.25
79243,Pyruvate dehydrogenase E1-alpha deficiency,Subtype of disorder,2,1,1,0.0
79244,Pyruvate dehydrogenase E2 deficiency,Subtype of disorder,1,1,1,0.0
79246,Pyruvate dehydrogenase phosphatase deficiency,Subtype of disorder,1,1,1,0.0
79253,Mild phenylketonuria,Subtype of disorder,0,0,0,
79254,Classic phenylketonuria,Subtype of disorder,0,0,0,
79255,GM1 gangliosidosis type 1,Subtype of disorder,1,1,1,100.0
79256,GM1 gangliosidosis type 2,Subtype of disorder,1,1,1,25.0
79257,GM1 gangliosidosis type 3,Subtype of disorder,1,1,1,35.0
79258,Glycogen storage disease due to glucose-6-phosphatase deficiency type Ia,Subtype of disorder,1,1,1,1.05
79259,Glycogen storage disease due to glucose-6-phosphatase deficiency type Ib,Subtype of disorder,1,1,1,40.525
79260,Glycogen storage disease type 1c,Subtype of disorder,0,0,0,
79261,Glycogen storage disease type 1d,Subtype of disorder,0,0,0,
79262,OBSOLETE: Adult neuronal ceroid lipofuscinosis,Disorder,0,0,0,
79263,OBSOLETE: Infantile neuronal ceroid lipofuscinosis,Disorder,0,0,0,
79264,OBSOLETE: Juvenile neuronal ceroid lipofuscinosis,Disorder,0,0,0,
79269,Sanfilippo syndrome type A,Subtype of disorder,1,1,1,0.7457777777777778
79270,Sanfilippo syndrome type B,Subtype of disorder,1,1,1,0.243
79271,Sanfilippo syndrome type C,Subtype of disorder,1,1,1,0.771925
79272,Sanfilippo syndrome type D,Subtype of disorder,1,1,1,0.1
79273,Hereditary coproporphyria,Disorder,1,1,1,0.0
79276,Acute intermittent porphyria,Disorder,1,1,1,0.7672727272727272
79277,Congenital erythropoietic porphyria,Disorder,2,1,1,66.68833333333333
79278,Autosomal erythropoietic protoporphyria,Disorder,1,1,1,0.7105
79279,Alpha-N-acetylgalactosaminidase deficiency type 1,Subtype of disorder,1,1,1,5.0
79280,Alpha-N-acetylgalactosaminidase deficiency type 2,Subtype of disorder,1,1,1,5.0
79281,Alpha-N-acetylgalactosaminidase deficiency type 3,Subtype of disorder,1,1,1,5.0
79282,"Methylmalonic acidemia with homocystinuria, type cblC",Subtype of disorder,1,1,1,250.0
79283,"Methylmalonic acidemia with homocystinuria, type cblD",Subtype of disorder,1,1,1,8.5
79284,Methylmalonic acidemia with homocystinuria type cblF,Subtype of disorder,1,1,1,7.5
79289,Niemann-Pick disease type D,Disorder,0,0,0,
79292,Fish-eye disease,Subtype of disorder,1,1,1,15.0
79293,Familial LCAT deficiency,Subtype of disorder,1,1,1,35.0
79298,Diazoxide-resistant focal hyperinsulinism,Group of disorders,0,1,1,0.0
79299,Congenital glucokinase-related hyperinsulinism,Disorder,1,1,1,
79301,Congenital bile acid synthesis defect type 1,Disorder,1,1,1,0.0
79302,Congenital bile acid synthesis defect type 3,Disorder,1,1,1,1.0
79303,Congenital bile acid synthesis defect type 2,Disorder,1,1,1,0.0
79304,Progressive familial intrahepatic cholestasis type 2,Subtype of disorder,1,1,1,0.0
79305,Progressive familial intrahepatic cholestasis type 3,Subtype of disorder,1,1,1,0.0
79306,Progressive familial intrahepatic cholestasis type 1,Subtype of disorder,2,1,1,0.0
79310,Vitamin B12-responsive methylmalonic acidemia type cblA,Subtype of disorder,1,1,1,30.0
79311,Vitamin B12-responsive methylmalonic acidemia type cblB,Subtype of disorder,1,1,1,
79312,Vitamin B12-unresponsive methylmalonic acidemia type mut-,Subtype of disorder,1,1,1,225.0
79314,L-2-hydroxyglutaric aciduria,Disorder,1,1,1,70.0
79315,D-2-hydroxyglutaric aciduria,Disorder,2,1,1,40.0
79316,OBSOLETE: Phosphoenolpyruvate carboxykinase 1 deficiency,Subtype of disorder,0,0,0,
79317,OBSOLETE: Phosphoenolpyruvate carboxykinase 2 deficiency,Subtype of disorder,0,0,0,
79318,PMM2-CDG,Disorder,1,1,1,0.5766666666666667
79319,MPI-CDG,Disorder,1,1,1,12.5
79320,ALG6-CDG,Disorder,1,1,1,27.0
79321,ALG3-CDG,Disorder,1,1,1,7.5
79322,DPM1-CDG,Disorder,1,1,1,4.5
79323,MPDU1-CDG,Disorder,1,1,1,4.0
79324,ALG12-CDG,Disorder,1,1,1,5.5
79325,ALG8-CDG,Disorder,1,1,1,7.5
79326,ALG2-CDG,Disorder,1,1,1,0.5
79327,ALG1-CDG,Disorder,1,1,1,28.5
79328,ALG9-CDG,Disorder,1,1,1,6.0
79329,MGAT2-CDG,Disorder,1,1,1,6.5
79330,MOGS-CDG,Disorder,1,1,1,1.5
79332,B4GALT1-CDG,Disorder,1,1,1,0.5
79333,COG7-CDG,Disorder,1,1,1,4.0
79344,"OBSOLETE: Chondrodysplasia punctata, Sheffield type",Disorder,0,0,0,
79345,Brachytelephalangic chondrodysplasia punctata,Disorder,1,1,1,0.0
79346,"Chondrodysplasia punctata, tibial-metacarpal type",Disorder,0,1,1,6.0
79347,"Chondrodysplasia punctata, Toriello type",Disorder,0,1,1,1.5
79350,"3-phosphoserine phosphatase deficiency, infantile/juvenile form",Subtype of disorder,1,1,1,4.0
79351,"3-phosphoglycerate dehydrogenase deficiency, infantile/juvenile form",Subtype of disorder,1,1,1,7.5
79353,Epidermal disease,Group of disorders,0,0,0,
79354,Ichthyosis,Group of disorders,0,0,0,
79355,Erythrokeratoderma,Group of disorders,0,0,0,
79356,Acrokeratoderma,Group of disorders,0,0,0,
79357,Hereditary palmoplantar keratoderma,Group of disorders,0,0,0,
79358,Porokeratosis,Group of disorders,0,0,0,
79359,Other epidermal disorder,Group of disorders,0,0,0,
79360,Other genetic epidermal disease,Group of disorders,0,0,0,
79361,Inherited epidermolysis bullosa,Group of disorders,0,1,1,1.1583333333333334
79362,Epidermal appendage anomaly,Group of disorders,0,0,0,
79363,Hair anomaly,Group of disorders,0,0,0,
79364,Alopecia,Group of disorders,0,0,0,
79365,Rare disorder with hypertrichosis,Group of disorders,0,0,0,
79366,Isolated hair shaft abnormality,Group of disorders,0,0,0,
79367,Syndromic hair shaft abnormality,Group of disorders,0,0,0,
79368,Nail anomaly,Group of disorders,0,0,0,
79369,Isolated nail anomaly,Group of disorders,0,0,0,
79370,Syndromic nail anomaly,Group of disorders,0,0,0,
79372,Sebaceous gland anomaly,Group of disorders,0,0,0,
79373,Ectodermal dysplasia syndrome,Group of disorders,0,1,1,0.0
79374,Pigmentation anomaly of the skin,Group of disorders,0,0,0,
79375,Hyperpigmentation of the skin,Group of disorders,0,0,0,
79376,Hypopigmentation of the skin,Group of disorders,0,0,0,
79377,Dermis disorder,Group of disorders,0,0,0,
79378,Dermis elastic tissue disorder,Group of disorders,0,0,0,
79379,Skin vascular disease,Group of disorders,0,0,0,
79380,Mixed dermis disorder,Group of disorders,0,0,0,
79381,Other dermis disorder,Group of disorders,0,0,0,
79382,Subcutaneous tissue disease,Group of disorders,0,0,0,
79383,OBSOLETE: Lymphedema,Group of disorders,0,0,0,
79384,Rare urticaria,Group of disorders,0,0,0,
79385,Unclassified genetic skin disorder,Group of disorders,0,0,0,
79386,Rare skin tumor or hamartoma,Group of disorders,0,0,0,
79387,Metabolic disease with skin involvement,Group of disorders,0,0,0,
79388,Mucopolysaccharidosis with skin involvement,Group of disorders,0,0,0,
79389,Premature aging,Group of disorders,0,0,0,
79390,Rare photodermatosis,Group of disorders,0,0,0,
79391,Immune deficiency with skin involvement,Group of disorders,0,0,0,
79394,Congenital ichthyosiform erythroderma,Disorder,9,1,1,0.4
79395,Keratoderma hereditarium mutilans with ichthyosis,Disorder,1,1,1,25.0
79396,"Autosomal dominant generalized epidermolysis bullosa simplex, severe form",Disorder,2,1,1,0.0
79397,Epidermolysis bullosa simplex with mottled pigmentation,Disorder,2,1,1,0.0
79399,"Autosomal dominant generalized epidermolysis bullosa simplex, intermediate form",Disorder,2,1,1,0.0
79400,Localized epidermolysis bullosa simplex,Disorder,2,1,1,0.0
79401,PLEC-related intermediate epidermolysis bullosa simplex without extracutaneous involvement,Disorder,1,1,1,3.0
79402,Intermediate generalized junctional epidermolysis bullosa,Disorder,5,1,1,0.0
79403,Junctional epidermolysis bullosa with pyloric atresia,Disorder,2,1,1,50.0
79404,Severe generalized junctional epidermolysis bullosa,Disorder,3,1,1,0.136
79405,Junctional epidermolysis bullosa inversa,Disorder,0,1,1,4.5
79406,Late-onset junctional epidermolysis bullosa,Disorder,1,1,1,18.5
79407,"Autosomal dominant dystrophic epidermolysis bullosa, Cockayne-Touraine type",Subtype of disorder,0,0,0,
79408,"Autosomal recessive generalized dystrophic epidermolysis bullosa, severe form",Disorder,2,1,1,0.6963
79409,Recessive dystrophic epidermolysis bullosa inversa,Disorder,1,1,1,50.0
79410,"Localized dystrophic epidermolysis bullosa, pretibial form",Subtype of disorder,1,1,1,20.0
79411,Self-improving dystrophic epidermolysis bullosa,Disorder,1,1,1,26.0
79414,Woolly hair nevus,Disorder,1,1,1,
79428,OBSOLETE: Familial segmental neurofibromatosis,Subtype of disorder,0,0,0,
79429,OBSOLETE: Familial spinal neurofibromatosis,Subtype of disorder,0,0,0,
79430,Hermansky-Pudlak syndrome,Disorder,0,1,1,27.575
79431,Oculocutaneous albinism type 1A,Subtype of disorder,1,1,1,1.3
79432,Oculocutaneous albinism type 2,Disorder,2,1,1,36.724000000000004
79433,Oculocutaneous albinism type 3,Disorder,1,1,1,5.88235
79434,Oculocutaneous albinism type 1B,Subtype of disorder,1,1,1,1.3
79435,Oculocutaneous albinism type 4,Disorder,1,1,1,1.0
79443,Pseudohypoparathyroidism type 1A,Disorder,1,1,1,0.0
79444,Pseudohypoparathyroidism type 1C,Disorder,1,1,1,0.0
79445,Pseudopseudohypoparathyroidism,Disorder,1,1,1,0.0
79446,"Multiple pterygium syndrome, Aslan type",Subtype of disorder,0,0,0,
79447,X-linked lethal multiple pterygium syndrome,Disorder,0,1,1,3.0
79450,Non-hereditary congenital primary lymphedema,Disorder,0,0,0,
79452,Milroy disease,Disorder,1,1,1,1.5
79455,Cutaneous mastocytoma,Disorder,1,1,1,0.0
79456,Diffuse cutaneous mastocytosis,Disorder,0,1,1,15.0
79457,Maculopapular cutaneous mastocytosis,Disorder,0,1,1,0.0
79458,Oley syndrome,Disorder,0,0,0,
79459,OBSOLETE: Follicular atrophoderma-basal cell carcinoma,Subtype of disorder,0,0,0,
79466,Inflammatory linear verrucous epidermal nevus,Subtype of disorder,0,0,0,
79467,Verrucous nevus,Subtype of disorder,0,0,0,
79468,Acanthokeratolytic verrucous nevus,Subtype of disorder,0,0,0,
79473,Variegate porphyria,Disorder,1,1,1,0.205
79474,Atypical Werner syndrome,Disorder,1,1,1,
79476,Griscelli syndrome type 1,Subtype of disorder,1,1,1,10.0
79477,Griscelli syndrome type 2,Subtype of disorder,1,1,1,51.0
79478,Griscelli syndrome type 3,Subtype of disorder,2,1,1,6.5
79479,Pemphigus vegetans,Disorder,0,1,1,0.391
79480,Pemphigus erythematosus,Disorder,0,1,1,
79481,Pemphigus foliaceus,Disorder,0,1,1,1.001
79482,Cutis verticis gyrata-thyroid aplasia-intellectual disability syndrome,Disorder,0,0,0,
79483,Phakomatosis cesioflammea,Subtype of disorder,2,1,1,
79484,Phakomatosis cesiomarmorata,Subtype of disorder,1,1,1,
79485,Phakomatosis spilorosea,Subtype of disorder,0,1,1,
79486,Cystic hygroma,Disorder,0,0,0,
79489,Macrocystic lymphatic malformation,Disorder,0,1,1,
79490,Microcystic lymphatic malformation,Disorder,0,1,1,
79492,Pili gemini,Disorder,0,1,1,
79493,Brooke-Spiegler syndrome,Disorder,0,1,1,50.0
79495,X-linked congenital generalized hypertrichosis,Subtype of disorder,1,1,1,
79499,Autosomal dominant deafness-onychodystrophy syndrome,Disorder,1,1,1,11.0
79500,DOORS syndrome,Disorder,2,1,1,25.0
79501,Punctate palmoplantar keratoderma type 1,Disorder,2,1,1,110.9225
79502,Punctate palmoplantar keratoderma type 2,Disorder,0,1,1,6.5
79503,Ichthyosis hystrix of Curth-Macklin,Disorder,1,1,1,5.0
79504,Ichthyosis hystrix gravior,Disorder,0,0,0,
79506,OBSOLETE: Cholesterol-ester transfer protein deficiency,Disorder,0,0,0,
79507,Hypotonia-failure to thrive-microcephaly syndrome,Disorder,0,1,1,1.0
79643,Autosomal recessive hyperinsulinism due to SUR1 deficiency,Disorder,1,1,1,
79644,Autosomal recessive hyperinsulinism due to Kir6.2 deficiency,Disorder,1,1,1,0.0
79651,Mild hyperphenylalaninemia,Subtype of disorder,0,1,1,0.0
79665,Gardner syndrome,Subtype of disorder,0,0,0,
79669,Autoimmune bullous skin disease,Group of disorders,0,0,0,
82004,Ehlers-Danlos syndrome with periventricular heterotopia,Disorder,0,0,0,
83001,Urogenital tract malformation,Group of disorders,0,0,0,
83311,Rocky Mountain spotted fever,Disorder,0,1,1,0.12
83312,Rickettsialpox,Disorder,0,1,1,400.0
83313,Boutonneuse fever,Disorder,0,1,1,11.333333333333334
83314,Epidemic typhus,Disorder,0,1,1,0.0
83315,Murine typhus,Disorder,0,1,1,0.0
83316,Pseudotyphus of California,Disorder,0,1,1,0.0
83317,Scrub typhus,Disorder,0,1,1,2.5
83330,Proximal spinal muscular atrophy type 1,Subtype of disorder,3,1,1,0.13
83418,Proximal spinal muscular atrophy type 2,Subtype of disorder,3,1,1,2.0161000000000002
83419,Proximal spinal muscular atrophy type 3,Subtype of disorder,3,1,1,0.63615
83420,Proximal spinal muscular atrophy type 4,Subtype of disorder,2,1,1,0.0
83449,NON RARE IN EUROPE: Inappropriate antidiuretic hormone secretion syndrome,Disorder,0,0,0,
83450,Regional odontodysplasia,Disorder,0,1,1,70.0
83451,Florid cemento-osseous dysplasia,Disorder,0,1,1,0.0
83452,Complex regional pain syndrome,Disorder,0,1,1,13.1
83453,Vulvovaginal gingival syndrome,Disorder,0,1,1,190.0
83454,Glomuvenous malformation,Disorder,1,1,1,0.0
83461,Congenital primary aphakia,Disorder,1,1,1,0.0
83463,Microtia,Disorder,1,1,1,23.288235294117644
83465,Narcolepsy type 2,Disorder,4,1,1,10.15
83467,Morvan syndrome,Disorder,0,1,1,30.0
83468,Solitary bone cyst,Disorder,0,1,1,0.0
83469,Desmoplastic small round cell tumor,Disorder,2,1,1,100.0
83471,T-cell immunodeficiency with thymic aplasia,Disorder,1,1,1,0.0
83472,CAMOS syndrome,Disorder,2,1,1,2.5
83473,Megalencephaly-polymicrogyria-postaxial polydactyly-hydrocephalus syndrome,Disorder,3,1,1,31.0
83476,West-Nile encephalitis,Disorder,0,1,1,0.23955555555555558
83482,Mycoplasma encephalitis,Disorder,0,1,1,0.0
83483,La Crosse encephalitis,Disorder,0,1,1,0.955
83484,St. Louis encephalitis,Disorder,0,1,1,0.19
83593,Western equine encephalitis,Disorder,0,1,1,0.01
83594,Eastern equine encephalitis,Disorder,0,1,1,0.005
83595,Colorado tick fever,Disorder,0,1,1,0.0
83597,Acute disseminated encephalomyelitis,Disorder,0,1,1,0.3
83600,Encephalitis lethargica,Disorder,0,1,1,0.0
83601,Steroid-responsive encephalopathy associated with autoimmune thyroiditis,Disorder,0,1,1,0.0
83616,Rubella panencephalitis,Disorder,0,1,1,10.0
83617,Agammaglobulinemia-microcephaly-craniosynostosis-severe dermatitis syndrome,Disorder,0,1,1,1.5
83618,Severe dilated cardiomyopathy due to lamin A/C mutation,Disorder,0,0,0,
83619,Macrostomia-preauricular tags-external ophthalmoplegia syndrome,Disorder,0,1,1,4.5
83620,Enteric anendocrinosis,Disorder,1,1,1,3.5
83628,LUMBAR syndrome,Disorder,0,1,1,27.0
83629,Leukoencephalopathy-spondyloepimetaphyseal dysplasia syndrome,Disorder,1,1,1,5.5
83639,Hypercoagulability syndrome due to glycosylphosphatidylinositol deficiency,Disorder,2,1,1,1.0
83642,Microcytic anemia with liver iron overload,Disorder,1,1,1,1.5
83648,OBSOLETE: X-linked recessive intellectual disability-macrocephaly-ciliary dysfunction syndrome,Disorder,0,0,0,
84064,Trichohepatoenteric syndrome,Disorder,2,1,1,38.699999999999996
84065,Idiopathic malabsorption due to bile acid synthesis defects,Disorder,0,0,0,
84081,Senior-Boichis syndrome,Disorder,2,1,1,0.0
84085,Hinman syndrome,Disorder,0,1,1,0.0
84087,Collagen type III glomerulopathy,Disorder,0,0,0,
84090,Fibronectin glomerulopathy,Disorder,1,1,1,8.0
84093,Hereditary thermosensitive neuropathy,Disorder,0,1,1,0.5
84096,OBSOLETE: Unknown leukodystrophy,Disorder,0,0,0,
84132,Desmin-related myopathy with Mallory body-like inclusions,Disorder,1,1,1,2.5
84142,Isaacs syndrome,Disorder,0,1,1,75.0
84271,Sporadic idiopathic steroid-resistant nephrotic syndrome,Disorder,0,0,0,
85102,Perineurioma,Group of disorders,0,0,0,
85110,Familial encephalopathy with neuroserpin inclusion bodies,Disorder,0,1,1,3.0
85112,Palmoplantar keratoderma-XX sex reversal-predisposition to squamous cell carcinoma syndrome,Disorder,1,1,1,2.5
85128,Bothnia retinal dystrophy,Disorder,1,1,1,0.0
85136,Cystic leukoencephalopathy without megalencephaly,Disorder,2,1,1,25.0
85138,Addison disease,Disorder,0,1,1,22.45
85142,NON RARE IN EUROPE: Aldosterone-producing adenoma,Disorder,0,0,0,
85146,"Neurogenic scapuloperoneal syndrome, Kaeser type",Disorder,1,1,1,7.5
85162,Facial onset sensory and motor neuronopathy,Disorder,0,1,1,23.5
85163,Hypomyelination-congenital cataract syndrome,Disorder,1,1,1,5.0
85164,Camptodactyly-tall stature-scoliosis-hearing loss syndrome,Disorder,1,1,1,15.0
85165,Severe achondroplasia-developmental delay-acanthosis nigricans syndrome,Disorder,1,1,1,2.5
85166,"Platyspondylic dysplasia, Torrance type",Disorder,1,1,1,0.0
85167,Spondylometaphyseal dysplasia-cone-rod dystrophy syndrome,Disorder,1,1,1,9.0
85168,Craniofacial conodysplasia,Disorder,0,1,1,0.5
85169,Familial digital arthropathy-brachydactyly,Disorder,1,1,1,0.0
85170,"Mesomelic dysplasia, Savarirayan type",Disorder,0,1,1,0.0
85172,"Microcephalic osteodysplastic dysplasia, Saul-Wilson type",Disorder,1,1,1,2.0
85173,IMAGe syndrome,Disorder,2,1,1,14.0
85174,Pseudodiastrophic dysplasia,Disorder,0,1,1,6.5
85175,Astley-Kendall dysplasia,Disorder,0,1,1,2.5
85179,Infantile osteopetrosis with neuroaxonal dysplasia,Disorder,1,1,1,0.0
85182,Diaphyseal medullary stenosis-bone malignancy syndrome,Disorder,1,1,1,
85184,"Craniometadiaphyseal dysplasia, wormian bone type",Disorder,0,1,1,2.0
85186,Endosteal sclerosis-cerebellar hypoplasia syndrome,Disorder,1,1,1,2.0
85188,"Metaphyseal dysplasia, Braun-Tinschert type",Disorder,0,1,1,0.0
85191,Singleton-Merten dysplasia,Disorder,2,1,1,11.0
85192,Calvarial doughnut lesions-bone fragility syndrome,Disorder,0,1,1,10.0
85193,Idiopathic juvenile osteoporosis,Disorder,3,1,1,0.0
85194,Spondylo-ocular syndrome,Disorder,1,1,1,3.5
85195,Familial expansile osteolysis,Disorder,1,1,1,
85196,Nodulosis-arthropathy-osteolysis syndrome,Subtype of disorder,0,0,0,
85197,Genochondromatosis type 1,Disorder,0,1,1,0.0
85198,Dysspondyloenchondromatosis,Disorder,1,1,1,5.333333333333333
85199,Craniosynostosis-anal anomalies-porokeratosis syndrome,Disorder,1,1,1,4.5
85200,Ischio-vertebral syndrome,Disorder,0,0,0,
85201,Genitopatellar syndrome,Disorder,1,1,1,11.0
85202,Keutel syndrome,Disorder,1,1,1,15.0
85203,Acropectoral syndrome,Disorder,0,1,1,12.5
85212,Fetal Gaucher disease,Subtype of disorder,1,1,1,25.0
85273,"X-linked intellectual disability, Abidi type",Disorder,0,1,1,4.0
85274,Syndromic X-linked intellectual disability 7,Disorder,0,1,1,5.0
85275,Microphthalmia-ankyloblepharon-intellectual disability syndrome,Disorder,0,1,1,0.0
85276,"X-linked intellectual disability, Armfield type",Disorder,0,1,1,3.0
85277,"X-linked intellectual disability, Cantagrel type",Disorder,1,1,1,15.0
85278,Christianson syndrome,Disorder,1,1,1,1.7241
85279,KDM5C-related syndromic X-linked intellectual disability,Disorder,1,1,1,5.0
85280,X-linked intellectual disability-cubitus valgus-dysmorphism syndrome,Disorder,0,1,1,2.5
85281,OBSOLETE: MECP2 duplication syndrome,Disorder,0,0,0,
85282,MEHMO syndrome,Disorder,1,1,1,11.0
85283,"X-linked intellectual disability, Miles-Carpenter type",Disorder,0,0,0,
85284,BRESEK syndrome,Disorder,1,1,1,2.5
85285,"X-linked intellectual disability, Schimke type",Disorder,0,1,1,2.0
85286,"X-linked intellectual disability, Shashi type",Disorder,1,1,1,4.5
85287,"X-linked intellectual disability, Siderius type",Disorder,1,1,1,1.0
85288,"X-linked intellectual disability, Stocco Dos Santos type",Disorder,1,1,1,0.5
85289,"X-linked intellectual disability, Vitale type",Disorder,0,0,0,
85290,"X-linked intellectual disability, Wilson type",Disorder,0,1,1,1.5
85291,"X-linked intellectual disability, Wittwer type",Disorder,0,0,0,
85292,X-linked spinocerebellar ataxia type 4,Disorder,0,1,1,0.5
85293,"X-linked intellectual disability, Cabezas type",Disorder,1,1,1,12.0
85294,X-linked epilepsy-learning disabilities-behavior disorders syndrome,Disorder,1,1,1,0.0
85295,"HSD10 disease, atypical type",Subtype of disorder,1,1,1,2.5
85297,X-linked spinocerebellar ataxia type 3,Disorder,0,1,1,2.5
85317,X-linked intellectual disability-hypogammaglobulinemia-progressive neurological deterioration syndrome,Disorder,0,1,1,1.5
85318,OBSOLETE: X-linked intellectual disability-precocious puberty-obesity syndrome,Disorder,0,0,0,
85319,X-linked intellectual disability-epilepsy-progressive joint contractures-dysmorphism syndrome,Disorder,0,1,1,1.0
85320,X-linked intellectual disability-macrocephaly-macroorchidism syndrome,Disorder,0,1,1,6.0
85321,"Deafness-intellectual disability syndrome, Martin-Probst type",Disorder,0,1,1,1.5
85322,"X-linked intellectual disability, Pai type",Disorder,0,1,1,0.5
85323,"X-linked intellectual disability, Seemanova type",Disorder,0,1,1,2.0
85324,"X-linked intellectual disability, Shrimpton type",Disorder,0,1,1,1.5
85325,"X-linked intellectual disability, Stevenson type",Disorder,0,1,1,2.0
85326,"X-linked intellectual disability, Stoll type",Disorder,0,1,1,2.0
85327,X-linked intellectual disability-acromegaly-hyperactivity syndrome,Disorder,0,1,1,1.0
85328,"X-linked intellectual disability, Turner type",Disorder,0,0,0,
85329,X-linked intellectual disability-hypotonia-facial dysmorphism-aggressive behavior syndrome,Disorder,1,1,1,5.0
85330,X-linked intellectual disability-corpus callosum agenesis-spastic quadriparesis syndrome,Disorder,0,0,0,
85331,OBSOLETE: X-linked intellectual disability-obesity-short stature syndrome,Disorder,0,0,0,
85332,X-linked intellectual disability-retinitis pigmentosa syndrome,Disorder,0,1,1,0.0
85333,X-linked intellectual disability-spastic paraplegia with iron deposits syndrome,Disorder,0,0,0,
85334,"X-linked neurodegenerative syndrome, Bertini type",Disorder,0,1,1,3.5
85335,Fried syndrome,Disorder,1,1,1,0.5
85336,"X-linked neurodegenerative syndrome, Hamel type",Disorder,0,1,1,5.5
85337,"X-linked intellectual disability, Zorick type",Disorder,0,0,0,
85338,X-linked intellectual disability-ataxia-apraxia syndrome,Disorder,0,1,1,4.5
85408,Rheumatoid factor-negative polyarticular juvenile idiopathic arthritis,Disorder,7,1,1,8.0
85410,Oligoarticular juvenile idiopathic arthritis,Disorder,7,1,1,20.5
85414,Systemic-onset juvenile idiopathic arthritis,Disorder,4,1,1,1.85
85435,Rheumatoid factor-positive polyarticular juvenile idiopathic arthritis,Disorder,0,1,1,4.2
85436,Psoriasis-related juvenile idiopathic arthritis,Disorder,0,1,1,0.0
85438,Enthesitis-related juvenile idiopathic arthritis,Disorder,0,1,1,5.7
85442,Short stature-pituitary and cerebellar defects-small sella turcica syndrome,Disorder,1,1,1,2.5
85443,AL amyloidosis,Disorder,0,1,1,3.2921333333333336
85445,AA amyloidosis,Disorder,1,1,1,0.0
85446,Wild type ABeta2M amyloidosis,Disorder,0,1,1,4.5
85447,ATTRV30M amyloidosis,Subtype of disorder,1,1,1,24.8425
85448,AGel amyloidosis,Disorder,1,1,1,237.5
85450,Hereditary amyloidosis with primary renal involvement,Disorder,0,1,1,0.0
85451,ATTRV122I amyloidosis,Subtype of disorder,1,1,1,0.0
85453,X-linked reticulate pigmentary disorder,Disorder,1,1,1,3.0
85458,Hereditary cerebral amyloid angiopathy,Disorder,0,1,1,175.0
86309,DPAGT1-CDG,Disorder,1,1,1,9.0
86788,X-linked severe congenital neutropenia,Disorder,1,1,1,22.5
86789,Isolated patella aplasia/hypoplasia,Disorder,0,1,1,2.5
86795,Localized lichen myxedematosus,Group of disorders,0,0,0,
86797,Atypical lichen myxedematosus,Disorder,0,1,1,10.0
86812,POMT1-related limb-girdle muscular dystrophy R11,Disorder,1,1,1,0.0
86813,Helicoid peripapillary chorioretinal degeneration,Disorder,1,1,1,50.0
86814,Familial adult myoclonic epilepsy,Disorder,8,1,1,1.4
86815,Aplasia of lacrimal and salivary glands,Disorder,1,1,1,
86816,Congenital analbuminemia,Disorder,1,1,1,25.0
86817,Hemolytic anemia due to adenylate kinase deficiency,Disorder,1,1,1,3.5
86818,Alport syndrome-intellectual disability-midface hypoplasia-elliptocytosis syndrome,Disorder,3,1,1,1.0
86819,Atrichia with papular lesions,Disorder,1,1,1,
86820,Familial avascular necrosis of femoral head,Disorder,2,1,1,2.5
86821,Lissencephaly type 3-familial fetal akinesia sequence syndrome,Disorder,0,1,1,2.5
86822,Lissencephaly type 3-metacarpal bone dysplasia syndrome,Disorder,0,1,1,1.0
86823,Lissencephaly with cerebellar hypoplasia,Group of disorders,0,0,0,0.0
86829,Chronic neutrophilic leukemia,Disorder,1,1,1,0.0
86830,"Chronic myeloproliferative disease, unclassifiable",Disorder,1,1,1,0.53
86834,Juvenile myelomonocytic leukemia,Disorder,6,1,1,0.10000000000000002
86836,Refractory cytopenia with multilineage dysplasia,Group of disorders,0,1,1,0.0
86839,Myelodysplastic neoplasm with increased blasts,Disorder,0,1,1,0.075
86841,Myelodysplastic syndrome associated with isolated del(5q) chromosome abnormality,Disorder,1,1,1,0.0
86843,Acute panmyelosis with myelofibrosis,Disorder,0,1,1,0.06
86845,Acute myeloid leukaemia with myelodysplasia-related features,Disorder,5,1,1,0.0
86846,Therapy related acute myeloid leukemia and myelodysplastic syndrome,Group of disorders,0,1,1,0.0
86849,Acute basophilic leukemia,Disorder,2,1,1,0.0
86850,Myeloid sarcoma,Disorder,0,1,1,0.01
86851,Acute leukemia of ambiguous lineage,Group of disorders,0,1,1,
86852,B-cell prolymphocytic leukemia,Disorder,0,1,1,0.05
86854,Splenic marginal zone lymphoma,Disorder,0,1,1,0.5
86855,Plasmacytoma,Disorder,0,1,1,0.17
86861,Non-amyloid monoclonal immunoglobulin deposition disease,Disorder,0,1,1,
86864,Heavy chain disease,Disorder,0,1,1,0.0
86867,Nodal marginal zone B-cell lymphoma,Disorder,0,1,1,1.0
86869,Lymphomatoid granulomatosis,Disorder,0,1,1,0.0
86870,Blastic plasmacytoid dendritic cell neoplasm,Disorder,0,1,1,6.015
86871,T-cell prolymphocytic leukemia,Disorder,0,1,1,0.0
86872,T-cell large granular lymphocyte leukemia,Disorder,1,1,1,0.2
86873,Aggressive NK-cell leukemia,Disorder,0,1,1,0.0
86875,Adult T-cell leukemia/lymphoma,Disorder,0,1,1,3.0
86879,Extranodal nasal NK/T cell lymphoma,Disorder,0,1,1,2.25
86880,Enteropathy-associated T-cell lymphoma,Disorder,0,1,1,0.05555
86882,Hepatosplenic T-cell lymphoma,Disorder,0,1,1,0.015
86884,Subcutaneous panniculitis-like T-cell lymphoma,Disorder,1,1,1,0.0
86885,Primary cutaneous peripheral T-cell lymphoma not otherwise specified,Disorder,0,1,1,
86886,Angioimmunoblastic T-cell lymphoma,Disorder,0,1,1,0.05
86893,Nodular lymphocyte predominant Hodgkin lymphoma,Disorder,0,1,1,0.08934782608695653
86896,Histiocytic sarcoma,Disorder,0,1,1,0.0
86897,Langerhans cell sarcoma,Disorder,0,1,1,
86900,Interdigitating dendritic cell sarcoma,Disorder,0,1,1,0.0
86902,Follicular dendritic cell sarcoma,Disorder,0,1,1,0.0
86903,Dendritic cell sarcoma not otherwise specified,Disorder,0,0,0,
86904,Methotrexate-associated lymphoproliferative disorders,Disorder,0,0,0,
86906,Gelastic seizures with hypothalamic hamartoma,Disorder,0,0,0,
86908,Hemiconvulsion-hemiplegia-epilepsy syndrome,Disorder,0,0,0,
86909,Myoclonic epilepsy of infancy,Disorder,0,1,1,53.0
86911,Epilepsy with myoclonic absences,Disorder,1,1,1,
86913,Myoclonic epilepsy in non-progressive encephalopathies,Disorder,0,1,1,0.0
86914,Lymphedema-cerebral arteriovenous anomaly-primary pulmonary hypertension syndrome,Disorder,0,1,1,2.5
86915,Lymphedema-atrial septal defects-facial changes syndrome,Disorder,0,1,1,2.5
86917,OBSOLETE: Lymphedema-cleft palate syndrome,Disorder,0,0,0,
86918,Diffuse palmoplantar keratoderma-acrocyanosis syndrome,Disorder,0,1,1,5.0
86919,Keratosis palmaris et plantaris-clinodactyly syndrome,Disorder,0,1,1,10.0
86920,Dermatopathia pigmentosa reticularis,Disorder,1,1,1,10.0
86923,"Hereditary palmoplantar keratoderma, Gamborg-Nielsen type",Disorder,0,0,0,
87277,Rare intellectual disability,Group of disorders,0,0,0,
87503,Mal de Meleda,Disorder,1,1,1,1.0
87876,Sialidosis type 2,Disorder,0,1,1,0.0
87884,Rare non-syndromic genetic deafness,Disorder,0,1,1,0.0
88616,Autosomal recessive non-syndromic intellectual disability,Subtype of disorder,54,1,1,
88618,S-adenosylhomocysteine hydrolase deficiency,Disorder,1,1,1,7.5
88619,Familial acute necrotizing encephalopathy,Disorder,1,1,1,7.0
88620,Isolated congenital anosmia,Disorder,2,1,1,7.5
88621,Ichthyosis-prematurity syndrome,Disorder,1,1,1,8.0
88628,Posterior column ataxia-retinitis pigmentosa syndrome,Disorder,1,1,1,10.0
88629,Tritanopia,Disorder,1,1,1,4.8
88630,Terminal osseous dysplasia-pigmentary defects syndrome,Disorder,1,1,1,0.0
88632,Anterior segment developmental anomaly,Group of disorders,0,1,1,
88633,Superior limbic keratoconjunctivitis,Disorder,0,0,0,
88635,Vacuolar myopathy with sarcoplasmic reticulum protein aggregates,Disorder,1,1,1,2.0
88636,Aortic dilatation-joint hypermobility-arterial tortuosity syndrome,Disorder,0,0,0,
88637,Hypomyelination-hypogonadotropic hypogonadism-hypodontia syndrome,Subtype of disorder,3,1,1,0.0
88639,Neurodegeneration due to 3-hydroxyisobutyryl-CoA hydrolase deficiency,Disorder,1,1,1,10.0
88642,Congenital insensitivity to pain-anosmia-neuropathic arthropathy,Disorder,3,1,1,10.0
88643,Obesity-colitis-hypothyroidism-cardiac hypertrophy-developmental delay syndrome,Disorder,0,1,1,1.0
88644,"Autosomal recessive ataxia, Beauce type",Disorder,1,1,1,28.5
88659,Autosomal dominant progressive nephropathy with hypertension,Disorder,0,1,1,7.0
88660,Hypertension due to gain-of-function mutations in the mineralocorticoid receptor,Disorder,0,0,0,
88661,Amelogenesis imperfecta,Disorder,0,1,1,59.775
88673,Hepatocellular carcinoma,Group of disorders,0,1,1,10.547441176470588
88917,X-linked Alport syndrome,Subtype of disorder,1,1,1,0.625
88918,Autosomal dominant Alport syndrome,Subtype of disorder,2,1,1,
88919,Autosomal recessive Alport syndrome,Subtype of disorder,2,1,1,
88924,Autosomal dominant polycystic kidney disease type 1 with tuberous sclerosis,Disorder,2,1,1,15.0
88938,Pseudohypoaldosteronism type 2A,Subtype of disorder,0,0,0,
88939,Pseudohypoaldosteronism type 2B,Subtype of disorder,1,1,1,
88940,Pseudohypoaldosteronism type 2C,Subtype of disorder,1,1,1,
88949,MUC1-related autosomal dominant tubulointerstitial kidney disease,Subtype of disorder,1,1,1,0.11750000000000001
88950,UMOD-related autosomal dominant tubulointerstitial kidney disease,Subtype of disorder,1,1,1,3.5666666666666664
88991,Rare congenital non-syndromic heart malformation,Group of disorders,0,0,0,115.4
88993,Esophageal malformation,Group of disorders,0,0,0,
89043,Rare dementia,Group of disorders,0,0,0,
89826,Rare skin disease,Group of disorders,0,0,0,
89832,OBSOLETE: Syndromic lymphedema,Group of disorders,0,0,0,
89833,Palmoplantar keratoderma with tonotubular keratin,Disorder,0,0,0,
89838,Autosomal recessive generalized epidermolysis bullosa simplex,Disorder,1,1,1,9.5
89839,OBSOLETE: Epidermolysis bullosa simplex superficialis,Disorder,0,0,0,
89840,"OBSOLETE: Junctional epidermolysis bullosa, non-Herlitz type",Disorder,0,0,0,
89841,OBSOLETE: Centripetalis recessive dystrophic epidermolysis bullosa,Disorder,0,0,0,
89842,"Autosomal recessive generalized dystrophic epidermolysis bullosa, intermediate form",Disorder,1,1,1,0.0
89843,Dystrophic epidermolysis bullosa pruriginosa,Disorder,1,1,1,50.0
89844,"Lissencephaly syndrome, Norman-Roberts type",Subtype of disorder,3,1,1,0.0
89845,OBSOLETE: Idiopathic hydrops fetalis,Disorder,0,0,0,
89936,X-linked hypophosphatemia,Disorder,1,1,1,2.346
89937,Autosomal dominant hypophosphatemic rickets,Disorder,1,1,1,50.0
89938,Bartter syndrome type 4,Subtype of disorder,3,1,1,0.0
89939,NON RARE IN EUROPE: Hyperkalemic renal tubular acidosis,Disorder,0,0,0,
90000,Erythema elevatum diutinum,Disorder,0,1,1,0.0
90001,X-linked cone dysfunction syndrome with myopia,Disorder,2,1,1,5.0
90002,Undifferentiated connective tissue syndrome,Disorder,0,0,0,
90003,Inflammatory pseudotumor of the liver,Disorder,0,1,1,70.0
90020,Parkinson-dementia complex of Guam,Disorder,2,0,0,
90021,Radiation myelitis,Disorder,0,0,0,
90022,OBSOLETE: Cardiomyopathy-renal anomalies syndrome,Disorder,0,0,0,
90023,Primary immunodeficiency syndrome due to P14/LAMTOR2 deficiency,Disorder,1,1,1,2.0
90024,"Deafness with labyrinthine aplasia, microtia, and microdontia",Disorder,1,1,1,28.0
90025,Non-syndromic syndactyly,Group of disorders,0,0,0,
90026,Primary erythromelalgia,Disorder,3,1,1,0.55
90030,Hemolytic anemia due to glutathione reductase deficiency,Disorder,1,1,1,1.5
90031,Non-spherocytic hemolytic anemia due to hexokinase deficiency,Disorder,1,1,1,8.5
90033,"Autoimmune hemolytic anemia, warm type",Disorder,0,1,1,0.0
90035,Paroxysmal cold hemoglobinuria,Disorder,0,1,1,0.0
90036,Mixed-type autoimmune hemolytic anemia,Disorder,0,1,1,0.0
90037,Drug-induced autoimmune hemolytic anemia,Disorder,0,1,1,0.0
90038,Shiga toxin-associated hemolytic uremic syndrome,Subtype of disorder,0,1,1,1.05
90039,Hemoglobin D disease,Disorder,1,1,1,0.0
90041,Gaisböck syndrome,Disorder,0,1,1,0.0
90042,Primary familial polycythemia,Disorder,1,1,1,0.0
90044,Familial pseudohyperkalemia,Disorder,1,1,1,0.0
90045,Hereditary folate malabsorption,Disorder,1,1,1,15.0
90050,Retinopathy of prematurity,Disorder,3,1,1,0.0
90051,Sepsis in premature infants,Disorder,0,1,1,32.0
90052,Recurrent hepatitis C virus induced liver disease in liver transplant recipients,Disorder,0,1,1,7.0
90053,Complications after hematopoietic stem cell transplantation,Disorder,0,1,1,0.65
90055,OBSOLETE: Rejection after corneal transplantation,Disorder,0,0,0,
90056,Moderate and severe traumatic brain injury,Disorder,0,1,1,37.8
90058,Spinal cord injury,Disorder,0,1,1,17.785
90059,Sudden sensorineural hearing loss,Disorder,0,1,1,40.0
90060,Diffuse alveolar hemorrhage,Disorder,0,1,1,1.0
90061,Non-infectious posterior uveitis,Group of disorders,0,0,0,18.0
90062,Acute liver failure,Disorder,0,1,1,20.0
90064,Acute peripheral arterial occlusion,Disorder,0,1,1,16.0
90065,Acquired aneurysmal subarachnoid hemorrhage,Disorder,0,1,1,10.0
90066,Pneumonia caused by Pseudomonas aeruginosa infection,Disorder,0,1,1,50.0
90068,Cocaine intoxication,Disorder,0,1,1,1.0
90069,Systemic monochloroacetate poisoning,Disorder,0,1,1,0.0
90070,OBSOLETE: Methotrexate poisoning,Disorder,0,0,0,
90073,Hepatitis B reinfection following liver transplantation,Disorder,0,1,1,2.0
90076,Partial deep dermal and full thickness burns,Disorder,0,1,1,10.0
90077,Other acquired skin disease,Group of disorders,0,0,0,
90078,Invasive infections due to vancomycin-resistant enterococci,Disorder,0,1,1,0.0
90079,OBSOLETE: Anthracycline extravasation,Disorder,0,0,0,
90080,Scarring in glaucoma filtration surgical procedures,Disorder,0,1,1,22.0
90081,AIDS wasting syndrome,Disorder,0,1,1,20.0
90103,Charcot-Marie-Tooth disease-deafness-intellectual disability syndrome,Disorder,0,1,1,3.5
90114,Autosomal dominant intermediate Charcot-Marie-Tooth disease,Group of disorders,0,1,1,0.0
90117,"Hereditary motor and sensory neuropathy, Okinawa type",Disorder,1,1,1,60.0
90118,Severe early-onset axonal neuropathy due to MFN2 deficiency,Disorder,1,1,1,
90119,Hereditary motor and sensory neuropathy with acrodystrophy,Disorder,0,1,1,
90120,Hereditary motor and sensory neuropathy type 6,Disorder,2,1,1,36.5
90153,Mandibuloacral dysplasia with type A lipodystrophy,Subtype of disorder,1,1,1,
90154,Mandibuloacral dysplasia with type B lipodystrophy,Subtype of disorder,1,1,1,
90156,Centrifugal lipodystrophy,Disorder,0,1,1,84.0
90157,Drug-induced localized lipodystrophy,Disorder,0,1,1,5.0
90158,Idiopathic localized lipodystrophy,Disorder,0,1,1,0.0
90159,Panniculitis-induced localized lipodystrophy,Disorder,0,1,1,0.0
90160,Pressure-induced localized lipoatrophy,Disorder,0,1,1,
90185,Non-hereditary late-onset primary lymphedema,Disorder,0,0,0,
90186,Meige disease,Disorder,1,1,1,0.0
90280,Chilblain lupus,Disorder,0,1,1,35.0
90281,Discoid lupus erythematosus,Disorder,0,1,1,12.253333333333332
90282,Hypertrophic or verrucous lupus erythematosus,Disorder,0,0,0,
90283,Lupus erythematosus tumidus,Disorder,0,1,1,125.0
90285,Lupus erythematosus panniculitis,Disorder,0,1,1,0.1925
90287,OBSOLETE: Maculopapular lupus rash,Disorder,0,0,0,
90289,Localized scleroderma,Disorder,0,1,1,0.0
90290,CREST syndrome,Subtype of disorder,0,0,0,
90291,Systemic sclerosis,Disorder,0,1,1,49.02470588235294
90301,Acanthosis nigricans-insulin resistance-muscle cramps-acral enlargement syndrome,Disorder,0,1,1,2.5
90307,Parkes Weber syndrome,Disorder,1,1,1,0.0
90308,Capillary-lymphatic-venous malformation with segmental distribution,Disorder,2,1,1,0.007
90309,OBSOLETE: Ehlers-Danlos syndrome type 1,Subtype of disorder,0,0,0,
90318,OBSOLETE: Ehlers-Danlos syndrome type 2,Subtype of disorder,0,0,0,
90321,Cockayne syndrome type 1,Subtype of disorder,3,1,1,
90322,Cockayne syndrome type 2,Subtype of disorder,3,1,1,
90324,Cockayne syndrome type 3,Subtype of disorder,2,1,1,
90338,Margarita island ectodermal dysplasia,Disorder,0,0,0,
90339,OBSOLETE: Rosselli-Gulienetti syndrome,Disorder,0,0,0,
90340,Blau syndrome,Disorder,1,1,1,0.03
90341,Early-onset sarcoidosis,Disorder,0,0,0,
90342,Xeroderma pigmentosum variant,Disorder,1,1,1,25.0
90345,OBSOLETE: Unclassified metaphyseal chondrodysplasia,Disorder,0,0,0,
90348,Autosomal dominant cutis laxa,Disorder,3,1,1,25.0
90349,Autosomal recessive cutis laxa type 1,Disorder,3,1,1,30.0
90350,Autosomal recessive cutis laxa type 2,Group of disorders,0,1,1,20.0
90354,Brittle cornea syndrome,Disorder,2,1,1,32.5
90362,Primary intestinal lymphangiectasia,Disorder,0,1,1,0.0
90363,Secondary intestinal lymphangiectasia,Disorder,0,1,1,
90368,Hypotrichosis simplex of the scalp,Disorder,2,1,1,0.0
90389,Telangiectasia macularis eruptiva perstans,Subtype of disorder,1,1,1,
90390,Anonychia-onychodystrophy syndrome,Subtype of disorder,0,1,1,7.0
90393,Nodular lichen myxedematosus,Disorder,0,0,0,
90394,Discrete papular lichen myxedematosus,Disorder,0,0,0,
90395,Papular mucinosis of infancy,Disorder,0,0,0,7.0
90396,Acral persistent papular mucinosis,Disorder,0,0,0,20.0
90397,Self-healing papular mucinosis,Disorder,0,1,1,12.0
90398,Localized lichen myxedematosus with mixed features of different subtypes,Subtype of disorder,0,1,1,5.0
90399,Localized lichen myxedematosus with monoclonal gammopathy or systemic symptoms,Subtype of disorder,0,1,1,2.5
90400,Scleromyxedema without monoclonal gammopathy,Subtype of disorder,0,1,1,7.5
90625,Rare X-linked non-syndromic sensorineural deafness type DFN,Subtype of disorder,3,1,1,0.0
90635,Rare autosomal dominant non-syndromic sensorineural deafness type DFNA,Subtype of disorder,50,1,1,0.0
90636,Rare autosomal recessive non-syndromic sensorineural deafness type DFNB,Subtype of disorder,74,1,1,0.0
90641,Rare mitochondrial non-syndromic sensorineural deafness,Subtype of disorder,8,1,1,0.0
90642,Rare syndromic genetic deafness,Group of disorders,0,0,0,
90646,Deafness-hypogonadism syndrome,Disorder,0,1,1,2.5
90647,Jervell and Lange-Nielsen syndrome,Disorder,2,1,1,0.3
90649,Orofaciodigital syndrome type 7,Disorder,0,0,0,
90650,Otopalatodigital syndrome type 1,Disorder,1,1,1,0.0
90652,Otopalatodigital syndrome type 2,Disorder,1,1,1,20.0
90653,Stickler syndrome type 1,Subtype of disorder,1,1,1,
90654,Stickler syndrome type 2,Subtype of disorder,1,1,1,
90658,Charcot-Marie-Tooth disease type 1E,Disorder,1,1,1,0.0
90673,Hypothyroidism due to TSH receptor mutations,Disorder,1,1,1,0.0
90674,Isolated thyroid-stimulating hormone deficiency,Disorder,1,1,1,0.0
90692,Rare endocrine growth disease,Group of disorders,0,0,0,
90695,Non-acquired panhypopituitarism,Disorder,2,1,1,20.5
90771,Difference of sex development,Group of disorders,0,0,0,
90776,"46,XX difference of sex development induced by fetal androgens excess",Group of disorders,0,0,0,
90783,"46,XY difference of sex development due to a testosterone synthesis defect",Group of disorders,0,0,0,
90786,"46,XY difference of sex development due to adrenal and testicular steroidogenesis defect",Group of disorders,0,0,0,
90787,"46,XY difference of sex development due to testicular steroidogenesis defect",Group of disorders,0,0,0,
90790,Congenital lipoid adrenal hyperplasia due to STAR deficency,Disorder,0,1,1,0.0
90791,Congenital adrenal hyperplasia due to 3-beta-hydroxysteroid dehydrogenase deficiency,Disorder,1,1,1,34.0
90793,Congenital adrenal hyperplasia due to 17-alpha-hydroxylase deficiency,Disorder,1,1,1,0.1
90794,Classic congenital adrenal hyperplasia due to 21-hydroxylase deficiency,Disorder,0,1,1,6.572727272727272
90795,Congenital adrenal hyperplasia due to 11-beta-hydroxylase deficiency,Disorder,1,1,1,0.61
90796,"46,XY difference of sex development due to isolated 17,20-lyase deficiency",Disorder,2,1,1,7.5
90797,Partial androgen insensitivity syndrome,Disorder,1,1,1,0.0
90970,Primary lipodystrophy,Group of disorders,0,1,1,0.0
91024,Autosomal recessive axonal hereditary motor and sensory neuropathy,Group of disorders,0,1,1,
91088,Other metabolic disease,Group of disorders,0,0,0,
91127,Adenovirus infection in immunocompromised patients,Disorder,0,1,1,18.0
91128,OBSOLETE: Graft rejection after lung transplantation,Disorder,0,0,0,
91129,Anophthalmia-heart and pulmonary anomalies-intellectual disability syndrome,Disorder,0,0,0,
91130,Cardiomyopathy-hypotonia-lactic acidosis syndrome,Disorder,1,1,1,1.0
91131,DK1-CDG,Disorder,1,1,1,8.5
91132,Ichthyosis-hypotrichosis syndrome,Disorder,1,1,1,5.5
91133,OBSOLETE: Osteopenia-myopia-hearing loss-intellectual disability-facial dysmorphism syndrome,Disorder,0,0,0,
91135,Body skin hyperlaxity due to vitamin K-dependent coagulation factor deficiency,Disorder,1,1,1,5.5
91136,Acquired monoclonal Ig light chain-associated Fanconi syndrome,Disorder,0,1,1,50.0
91137,Immunotactoid or fibrillary glomerulopathy,Group of disorders,0,1,1,0.0
91138,Cryoglobulinemic vasculitis,Disorder,0,1,1,0.5
91139,Simple cryoglobulinemia,Disorder,0,1,1,0.0
91140,Unspecified juvenile idiopathic arthritis,Disorder,0,1,1,0.0
91144,"46,XX difference of sex development induced by maternal-derived androgen",Group of disorders,0,0,0,
91347,TSH-secreting pituitary adenoma,Disorder,1,1,1,0.28
91348,Functioning gonadotropic adenoma,Disorder,0,1,1,
91349,Non-functioning pituitary adenoma,Disorder,0,1,1,36.53333333333333
91350,Pituitary deficiency due to Rathke cleft cysts,Disorder,0,1,1,0.0
91351,Pituitary dermoid and epidermoid cysts,Disorder,0,1,1,
91352,Germinoma of the central nervous system,Subtype of disorder,1,1,1,
91353,OBSOLETE: Choristoma,Disorder,0,0,0,
91354,Pituitary deficiency due to empty sella turcica syndrome,Disorder,0,1,1,
91355,Sheehan syndrome,Disorder,0,1,1,0.0
91357,Duplication of the esophagus,Group of disorders,0,0,0,
91358,Congenital esophageal diverticulum,Disorder,0,0,0,
91359,Chronic pneumonitis of infancy,Disorder,0,1,1,0.0
91364,Non-specific interstitial pneumonia,Disorder,0,0,0,
91365,OBSOLETE: Secondary ciliary dyskinesia,Disorder,0,0,0,
91378,Hereditary angioedema,Group of disorders,0,1,1,2.25
91385,Acquired angioedema,Group of disorders,0,1,1,66.70333333333333
91387,Familial thoracic aortic aneurysm and aortic dissection,Disorder,20,1,1,11.0
91396,Isolated cryptophthalmia,Disorder,0,1,1,15.0
91397,Isolated ankyloblepharon filiforme adnatum,Disorder,0,1,1,0.0
91411,Congenital ptosis,Disorder,2,1,1,0.0
91412,Marcus-Gunn syndrome,Disorder,0,1,1,0.0
91413,Congenital Horner syndrome,Disorder,0,0,0,
91414,Pilomatrixoma,Disorder,1,1,1,0.0
91415,OBSOLETE: Familial capillary hemangioma,Disorder,0,0,0,
91416,Isolated congenital alacrima,Disorder,0,1,1,0.0
91481,Ring dermoid of cornea,Disorder,1,1,1,15.0
91483,Rieger anomaly,Disorder,2,1,1,
91489,Isolated congenital megalocornea,Disorder,1,1,1,
91490,Isolated congenital sclerocornea,Disorder,1,1,1,
91491,Congenital ectropion uveae,Disorder,0,1,1,
91492,Early onset non-syndromic cataract,Disorder,0,1,1,
91494,Macular coloboma-cleft palate-hallux valgus syndrome,Disorder,0,1,1,1.0
91495,Persistent hyperplastic primary vitreous,Disorder,3,1,1,0.0
91496,Snowflake vitreoretinal degeneration,Disorder,1,1,1,25.0
91498,Familial congenital palsy of trochlear nerve,Disorder,0,1,1,3.0
91500,Tubulointerstitial nephritis and uveitis syndrome,Disorder,0,1,1,0.0
91546,Lyme disease,Disorder,0,1,1,52.05285714285714
91547,Relapsing fever,Disorder,0,1,1,0.0
92050,Congenital tufting enteropathy,Disorder,1,1,1,0.25
93100,"Renal agenesis, unilateral",Subtype of disorder,8,1,1,25.0
93101,Renal hypoplasia,Disorder,0,1,1,0.0
93108,Renal dysplasia,Disorder,0,1,1,21.75
93109,Congenital megacalycosis,Disorder,0,1,1,12.5
93110,Posterior urethral valve,Disorder,1,1,1,4.175
93111,HNF1B-related autosomal dominant tubulointerstitial kidney disease,Subtype of disorder,1,1,1,0.0
93114,Autosomal dominant intermediate Charcot-Marie-Tooth disease type E,Disorder,1,1,1,10.5
93126,Pauci-immune glomerulonephritis,Disorder,0,1,1,0.0
93160,Hypocalcemic vitamin D-resistant rickets,Disorder,1,1,1,0.0
93164,Transient pseudohypoaldosteronism,Disorder,0,1,1,76.0
93172,"Renal dysplasia, unilateral",Subtype of disorder,1,1,1,0.0
93173,"Renal dysplasia, bilateral",Subtype of disorder,1,1,1,0.0
93176,Unilateral congenital megacalycosis,Subtype of disorder,0,0,0,
93177,Congenital bilateral megacalycosis,Subtype of disorder,0,0,0,
93178,OBSOLETE: Partial prune belly syndrome,Subtype of disorder,0,0,0,
93206,OBSOLETE: Idiopathic steroid-sensitive nephrotic syndrome with focal segmental hyalinosis,Subtype of disorder,0,0,0,
93207,OBSOLETE: Idiopathic steroid-sensitive nephrotic syndrome with minimal change,Subtype of disorder,0,0,0,
93209,OBSOLETE: Idiopathic steroid-sensitive nephrotic syndrome with diffuse mesangial proliferation,Subtype of disorder,0,0,0,
93213,OBSOLETE: Familial idiopathic steroid-resistant nephrotic syndrome with focal segmental hyalinosis,Subtype of disorder,0,0,0,
93214,OBSOLETE: Familial idiopathic steroid-resistant nephrotic syndrome with diffuse mesangial proliferation,Subtype of disorder,0,0,0,
93216,OBSOLETE: Familial idiopathic steroid-resistant nephrotic syndrome with minimal changes,Subtype of disorder,0,0,0,
93217,OBSOLETE: Familial idiopathic steroid-resistant nephrotic syndrome with diffuse mesangial sclerosis,Subtype of disorder,0,0,0,
93218,OBSOLETE: Sporadic idiopathic steroid-resistant nephrotic syndrome with focal segmental hyalinosis,Subtype of disorder,0,0,0,
93220,OBSOLETE: Sporadic idiopathic steroid-resistant nephrotic syndrome with diffuse mesangial sclerosis,Subtype of disorder,0,0,0,
93221,OBSOLETE: Sporadic idiopathic steroid-resistant nephrotic syndrome with minimal changes,Subtype of disorder,0,0,0,
93222,OBSOLETE: Sporadic idiopathic steroid-resistant nephrotic syndrome with diffuse mesangial proliferation,Subtype of disorder,0,0,0,
93256,Fragile X-associated tremor/ataxia syndrome,Disorder,1,1,1,2.1
93258,Pfeiffer syndrome type 1,Subtype of disorder,2,1,1,0.0
93259,Pfeiffer syndrome type 2,Subtype of disorder,1,1,1,0.0
93260,Pfeiffer syndrome type 3,Subtype of disorder,1,1,1,0.0
93262,Crouzon syndrome-acanthosis nigricans syndrome,Disorder,1,1,1,0.05
93267,Cloverleaf skull-multiple congenital anomalies syndrome,Disorder,0,1,1,1.5
93268,"Short rib-polydactyly syndrome, Beemer-Langer type",Disorder,2,1,1,
93269,"Short rib-polydactyly syndrome, Majewski type",Disorder,3,1,1,17.0
93270,"Short rib-polydactyly syndrome, Saldino-Noonan type",Disorder,1,1,1,
93271,"Short rib-polydactyly syndrome, Verma-Naumoff type",Disorder,5,1,1,2.6
93274,Thanatophoric dysplasia type 2,Subtype of disorder,1,1,1,0.0
93275,"Thanatophoric dysplasia, Glasgow variant",Subtype of disorder,0,0,0,
93276,Polyostotic fibrous dysplasia,Subtype of disorder,1,1,1,
93277,Monostotic fibrous dysplasia,Subtype of disorder,1,1,1,
93279,Mild spondyloepiphyseal dysplasia due to COL2A1 mutation with early-onset osteoarthritis,Disorder,1,1,1,2.0
93280,"Spondyloepiphyseal dysplasia, Omani type",Disorder,0,0,0,
93282,"Spondyloepimetaphyseal dysplasia, PAPSS2 type",Disorder,1,1,1,8.5
93283,"Spondyloepiphyseal dysplasia, Kimberley type",Disorder,1,1,1,0.5
93284,Spondyloepiphyseal dysplasia tarda,Disorder,1,1,1,0.0
93292,Adenoma of pancreas,Disorder,0,1,1,
93293,Okihiro syndrome,Disorder,0,1,1,
93296,Achondrogenesis type 2,Subtype of disorder,1,1,1,0.0
93297,Hypochondrogenesis,Subtype of disorder,1,1,1,0.0
93298,Achondrogenesis type 1B,Subtype of disorder,1,1,1,0.0
93299,Achondrogenesis type 1A,Subtype of disorder,1,1,1,0.0
93301,"Brachyolmia type 1, Hobaek type",Disorder,0,0,0,
93302,"Brachyolmia, Maroteaux type",Disorder,0,1,1,2.0
93303,"Brachyolmia type 1, Toledo type",Disorder,0,0,0,
93304,Autosomal dominant brachyolmia,Disorder,1,1,1,
93307,Multiple epiphyseal dysplasia type 4,Disorder,1,1,1,0.0
93308,Multiple epiphyseal dysplasia type 1,Disorder,1,1,1,0.0
93311,Multiple epiphyseal dysplasia type 5,Disorder,1,1,1,9.0
93313,"OBSOLETE: Multiple epiphyseal dysplasia, unclassified type",Disorder,0,0,0,
93314,"Spondylometaphyseal dysplasia, Kozlowski type",Disorder,1,1,1,0.0
93315,"Spondylometaphyseal dysplasia, 'corner fracture' type",Disorder,2,1,1,15.0
93316,"Spondylometaphyseal dysplasia, Schmidt type",Disorder,1,1,1,3.5
93317,"Spondylometaphyseal dysplasia, Sedaghatian type",Disorder,1,1,1,4.5
93320,Isolated ulnar hemimelia,Disorder,0,1,1,0.0
93321,Isolated radial hemimelia,Disorder,2,1,1,2.5
93322,Isolated tibial hemimelia,Disorder,1,1,1,0.1
93323,Isolated fibular hemimelia,Disorder,0,1,1,1.1033
93324,Autosomal recessive Kenny-Caffey syndrome,Subtype of disorder,1,1,1,
93325,Autosomal dominant Kenny-Caffey syndrome,Subtype of disorder,1,1,1,
93328,Autosomal dominant omodysplasia,Subtype of disorder,1,1,1,
93329,Autosomal recessive omodysplasia,Subtype of disorder,1,1,1,11.5
93333,Pelviscapular dysplasia,Disorder,1,1,1,2.0
93334,Postaxial polydactyly type A,Disorder,6,1,1,15.699999999999998
93335,Postaxial polydactyly type B,Disorder,2,1,1,43.5
93336,Polydactyly of a triphalangeal thumb,Disorder,2,1,1,
93337,Polydactyly of an index finger,Disorder,0,1,1,0.0
93338,Polysyndactyly,Disorder,1,1,1,
93339,Polydactyly of a biphalangeal thumb and/or hallux,Disorder,1,1,1,
93346,"Spondyloepimetaphyseal dysplasia congenita, Strudwick type",Disorder,1,1,1,15.0
93347,Anauxetic dysplasia,Disorder,3,1,1,5.0
93349,X-linked spondyloepimetaphyseal dysplasia,Disorder,1,1,1,
93351,"Spondyloepimetaphyseal dysplasia, Irapa type",Disorder,0,1,1,0.0
93352,"Spondyloepimetaphyseal dysplasia, Shohat type",Disorder,1,1,1,2.5
93356,"Spondyloepimetaphyseal dysplasia, Missouri type",Disorder,1,1,1,7.0
93357,SPONASTRIME dysplasia,Disorder,1,1,1,8.0
93358,Spondyloepimetaphyseal dysplasia-short limb-abnormal calcification syndrome,Disorder,1,1,1,13.5
93359,OBSOLETE: Spondyloepimetaphyseal dysplasia with joint laxity,Disorder,0,0,0,
93360,"Spondyloepimetaphyseal dysplasia with joint laxity, leptodactylic type",Disorder,1,1,1,0.0
93365,OBSOLETE: CINCA syndrome with NLRP3 mutations,Subtype of disorder,0,0,0,
93367,OBSOLETE: CINCA syndrome without NLRP3 mutations,Subtype of disorder,0,0,0,
93372,Familial hypocalciuric hypercalcemia type 1,Subtype of disorder,1,1,1,26.966666666666665
93382,Brachydactyly type A6,Disorder,0,1,1,3.5
93383,Brachydactyly type B,Disorder,0,1,1,0.0
93384,Brachydactyly type C,Disorder,2,1,1,0.0
93385,NON RARE IN EUROPE: Brachydactyly type D,Disorder,0,0,0,
93387,Brachydactyly type E,Disorder,2,1,1,0.0
93388,Brachydactyly type A1,Disorder,3,1,1,0.0
93389,Brachydactyly type A5,Disorder,0,0,0,
93393,NON RARE IN EUROPE: Brachydactyly type A3,Disorder,0,0,0,
93394,Brachydactyly type A4,Disorder,0,1,1,0.0
93395,Ballard syndrome,Disorder,0,0,0,
93396,Brachydactyly type A2,Disorder,3,1,1,0.0
93397,Brachydactyly type A7,Disorder,0,1,1,0.5
93398,Genochondromatosis type 2,Disorder,0,1,1,5.0
93399,Juvenile sialidosis type 2,Subtype of disorder,1,1,1,
93400,Congenital sialidosis type 2,Subtype of disorder,1,1,1,
93402,Syndactyly type 1,Disorder,0,1,1,12.5
93403,Syndactyly type 2,Disorder,0,1,1,0.0
93404,Syndactyly type 3,Disorder,1,1,1,0.0
93405,Syndactyly type 4,Disorder,2,1,1,2.0
93406,Syndactyly type 5,Disorder,1,1,1,5.0
93409,"Brachydactyly-syndactyly, Zhao type",Disorder,1,1,1,1.0
93419,Rare bone disease,Group of disorders,0,0,0,
93420,FGFR3-related chondrodysplasia,Group of disorders,0,0,0,8.1
93421,Type 2 collagen-related bone disorder,Group of disorders,0,0,0,
93422,Type 11 collagen-related bone disorder,Group of disorders,0,0,0,
93423,Sulfation-related bone disorder,Group of disorders,0,0,0,
93424,OBSOLETE: Perlecan-related bone disorder,Group of disorders,0,0,0,
93425,Filamin-related bone disorder,Group of disorders,0,0,0,
93426,Ciliopathies with major skeletal involvement,Group of disorders,0,0,0,
93427,OBSOLETE: Metatropic dysplasias,Group of disorders,0,0,0,
93429,Multiple epiphyseal dysplasia and pseudoachondroplasia,Group of disorders,0,0,0,
93430,Multiple metaphyseal dysplasia,Group of disorders,0,0,0,
93434,Spondylodysplastic dysplasia,Group of disorders,0,0,0,
93435,OBSOLETE: Moderate spondylodysplastic dysplasia,Group of disorders,0,0,0,
93436,Acromelic dysplasia,Group of disorders,0,0,0,
93437,Acromesomelic dysplasia,Group of disorders,0,0,0,
93438,Mesomelic and rhizo-mesomelic dysplasia,Group of disorders,0,0,0,
93439,Campomelic dysplasia and related disorders,Group of disorders,0,0,0,
93440,Slender bone dysplasia,Group of disorders,0,0,0,
93441,Primary bone dysplasia with multiple joint dislocations,Group of disorders,0,0,0,
93442,Chondrodysplasia punctata,Group of disorders,0,0,0,
93443,Neonatal osteosclerotic dysplasia,Group of disorders,0,0,0,
93444,Primary bone dysplasia with increased bone density,Group of disorders,0,0,0,
93445,OBSOLETE: Bone disease with increased bone density and metaphyseal or diaphyseal involvement,Group of disorders,0,0,0,
93446,Primary bone dysplasia with decreased bone density,Group of disorders,0,0,0,
93447,Primary bone dysplasia with defective bone mineralization,Group of disorders,0,0,0,
93448,Lysosomal storage disease with skeletal involvement,Group of disorders,0,0,0,
93449,Primary osteolysis,Group of disorders,0,0,0,
93450,Primary bone dysplasia with disorganized development of skeletal components,Group of disorders,0,0,0,
93451,Cleidocranial dysplasia and isolated cranial ossification defect,Group of disorders,0,0,0,
93452,OBSOLETE: Craniosynostosis syndrome or cranial ossification disease,Group of disorders,0,0,0,
93453,Dysostosis with predominant craniofacial involvement,Group of disorders,0,0,0,
93454,Dysostosis with predominant vertebral and costal involvement,Group of disorders,0,0,0,
93455,Patellar dysostosis,Group of disorders,0,0,0,
93456,OBSOLETE: Brachydactyly group,Group of disorders,0,0,0,
93457,Non-syndromic limb reduction defect,Group of disorders,0,0,0,
93458,"Non-syndromic polydactyly, syndactyly and/or hyperphalangy",Group of disorders,0,0,0,
93459,Syndrome with synostosis or other joint formation defect,Group of disorders,0,0,0,
93460,Overgrowth syndrome,Group of disorders,0,0,0,
93461,Chromosomal disease with overgrowth,Group of disorders,0,0,0,
93465,Lethal chondrodysplasia,Group of disorders,0,0,0,
93466,OBSOLETE: Limb-girdle bone anomaly,Group of disorders,0,0,0,
93469,OBSOLETE: Harmonic micromelia,Group of disorders,0,0,0,
93470,OBSOLETE: Dysharmonic micromelia,Group of disorders,0,0,0,
93471,OBSOLETE: Miscellaneous metabolic disease associated with bone anomaly,Group of disorders,0,0,0,
93472,OBSOLETE: Dysmorphic syndrome associated with bone anomaly,Group of disorders,0,0,0,
93473,Hurler syndrome,Subtype of disorder,1,1,1,0.48636363636363633
93474,Scheie syndrome,Subtype of disorder,1,1,1,0.135
93476,Hurler-Scheie syndrome,Subtype of disorder,1,1,1,0.12
93545,Renal or urinary tract malformation,Group of disorders,0,0,0,
93546,Non-syndromic renal or urinary tract malformation,Group of disorders,0,0,0,
93547,Syndromic renal or urinary tract malformation,Group of disorders,0,0,0,
93548,Glomerular disease,Group of disorders,0,0,0,
93550,OBSOLETE: Basement membrane disease,Group of disorders,0,0,0,
93551,OBSOLETE: Secondary glomerular disease,Group of disorders,0,0,0,
93552,Pediatric systemic lupus erythematosus,Disorder,4,1,1,0.9
93554,Mixed cryoglobulinemia type II,Subtype of disorder,0,1,1,0.0
93555,Mixed cryoglobulinemia type III,Subtype of disorder,0,1,1,0.0
93556,Heavy chain deposition disease,Subtype of disorder,0,0,0,
93557,Light and heavy chain deposition disease,Subtype of disorder,0,0,0,
93558,Light chain deposition disease,Subtype of disorder,0,0,0,
93559,C3 deposition glomerulonephritis without proliferation,Disorder,0,0,0,
93560,AApoAI amyloidosis,Subtype of disorder,1,1,1,
93561,ALys amyloidosis,Subtype of disorder,1,1,1,3.5
93562,AFib amyloidosis,Subtype of disorder,1,1,1,
93564,OBSOLETE: Pediatric polyarteritis nodosa,Subtype of disorder,0,0,0,
93566,OBSOLETE: Pediatric Sjögren syndrome,Subtype of disorder,0,0,0,
93567,OBSOLETE: Pediatric systemic sclerosis,Subtype of disorder,0,0,0,
93568,Juvenile polymyositis,Disorder,0,1,1,
93569,NON RARE IN EUROPE: Polymyalgia rheumatica,Disorder,0,0,0,
93571,Dense deposit disease,Subtype of disorder,2,1,1,0.25
93573,Thrombotic microangiopathy,Group of disorders,0,0,0,
93575,OBSOLETE: Atypical hemolytic uremic syndrome with C3 anomaly,Subtype of disorder,0,0,0,
93576,OBSOLETE: Atypical hemolytic uremic syndrome with MCP/CD46 anomaly,Subtype of disorder,0,0,0,
93578,OBSOLETE: Atypical hemolytic uremic syndrome with B factor anomaly,Subtype of disorder,0,0,0,
93579,OBSOLETE: Atypical hemolytic uremic syndrome with H factor anomaly,Subtype of disorder,0,0,0,
93580,OBSOLETE: Atypical hemolytic uremic syndrome with I factor anomaly,Subtype of disorder,0,0,0,
93581,Atypical hemolytic uremic syndrome with anti-factor H antibodies,Subtype of disorder,0,0,0,
93583,Congenital thrombotic thrombocytopenic purpura,Subtype of disorder,1,1,1,41.0
93585,Immune-mediated thrombotic thrombocytopenic purpura,Subtype of disorder,0,1,1,0.0
93587,Genetic cystic renal disease,Group of disorders,0,0,0,
93589,Late-onset nephronophthisis,Subtype of disorder,3,1,1,
93591,Infantile nephronophthisis,Subtype of disorder,7,1,1,0.0
93592,Juvenile nephronophthisis,Subtype of disorder,7,1,1,
93593,Nephropathy secondary to a storage or other metabolic disease,Group of disorders,0,0,0,
93594,OBSOLETE: Alpha-1-antichymotrypsin deficiency,Disorder,0,0,0,
93598,Primary hyperoxaluria type 1,Subtype of disorder,1,1,1,0.4058333333333333
93599,Primary hyperoxaluria type 2,Subtype of disorder,1,1,1,5.0
93600,Primary hyperoxaluria type 3,Subtype of disorder,1,1,1,25.0
93601,Xanthinuria type I,Subtype of disorder,1,1,1,
93602,Xanthinuria type II,Subtype of disorder,1,1,1,
93603,Rare renal tubular disease,Group of disorders,0,0,0,
93604,OBSOLETE: Antenatal Bartter syndrome,Subtype of disorder,0,0,0,
93605,Bartter syndrome type 3,Subtype of disorder,1,1,1,0.0
93606,Nephrogenic syndrome of inappropriate antidiuresis,Disorder,1,1,1,10.5
93607,Autosomal recessive proximal renal tubular acidosis,Subtype of disorder,1,1,1,0.0
93608,Autosomal dominant distal renal tubular acidosis,Subtype of disorder,1,1,1,0.0
93609,Autosomal recessive distal renal tubular acidosis without deafness,Subtype of disorder,0,0,0,
93610,Distal renal tubular acidosis with anemia,Subtype of disorder,1,1,1,0.0
93611,Autosomal recessive distal renal tubular acidosis with deafness,Subtype of disorder,0,0,0,
93612,Cystinuria type A,Subtype of disorder,1,1,1,
93613,Cystinuria type B,Subtype of disorder,1,1,1,
93614,Hematological disorder with renal involvement,Group of disorders,0,0,0,
93616,Hemoglobin H disease,Disorder,2,1,1,402.93333333333334
93618,Rare cause of hypertension,Group of disorders,0,0,0,
93619,Rare renal tumor,Group of disorders,0,0,0,
93622,Dent disease type 1,Subtype of disorder,1,1,1,0.0
93623,Dent disease type 2,Subtype of disorder,1,1,1,0.0
93626,Rare renal disease,Group of disorders,0,0,0,
93665,Autoinflammatory syndrome,Group of disorders,0,0,0,
93668,OBSOLETE: Adult chronic recurrent multifocal osteomyelitis,Subtype of disorder,0,0,0,
93672,Juvenile dermatomyositis,Disorder,0,1,1,0.1475
93682,OBSOLETE: Pediatric Castleman disease,Subtype of disorder,0,0,0,
93685,Unicentric Castleman disease,Subtype of disorder,0,1,1,0.0
93686,OBSOLETE: Multicentric Castleman disease,Subtype of disorder,0,0,0,
93688,OBSOLETE: Non-idiopathic juvenile arthritis,Group of disorders,0,0,0,
93890,Rare developmental defect during embryogenesis,Group of disorders,0,0,0,2.86
93921,Full schwannomatosis,Disorder,4,1,1,0.029
93924,Lobar holoprosencephaly,Subtype of disorder,16,1,1,0.0
93925,Alobar holoprosencephaly,Subtype of disorder,17,1,1,0.0
93926,Midline interhemispheric variant of holoprosencephaly,Subtype of disorder,15,1,1,0.926
93928,Isolated epispadias,Subtype of disorder,0,1,1,1.2
93929,Cloacal exstrophy,Subtype of disorder,0,1,1,0.47800000000000004
93930,Classic bladder exstrophy,Subtype of disorder,2,1,1,1.7299999999999998
93932,FG syndrome type 1,Disorder,1,1,1,0.0
93937,OBSOLETE: Terminal transverse defects of arm,Disorder,0,0,0,
93938,Laryngotracheoesophageal cleft type 1,Subtype of disorder,0,1,1,0.0
93939,Laryngotracheoesophageal cleft type 2,Subtype of disorder,0,1,1,0.0
93940,Laryngotracheoesophageal cleft type 3,Subtype of disorder,0,1,1,15.0
93941,Laryngotracheoesophageal cleft type 4,Subtype of disorder,0,1,1,10.0
93942,OBSOLETE: Superior celosomia,Disorder,0,0,0,
93943,Corpus callosum dysgenesis-hypopituitarism syndrome,Disorder,0,0,0,
93944,"X-linked intellectual disability, Fichera type",Subtype of disorder,0,0,0,
93945,"X-linked intellectual disability, Porteous type",Subtype of disorder,1,1,1,
93946,Hamel cerebro-palato-cardiac syndrome,Subtype of disorder,1,1,1,2.0
93947,"X-linked intellectual disability, Golabi-Ito-Hall type",Subtype of disorder,1,1,1,1.5
93950,"X-linked intellectual disability, Sutherland-Haan type",Subtype of disorder,1,1,1,
93951,OBSOLETE: X-linked dominant intellectual disability-epilepsy syndrome,Disorder,0,0,0,
93952,"X-linked intellectual disability, Hedera type",Disorder,1,1,1,4.5
93953,Familial thyroglossal duct cyst,Disorder,0,1,1,11.0
93955,OBSOLETE: Benign essential blepharospasm,Disorder,0,0,0,
93956,OBSOLETE: Truncal dystonia,Disorder,0,0,0,
93957,OBSOLETE: Limb dystonia,Disorder,0,0,0,
93958,Oromandibular dystonia,Disorder,0,1,1,
93961,OBSOLETE: Laryngeal dyskinesia,Disorder,0,0,0,
93962,OBSOLETE: Cervical dystonia,Disorder,0,0,0,
93963,"OBSOLETE: Autosomal dominant focal dystonia, DYT7 type",Disorder,0,0,0,
93964,Blepharospasm-oromandibular dystonia syndrome,Disorder,0,1,1,
93968,Meningocele,Disorder,0,0,0,
93969,Open spinal dysraphism with a myelomeningocele,Disorder,0,1,1,
93970,Holmes-Gang syndrome,Disorder,0,0,0,
93971,Chudley-Lowry-Hoar syndrome,Disorder,0,0,0,
93972,Juberg-Marsidi syndrome,Disorder,0,0,0,
93973,Carpenter-Waziri syndrome,Disorder,0,0,0,
93974,Smith-Fineman-Myers syndrome,Disorder,0,0,0,
93975,OBSOLETE: Renier-Gabreels-Jasper syndrome,Disorder,0,0,0,
93976,Anotia,Disorder,0,1,1,0.015866666666666664
94056,Isolated humero-ulnar synostosis,Disorder,0,1,1,2.5
94058,Neovascular glaucoma,Disorder,0,1,1,24.4
94059,Uremic pruritus,Disorder,0,1,1,35.0
94061,OBSOLETE: Macrocephaly-immune deficiency-anemia syndrome,Disorder,0,0,0,
94062,NON RARE IN EUROPE: Coronary artery disease-hyperlipidemia-hypertension-diabetes-osteoporosis syndrome,Disorder,0,0,0,
94063,"12q14 microdeletion syndrome",Disorder,2,1,1,11.0
94064,Deafness-infertility syndrome,Disorder,2,1,1,1.5
94065,"15q24 microdeletion syndrome",Subtype of disorder,1,1,1,15.0
94066,Severe intellectual disability-epilepsy-anal anomalies-distal phalangeal hypoplasia,Disorder,0,1,1,1.0
94068,Spondyloepiphyseal dysplasia congenita,Disorder,1,1,1,0.5
94075,Severe immune-mediated enteropathy,Group of disorders,0,0,0,
94080,Non-functioning paraganglioma,Disorder,0,1,1,
94083,Partington syndrome,Disorder,1,1,1,1.0
94084,Cerebro-oculo-facial-lymphatic syndrome,Disorder,0,0,0,
94086,Blue diaper syndrome,Disorder,0,1,1,0.0
94087,Cytophagic histiocytic panniculitis,Disorder,0,1,1,50.0
94088,Hereditary renal hypouricemia,Disorder,2,1,1,0.0
94089,Pseudohypoparathyroidism type 1B,Disorder,2,1,1,0.0
94090,Pseudohypoparathyroidism type 2,Disorder,0,1,1,0.0
94091,Mills syndrome,Disorder,0,1,1,0.12
94093,Neuroleptic malignant syndrome,Disorder,0,1,1,0.0
94095,OBSOLETE: Spondylocostal dysostosis-anal atresia-genitourinary malformation syndrome,Disorder,0,0,0,
94122,"Cerebellar ataxia, Cayman type",Disorder,1,1,1,0.0
94124,Spinocerebellar ataxia with axonal neuropathy type 1,Disorder,1,1,1,4.5
94125,Recessive mitochondrial ataxia syndrome,Disorder,1,1,1,
94145,Autosomal dominant cerebellar ataxia type I,Group of disorders,0,1,1,0.0
94147,Spinocerebellar ataxia type 7,Disorder,1,1,1,0.0
94148,Autosomal dominant cerebellar ataxia type III,Group of disorders,0,1,1,0.0
94149,Autosomal dominant cerebellar ataxia type IV,Group of disorders,0,1,1,
94150,Anonychia congenita totalis,Subtype of disorder,1,1,1,
95157,Acute hepatic porphyria,Group of disorders,0,1,1,0.0
95159,Hepatoerythropoietic porphyria,Disorder,1,1,1,20.0
95161,OBSOLETE: Chronic hepatic porphyria,Group of disorders,0,0,0,
95232,Lissencephaly due to LIS1 mutation,Disorder,1,1,1,
95409,Acute adrenal insufficiency,Disorder,0,1,1,0.0
95426,OBSOLETE: Chronic pain requiring intraspinal analgesia,Disorder,0,0,0,
95427,Secondary short bowel syndrome,Disorder,0,1,1,0.0
95428,COG8-CDG,Disorder,1,1,1,1.0
95429,Angioma serpiginosum,Disorder,0,1,1,0.0
95430,Congenital tracheomalacia,Disorder,0,1,1,0.0
95431,Twin to twin transfusion syndrome,Disorder,0,0,0,
95432,Primary progressive aphasia,Group of disorders,0,1,1,7.0
95433,Autosomal recessive spinocerebellar ataxia-blindness-deafness syndrome,Disorder,1,1,1,1.5
95434,Autosomal recessive cerebellar ataxia-movement disorder syndrome,Disorder,2,1,1,13.5
95443,Mesocardia,Disorder,0,0,0,
95448,Congenital aortic valve atresia,Subtype of disorder,0,0,0,
95449,OBSOLETE: Congenital aortic valve insufficiency,Disorder,0,0,0,
95455,Stevens-Johnson syndrome/toxic epidermal necrolysis spectrum,Disorder,0,1,1,0.2738
95457,Tricuspid valve agenesis,Disorder,0,0,0,
95458,OBSOLETE: Tricuspid valve prolapse,Disorder,0,0,0,
95459,Congenital tricuspid stenosis,Disorder,0,1,1,
95461,Straddling or overriding tricuspid valve,Disorder,0,0,0,
95462,Accessory tricuspid valve tissue,Disorder,0,0,0,
95463,Anomaly of the tricuspid subvalvular apparatus,Group of disorders,0,0,0,
95464,Congenital mitral valve insufficiency and/or stenosis,Group of disorders,0,0,0,
95465,Cleft mitral valve,Disorder,0,0,0,
95474,Double-orifice mitral valve,Subtype of disorder,0,0,0,
95483,Univentricular cardiopathy,Group of disorders,0,0,0,
95484,OBSOLETE: Aneurysm or dilatation of ascending aorta,Disorder,0,0,0,
95485,Arterial duct anomaly,Group of disorders,0,0,0,
95486,Premature closure of the arterial duct,Disorder,0,0,0,
95487,NON RARE IN EUROPE: Atypical arterial duct,Disorder,0,0,0,
95488,Non-acquired pituitary hormone deficiency,Group of disorders,0,0,0,
95491,Congenital coronary artery aneurysm,Disorder,0,0,0,
95493,OBSOLETE: Abnormal origin or aberrant course of coronary artery,Group of disorders,0,0,0,
95494,"Combined pituitary hormone deficiencies, genetic forms",Disorder,7,1,1,0.0
95495,Disease associated with non-acquired combined pituitary hormone deficiency,Group of disorders,0,0,0,
95496,Pituitary stalk interruption syndrome,Disorder,7,1,1,0.0
95498,Congenital anomaly of superior vena cava,Group of disorders,0,0,0,
95499,Congenital anomaly of the inferior vena cava,Group of disorders,0,0,0,
95500,Congenital anomaly of the coronary sinus,Group of disorders,0,0,0,
95501,OBSOLETE: Congenital central diabetes insipidus,Group of disorders,0,0,0,
95502,Acquired pituitary hormone deficiency,Group of disorders,0,0,0,
95503,Pituitary hormone deficiency of tumoral origin,Group of disorders,0,0,0,
95504,OBSOLETE: Metastatic pituitary hormone deficiency,Group of disorders,0,0,0,
95505,Pituitary hormone deficiency of meningeal origin,Group of disorders,0,0,0,
95506,Primary hypophysitis,Group of disorders,0,1,1,0.0
95507,Congenital anomaly of hepatic vein,Disorder,0,0,0,
95510,Atrial appendage anomaly,Group of disorders,0,0,0,
95512,Adenohypophysitis,Disorder,0,1,1,
95513,Panhypophysitis,Disorder,0,1,1,
95611,Pituitary hormone deficiency of vascular origin,Group of disorders,0,0,0,
95613,Pituitary apoplexy,Disorder,0,1,1,0.0
95614,OBSOLETE: Pituitary deficiency secondary to meningeal hemorrhage,Disorder,0,0,0,
95615,OBSOLETE: Pituitary deficiency secondary to an anevrysm,Group of disorders,0,0,0,
95617,Pituitary hormone deficiency secondary to a granulomatous disease,Group of disorders,0,0,0,
95618,Pituitary hormone deficiency secondary to storage disease,Group of disorders,0,0,0,
95619,Post-traumatic pituitary deficiency,Disorder,0,1,1,
95621,OBSOLETE: Postsurgical hypopituitarism,Disorder,0,0,0,
95622,OBSOLETE: Radiation-induced hypopituitarism,Disorder,0,0,0,
95623,OBSOLETE: Posttraumatic hypopituitarism,Disorder,0,0,0,
95625,OBSOLETE: Posttraumatic diabetes insipidus,Disorder,0,0,0,
95626,Acquired arginine vasopressin deficiency,Subtype of disorder,0,1,1,0.0
95698,NON RARE IN EUROPE: Non-classic congenital adrenal hyperplasia due to 21-hydroxylase deficiency,Disorder,0,0,0,
95699,Congenital adrenal hyperplasia due to cytochrome P450 oxidoreductase deficiency,Disorder,1,1,1,0.375
95700,Familial adrenal hypoplasia with absent pituitary luteinizing hormone,Disorder,0,1,1,1.5
95701,OBSOLETE: Congenital adrenal hypoplasia of maternal cause,Disorder,0,0,0,
95702,X-linked adrenal hypoplasia congenita,Disorder,1,1,1,8.0
95706,Non-syndromic posterior hypospadias,Disorder,2,1,1,9.625
95707,Idiopathic isolated micropenis,Disorder,0,1,1,0.0
95708,Rare precocious puberty,Group of disorders,0,0,0,
95709,Rare acquired premature ovarian failure,Group of disorders,0,0,0,
95710,Rare non-acquired premature ovarian failure,Group of disorders,0,0,0,
95711,Congenital hypothyroidism due to developmental anomaly,Group of disorders,0,0,0,21.3
95712,Thyroid ectopia,Disorder,2,1,1,14.3
95713,Athyreosis,Disorder,6,1,1,3.5
95714,Primary congenital hypothyroidism without thyroid developmental anomaly,Group of disorders,0,0,0,0.0
95715,Congenital hypothyroidism due to transplacental passage of TSH-binding inhibitory antibodies,Disorder,0,1,1,1.0
95716,Familial thyroid dyshormonogenesis,Disorder,6,1,1,3.5566666666666666
95717,Idiopathic congenital hypothyroidism,Disorder,0,1,1,0.0
95718,Congenital thyroid malformation without hypothyroidism,Group of disorders,0,0,0,
95719,Thyroid hemiagenesis,Disorder,0,1,1,25.0
95720,Thyroid hypoplasia,Disorder,3,1,1,3.5
95721,OBSOLETE: Thyroid pyramidal lobe,Disorder,0,0,0,
95854,Levocardia,Disorder,0,0,0,
96055,Tetrasomy 21 syndrome,Disorder,0,1,1,6.5
96059,Mosaic trisomy 4 syndrome,Disorder,0,1,1,3.5
96060,Mosaic trisomy 5 syndrome,Disorder,0,1,1,4.0
96061,Mosaic trisomy 8 syndrome,Disorder,0,1,1,0.0
96063,Mosaic trisomy 10 syndrome,Disorder,0,1,1,3.5
96068,Mosaic trisomy 22 syndrome,Disorder,0,1,1,19.5
96069,Distal duplication 1p36 syndrome,Disorder,0,1,1,
96070,Distal duplication 2p syndrome,Disorder,0,1,1,
96071,Distal duplication 3p syndrome,Disorder,0,1,1,
96072,"4p16.3 microduplication syndrome",Disorder,0,1,1,
96074,Distal duplication 7p syndrome,Disorder,0,1,1,
96076,Beckwith-Wiedemann syndrome due to 11p15 microduplication,Subtype of disorder,0,0,0,
96078,"16p13.3 microduplication syndrome",Disorder,0,1,1,13.5
96092,"8p inverted duplication/deletion syndrome",Disorder,0,1,1,21.3
96094,Distal duplication 2q syndrome,Disorder,0,1,1,
96095,"3q26 microduplication syndrome",Disorder,0,1,1,50.0
96096,Distal duplication 4q syndrome,Disorder,0,1,1,
96097,Distal duplication 5q syndrome,Disorder,0,1,1,
96098,Distal duplication 6q syndrome,Disorder,0,1,1,
96100,Distal duplication 8q syndrome,Disorder,0,1,1,
96101,Distal duplication 9q syndrome,Disorder,0,1,1,
96102,Distal duplication 10q syndrome,Disorder,0,1,1,20.0
96103,Distal duplication 11q syndrome,Disorder,0,1,1,
96105,Distal duplication 13q syndrome,Disorder,0,1,1,
96106,Distal duplication 16q syndrome,Disorder,0,1,1,
96107,Distal duplication 20q syndrome,Disorder,0,1,1,
96109,Distal duplication 22q syndrome,Disorder,0,1,1,
96112,Non-distal duplication 9q syndrome,Disorder,0,1,1,
96121,"7q11.23 microduplication syndrome",Disorder,0,1,1,85.5
96123,Monosomy 22 syndrome,Disorder,0,1,1,
96125,Distal deletion 6p syndrome,Disorder,0,1,1,17.5
96126,Distal deletion 7p syndrome,Disorder,0,1,1,
96129,Distal deletion 19p syndrome,Disorder,0,1,1,
96136,OBSOLETE: Non-distal monosomy 7p,Disorder,0,0,0,
96145,Distal deletion 4q syndrome,Disorder,0,1,1,
96147,Kleefstra syndrome due to 9q34 microdeletion,Subtype of disorder,1,1,1,43.0
96148,Distal deletion 10q syndrome,Disorder,1,1,1,20.0
96149,Distal deletion 12q syndrome,Disorder,0,1,1,
96150,Distal deletion 14q syndrome,Disorder,0,1,1,
96152,OBSOLETE: Distal monosomy 20q,Disorder,0,0,0,
96160,Non-distal deletion 12q syndrome,Disorder,0,1,1,
96164,OBSOLETE: Non-distal monosomy 20q,Disorder,0,0,0,
96167,Recombinant 8 syndrome,Disorder,0,1,1,0.0
96168,Monosomy 13q34 syndrome,Disorder,0,1,1,0.0
96169,Koolen-De Vries syndrome,Disorder,0,1,1,0.0
96170,Emanuel syndrome,Disorder,0,1,1,175.0
96171,Ring chromosome 2 syndrome,Disorder,0,1,1,9.0
96172,Ring chromosome 3 syndrome,Disorder,0,1,1,5.5
96173,Ring chromosome 9 syndrome,Disorder,0,1,1,15.5
96175,Ring chromosome 11 syndrome,Disorder,0,1,1,10.0
96176,Ring chromosome 13 syndrome,Disorder,0,1,1,0.86
96177,Ring chromosome 15 syndrome,Disorder,0,1,1,25.0
96178,Ring chromosome 16 syndrome,Disorder,0,1,1,5.0
96179,Maternal uniparental disomy of chromosome 2 syndrome,Disorder,0,1,1,
96180,Maternal uniparental disomy of chromosome 4 syndrome,Disorder,0,1,1,
96181,Maternal uniparental disomy of chromosome 6 syndrome,Disorder,0,1,1,7.5
96182,Silver-Russell syndrome due to maternal uniparental disomy of chromosome 7,Subtype of disorder,1,1,1,
96183,Maternal uniparental disomy of chromosome 9 syndrome,Disorder,0,1,1,
96184,Temple syndrome due to maternal uniparental disomy of chromosome 14,Subtype of disorder,3,1,1,32.0
96185,Maternal uniparental disomy of chromosome 16 syndrome,Disorder,0,1,1,
96186,Maternal uniparental disomy of chromosome 20 syndrome,Disorder,0,1,1,6.0
96187,Maternal uniparental disomy of chromosome 21 syndrome,Disorder,0,0,0,1.0
96188,Maternal uniparental disomy of chromosome 22 syndrome,Disorder,0,1,1,2.0
96190,Paternal uniparental disomy of chromosome 5 syndrome,Disorder,0,1,1,
96191,Paternal uniparental disomy of chromosome 6 syndrome,Disorder,2,1,1,
96192,Paternal uniparental disomy of chromosome 7 syndrome,Disorder,0,1,1,2.0
96193,Beckwith-Wiedemann syndrome due to paternal uniparental disomy of chromosome 11,Subtype of disorder,0,0,0,
96194,Paternal uniparental disomy of chromosome 20 syndrome,Disorder,0,1,1,
96195,Paternal uniparental disomy of chromosome 21 syndrome,Disorder,0,1,1,
96201,X small rings syndrome,Disorder,0,1,1,
96210,Rare genetic deafness,Group of disorders,0,0,0,
96253,Cushing disease,Disorder,7,1,1,2.1
96256,Somatotropic adenoma,Group of disorders,0,0,0,
96263,"48,XXXY syndrome",Disorder,0,1,1,0.5
96264,"49,XXXXY syndrome",Disorder,0,1,1,0.275
96265,Leydig cell hypoplasia due to complete LH resistance,Subtype of disorder,1,1,1,
96266,Leydig cell hypoplasia due to partial LH resistance,Subtype of disorder,1,1,1,
96269,Isolated partial vaginal agenesis,Disorder,0,0,0,10.0
96321,Polyploidy syndrome,Group of disorders,0,0,0,
96325,Isochromosome Y syndrome,Group of disorders,0,0,0,
96333,Rare otorhinolaryngological malformation,Group of disorders,0,0,0,
96334,Kagami-Ogata syndrome due to paternal uniparental disomy of chromosome 14,Subtype of disorder,3,1,1,18.5
96344,Rare gynecologic or obstetric disease,Group of disorders,0,0,0,
96346,Anorectal malformation,Group of disorders,0,0,0,
96369,OBSOLETE: Early-onset schizophrenia,Disorder,0,0,0,
97120,Distal arthrogryposis,Group of disorders,0,0,0,
97214,Eisenmenger syndrome,Disorder,0,1,1,0.1
97229,Riboflavin transporter deficiency,Disorder,0,1,1,54.5
97230,Solar urticaria,Disorder,0,1,1,1.55
97231,Ligneous conjunctivitis,Disorder,0,0,0,
97232,Fingerprint body myopathy,Disorder,0,1,1,10.0
97234,Glycogen storage disease due to phosphoglycerate mutase deficiency,Disorder,1,1,1,12.0
97238,Rippling muscle disease,Disorder,1,1,1,29.5
97239,Reducing body myopathy,Disorder,1,1,1,2.0
97240,Zebra body myopathy,Disorder,1,1,1,5.0
97242,Congenital muscular dystrophy,Group of disorders,0,1,1,0.2815
97244,Rigid spine syndrome,Disorder,2,1,1,0.043333333333333335
97245,Congenital myopathy,Group of disorders,0,0,0,3.8
97249,Pontocerebellar hypoplasia type 3,Disorder,1,1,1,1.5
97252,Mega-cisterna magna,Disorder,0,0,0,
97253,Neuroendocrine tumor of pancreas,Group of disorders,0,1,1,4.585714285714286
97261,GRFoma,Disorder,0,1,1,0.0
97275,Encephalitis,Group of disorders,0,0,0,
97278,PPoma,Disorder,0,1,1,0.0
97279,Insulinoma,Disorder,2,1,1,0.2325
97280,Glucagonoma,Disorder,0,1,1,0.0025
97282,VIPoma,Disorder,0,1,1,0.0
97283,Somatostatinoma,Disorder,0,1,1,0.00125
97285,Thyroid lymphoma,Disorder,0,1,1,0.0
97286,Carney-Stratakis syndrome,Disorder,4,1,1,10.0
97287,Bronchial neuroendocrine tumor,Disorder,0,1,1,
97289,Thymic neuroendocrine tumor,Disorder,0,1,1,
97290,Familial papillary thyroid carcinoma with renal papillary neoplasia,Disorder,0,1,1,2.0
97292,Cardiogenic shock,Disorder,0,1,1,40.0
97293,Rare benign ovarian tumor,Group of disorders,0,0,0,
97295,Furlong syndrome,Disorder,0,0,0,
97297,Bohring-Opitz syndrome,Disorder,1,1,1,23.0
97330,Thoracic outlet syndrome,Disorder,0,1,1,0.0
97332,Kienbock disease,Disorder,0,1,1,6.6
97335,Osgood-Schlatter disease,Disorder,0,1,1,0.0
97336,Panner disease,Disorder,0,1,1,0.0
97337,Sinding-Larsen-Johansson disease,Disorder,0,1,1,0.0
97338,Melanoma of soft tissue,Disorder,3,1,1,3.89
97339,Dural sinus malformation with arteriovenous shunt,Disorder,0,1,1,0.0
97340,Hunter-McAlpine syndrome,Disorder,0,1,1,5.0
97341,Persistent placoid maculopathy,Disorder,0,1,1,2.5
97342,OBSOLETE: Argyrophilic grain disease,Disorder,0,0,0,
97345,ABri amyloidosis,Subtype of disorder,1,1,1,
97346,ADan amyloidosis,Subtype of disorder,1,1,1,
97349,Postencephalitic parkinsonism,Disorder,0,1,1,
97352,Pellagra,Disorder,0,0,0,
97353,Dementia pugilistica,Disorder,0,1,1,0.0
97354,NON RARE IN EUROPE: Wernicke encephalopathy,Disorder,0,0,0,
97355,Caribbean parkinsonism,Disorder,0,1,1,0.0
97360,Robinow syndrome,Disorder,0,1,1,100.0
97361,"Renal hypoplasia, unilateral",Subtype of disorder,0,1,1,0.0
97362,"Renal hypoplasia, bilateral",Subtype of disorder,2,1,1,0.0
97363,Unilateral multicystic dysplastic kidney,Subtype of disorder,1,1,1,38.01111111111111
97364,Bilateral multicystic dysplastic kidney,Subtype of disorder,1,1,1,0.0
97365,NON RARE IN EUROPE: Solitary renal cyst,Disorder,0,0,0,
97366,Multiloculated renal cyst,Disorder,0,1,1,0.0
97367,Renal tubular dysgenesis due to twin-twin transfusion,Subtype of disorder,0,1,1,
97368,Drug-related renal tubular dysgenesis,Subtype of disorder,0,1,1,
97369,Renal tubular dysgenesis of genetic origin,Subtype of disorder,4,1,1,
97548,Right isomerism,Disorder,1,1,1,8.335
97552,Steroid-sensitive nephrotic syndrome without renal biopsy,Subtype of disorder,0,0,0,
97555,OBSOLETE: Sporadic idiopathic steroid-resistant nephrotic syndrome with collapsing glomerulopathy,Subtype of disorder,0,0,0,
97556,Congenital and infantile nephrotic syndrome,Group of disorders,0,0,0,
97557,NON RARE IN EUROPE: Chronic proteinuria with focal and segmental hyalinosis,Disorder,0,0,0,
97560,Primary membranous glomerulonephritis,Disorder,0,1,1,0.5765666666666667
97562,NON RARE IN EUROPE: Benign familial hematuria,Disorder,0,0,0,
97563,Pauci-immune glomerulonephritis with ANCA,Subtype of disorder,0,1,1,0.0
97564,Pauci-immune glomerulonephritis without ANCA,Subtype of disorder,0,1,1,0.0
97566,Non-amyloid fibrillary glomerulopathy,Disorder,0,1,1,
97567,Immunotactoid glomerulopathy,Disorder,0,1,1,
97569,OBSOLETE: Unclassified glomerulonephritis,Group of disorders,0,0,0,
97593,Pseudohypoparathyroidism,Group of disorders,0,1,1,0.33666666666666667
97598,Congenital renal artery stenosis,Disorder,0,1,1,
97599,OBSOLETE: Arterial hypertension due to renal artery stenosis secondary to vasculitis,Disorder,0,0,0,
97668,OBSOLETE: Neonatal membranous glomerulopathy with maternal NEP deficiency,Subtype of disorder,0,0,0,
97678,Maternal uniparental disomy of chromosome 13 syndrome,Disorder,0,1,1,1.5
97685,"17q11 microdeletion syndrome",Subtype of disorder,1,1,1,85.0
97927,OBSOLETE: Peripheral resistance to thyroid hormones,Disorder,0,0,0,
97929,Rare cardiac disease,Group of disorders,0,0,0,
97935,Rare gastroenterologic disease,Group of disorders,0,0,0,
97944,Gastroduodenal malformation,Group of disorders,0,0,0,
97945,Intestinal malformation,Group of disorders,0,0,0,
97955,Rare respiratory disease,Group of disorders,0,0,0,
97957,Respiratory or thoracic malformation,Group of disorders,0,0,0,
97962,Rare surgical thoracic disease,Group of disorders,0,0,0,
97965,Rare surgical cardiac disease,Group of disorders,0,0,0,
97966,Rare ophthalmic disorder,Group of disorders,0,0,0,
97978,Rare endocrine disease,Group of disorders,0,0,0,
97992,Rare hematologic disease,Group of disorders,0,0,0,
98004,Rare immune disease,Group of disorders,0,0,0,
98006,Rare neurologic disease,Group of disorders,0,0,0,
98010,Infectious disease of the nervous system,Group of disorders,0,0,0,
98022,Rare headache,Group of disorders,0,0,0,
98023,Rare systemic or rheumatologic disease,Group of disorders,0,0,0,
98026,Rare odontologic disease,Group of disorders,0,0,0,
98027,Rare disease with odontological manifestation,Group of disorders,0,0,0,
98028,Rare circulatory system disease,Group of disorders,0,0,0,
98033,Rare neurologic disease with psychiatric involvement,Group of disorders,0,0,0,
98036,Rare otorhinolaryngologic disease,Group of disorders,0,0,0,
98038,Cranial malformation,Group of disorders,0,0,0,
98039,Digestive tract malformation,Group of disorders,0,0,0,
98041,"Visceral malformation of the liver, biliary tract, pancreas or spleen",Group of disorders,0,0,0,
98043,Diaphragmatic or abdominal wall malformation,Group of disorders,0,0,0,
98044,Central nervous system malformation,Group of disorders,0,0,0,
98045,Respiratory or mediastinal malformation,Group of disorders,0,0,0,
98047,Rare infertility,Group of disorders,0,0,0,
98048,Rare male infertility,Group of disorders,0,0,0,
98049,Rare female infertility,Group of disorders,0,0,0,
98050,Rare allergic disease,Group of disorders,0,0,0,
98052,Rare allergic respiratory disease,Group of disorders,0,0,0,
98053,Rare genetic disease,Group of disorders,0,0,0,
98054,Rare genetic cardiac disease,Group of disorders,0,0,0,
98056,Rare genetic renal disease,Group of disorders,0,0,0,
98057,Rare tumor,Group of disorders,0,0,0,
98058,Rare urinary tract tumor,Group of disorders,0,0,0,
98059,Rare digestive tumor,Group of disorders,0,0,0,
98060,Rare respiratory tumor,Group of disorders,0,0,0,
98061,Rare otorhinolaryngologic tumor,Group of disorders,0,0,0,
98062,Rare nervous system tumor,Group of disorders,0,0,0,
98063,Rare gynecological tumor,Group of disorders,0,0,0,
98064,OBSOLETE: Rare disease in physical medicine and rehabilitation,Group of disorders,0,0,0,
98068,OBSOLETE: Autosomal dominant spinocerebellar ataxia due to a polyglutamine anomaly,Group of disorders,0,0,0,
98069,OBSOLETE: Autosomal dominant spinocerebellar ataxia due to a channelopathy,Group of disorders,0,0,0,
98070,OBSOLETE: Autosomal dominant spinocerebellar ataxia due to repeat expansions that do not encode polyglutamine,Group of disorders,0,0,0,
98071,OBSOLETE: Autosomal dominant spinocerebellar ataxia due to a point mutation,Group of disorders,0,0,0,
98073,OBSOLETE: Unclassified autosomal dominant spinocerebellar ataxia,Group of disorders,0,0,0,
98074,Gonadal dysgenesis of gynecological interest,Group of disorders,0,0,0,
98078,"46,XX difference of sex development induced by androgens excess",Group of disorders,0,0,0,
98085,"46,XY difference of sex development",Group of disorders,0,0,0,3.23
98086,"46,XY difference of sex development due to a defect in testosterone metabolism by peripheral tissue",Group of disorders,0,0,0,
98087,"Syndrome with 46,XY difference of sex development",Group of disorders,0,0,0,
98095,Autosomal recessive congenital cerebellar ataxia,Group of disorders,0,1,1,
98096,Autosomal recessive metabolic cerebellar ataxia,Group of disorders,0,1,1,
98097,Autosomal recessive cerebellar ataxia due to a DNA repair defect,Group of disorders,0,1,1,
98098,Autosomal recessive degenerative and progressive cerebellar ataxia,Group of disorders,0,1,1,
98099,Autosomal recessive syndromic cerebellar ataxia,Group of disorders,0,1,1,
98101,OBSOLETE: Pore-loop channelopathy,Group of disorders,0,0,0,
98102,OBSOLETE: Channelopathy due to an inwardly rectifying potassium channel defect,Group of disorders,0,0,0,
98103,OBSOLETE: Channelopathy due to a voltage-gated potassium channel defect,Group of disorders,0,0,0,
98104,OBSOLETE: Channelopathy due to a transient receptor potential channel defect,Group of disorders,0,0,0,
98105,OBSOLETE: Channelopathy due to cyclic nucleotide-gated ion channels,Group of disorders,0,0,0,
98106,OBSOLETE: Channelopathy due to a calcium-activated potassium channel defect,Group of disorders,0,0,0,
98107,OBSOLETE: Channelopathy due to a voltage-gated sodium channel defect,Group of disorders,0,0,0,
98108,OBSOLETE: Channelopathy due to a voltage-gated calcium channel defect,Group of disorders,0,0,0,
98109,OBSOLETE: Non-pore-loop channelopathy,Group of disorders,0,0,0,
98110,OBSOLETE: Channelopathy due to an epithelial sodium channel defect,Group of disorders,0,0,0,
98111,OBSOLETE: Channelopathy due to a skeletal muscle sarcoplasmic reticulum calcium release channel defect,Group of disorders,0,0,0,
98112,OBSOLETE: Channelopathy due to a cardiac muscle sarcoplasmic reticulum calcium release channel defect,Group of disorders,0,0,0,
98113,OBSOLETE: Non-pore-loop channelopathy due to epithelial Cl- channel CFTR anomaly,Group of disorders,0,0,0,
98114,OBSOLETE: Non-pore-loop channelopathy due to epithelial Cl- channel bestrophin anomaly,Group of disorders,0,0,0,
98115,OBSOLETE: Non-pore-loop channelopathy due to Cl- channel skeletal muscle Clc1 anomaly,Group of disorders,0,0,0,
98116,OBSOLETE: Non-pore-loop channelopathy due to Cl- channel Clc2 anomaly,Group of disorders,0,0,0,
98117,OBSOLETE: Non-pore-loop channelopathy due to Cl- transporter kidney Clc5 anomaly,Group of disorders,0,0,0,
98118,OBSOLETE: Non-pore-loop channelopathy due to Cl- transporter Clc7anomaly,Group of disorders,0,0,0,
98119,OBSOLETE: Non-pore-loop channelopathy due to Cl- channels kidney CLCKA and CLCKB anomaly,Group of disorders,0,0,0,
98120,OBSOLETE: Non-pore-loop channelopathy due to Cl- channel barttin anomaly,Group of disorders,0,0,0,
98121,OBSOLETE: Cys-loop receptor channelopathy,Group of disorders,0,0,0,
98122,OBSOLETE: Channelopathy due to a neuronal glycine receptor defect,Group of disorders,0,0,0,
98123,OBSOLETE: Channelopathy due to a neuronal kidney GABA receptor defect,Group of disorders,0,0,0,
98124,OBSOLETE: Channelopathy due to a skeletal muscle acetylcholine receptor defect,Group of disorders,0,0,0,
98125,OBSOLETE: Channelopathy due to a neuronal acetylcholine receptor defect,Group of disorders,0,0,0,
98127,Autosomal anomaly syndrome,Group of disorders,0,0,0,
98130,Autosomal trisomy syndrome,Group of disorders,0,0,0,
98131,Total autosomal trisomy syndrome,Group of disorders,0,0,0,
98132,Partial autosomal duplication/triplication syndrome,Group of disorders,0,0,0,
98141,Total autosomal monosomy syndrome,Group of disorders,0,0,0,
98142,Partial autosomal deletion syndrome,Group of disorders,0,0,0,
98152,Autosomal uniparental disomy syndrome,Group of disorders,0,0,0,
98153,Maternal uniparental disomy syndrome,Group of disorders,0,0,0,
98154,Paternal uniparental disomy syndrome,Group of disorders,0,0,0,
98155,Sex-chromosome anomaly syndrome,Group of disorders,0,0,0,
98156,Sex-chromosome number anomaly syndrome,Group of disorders,0,0,0,
98157,Sex-chromosome structural anomaly syndrome,Group of disorders,0,0,0,
98158,Chromosome Y structural anomaly syndrome,Group of disorders,0,0,0,
98159,Chromosome X structural anomaly syndrome,Group of disorders,0,0,0,
98167,OBSOLETE: Diabetes associated to exocrine pancreas neoplasia,Group of disorders,0,0,0,
98196,Malformation syndrome with hamartosis,Group of disorders,0,0,0,
98203,Combined dystonia,Group of disorders,0,0,0,
98204,OBSOLETE: Heredodegenerative disease with dystonia as a major feature,Group of disorders,0,0,0,
98249,Ehlers-Danlos syndrome,Group of disorders,0,1,1,0.45
98252,Infectious encephalitis,Group of disorders,0,0,0,
98253,OBSOLETE: Postinfectious encephalitis,Group of disorders,0,0,0,
98255,Chronic encephalitis,Group of disorders,0,0,0,
98257,OBSOLETE: Neonatal epilepsy syndrome,Group of disorders,0,0,0,
98258,OBSOLETE: Infantile epilepsy syndrome,Group of disorders,0,0,0,
98259,Childhood-onset epilepsy syndrome,Group of disorders,0,0,0,
98260,Adolescent-onset epilepsy syndrome,Group of disorders,0,0,0,
98261,Progressive myoclonic epilepsy,Group of disorders,0,1,1,
98267,Genetic non-syndromic obesity,Disorder,0,1,1,0.0
98274,Myeloproliferative neoplasm,Group of disorders,0,1,1,3.07
98275,Myelodysplastic/myeloproliferative disease,Group of disorders,0,0,0,0.29
98277,Acute myeloid leukemia with recurrent genetic anomaly,Group of disorders,0,0,0,0.11
98282,Plasma cell tumor,Group of disorders,0,0,0,
98287,Histiocytic and dendritic cell tumor,Group of disorders,0,0,0,0.05
98288,Macrophage or histiocytic tumor,Group of disorders,0,0,0,
98289,Dendritic cell tumor,Group of disorders,0,0,0,
98290,Immunodeficiency-associated lymphoproliferative disease,Group of disorders,0,0,0,
98291,Lymphoproliferative disease associated with primary immune disease,Group of disorders,0,1,1,
98292,Mastocytosis,Group of disorders,0,1,1,7.53
98293,Hodgkin lymphoma,Group of disorders,0,1,1,10.52
98296,OBSOLETE: Ichthyosis associated with a cornified cell envelope and epidermal lipid metabolism anomaly,Group of disorders,0,0,0,
98297,OBSOLETE: Ichthyosis associated with a protein catabolism anomaly,Group of disorders,0,0,0,
98298,OBSOLETE: Ichthyosis associated with a peroxisomal disease,Group of disorders,0,0,0,
98299,OBSOLETE: Ichthyosis associated with a nucleotide excision repair anomaly,Group of disorders,0,0,0,
98300,Idiopathic interstitial pneumonia,Group of disorders,0,0,0,
98301,Laminopathy,Group of disorders,0,0,0,
98305,Genetic lipodystrophy,Group of disorders,0,0,0,
98306,Familial partial lipodystrophy,Group of disorders,0,1,1,0.0
98307,Acquired lipodystrophy,Group of disorders,0,0,0,
98309,OBSOLETE: Male infertility with impaired virilization,Group of disorders,0,0,0,
98310,OBSOLETE: Male infertility with impaired virilization due to an hypothalamic or pituitary disorder,Group of disorders,0,0,0,
98311,OBSOLETE: Male infertility with impaired virilization due to a hypothalamic and pituitary disorder associated with hyperprolactinemia,Group of disorders,0,0,0,
98312,OBSOLETE: Male infertility with impaired virilization due to a testicular disorder,Group of disorders,0,0,0,
98313,Male infertility due to gonadal dysgenesis,Group of disorders,0,0,0,
98314,OBSOLETE: Male infertility with impaired virilization due to an acquired testicular defect,Group of disorders,0,0,0,
98315,OBSOLETE: Male infertility with impaired virilization due to a viral orchitis,Group of disorders,0,0,0,
98316,OBSOLETE: Male infertility with impaired virilization due to an acquired testicular defect associated with trauma,Group of disorders,0,0,0,
98317,OBSOLETE: Male infertility with impaired virilization due to an acquired testicular defect drug-related,Group of disorders,0,0,0,
98318,OBSOLETE: Male infertility with impaired virilization due to an acquired testicular defect associated with an environmental toxin,Group of disorders,0,0,0,
98319,OBSOLETE: Male infertility with impaired virilization due to an acquired testicular defect associated with autoimmunity,Group of disorders,0,0,0,
98320,OBSOLETE: Male infertility with impaired virilization due to an acquired testicular defect associated with a granulomatous disease,Group of disorders,0,0,0,
98321,OBSOLETE: Male infertility with impaired virilization due to a testicular disorder associated with a systemic disease,Group of disorders,0,0,0,
98322,OBSOLETE: Male infertility with impaired virilization due to a testicular disorder associated with renal failure,Group of disorders,0,0,0,
98323,OBSOLETE: Male infertility with impaired virilization due to a testicular disorder associated with a hepatic disease,Group of disorders,0,0,0,
98324,OBSOLETE: Male infertility with impaired virilization due to a testicular disorder associated with a chronic illness,Group of disorders,0,0,0,
98325,OBSOLETE: Male infertility with impaired virilization due to a testicular disorder associated with thyrotoxicosis,Group of disorders,0,0,0,
98326,OBSOLETE: Male infertility with impaired virilization due to a testicular disorder associated with an immune disorder,Group of disorders,0,0,0,
98327,OBSOLETE: Male infertility with impaired virilization due to a testicular disorder associated with a neurologic disease,Group of disorders,0,0,0,
98328,OBSOLETE: Male infertility with normal virilization,Group of disorders,0,0,0,
98329,OBSOLETE: Male infertility with normal virilization due to a hypothalamic or pituitary defect,Group of disorders,0,0,0,
98330,OBSOLETE: Male infertility with normal virilization due to androgen administration,Group of disorders,0,0,0,
98331,OBSOLETE: Male infertility with normal virilization due to a testicular defect,Group of disorders,0,0,0,
98332,OBSOLETE: Male infertility with normal virilization due to a developmental or structural testicular defect,Group of disorders,0,0,0,
98333,OBSOLETE: Male infertility with normal virilization due to a developmental or structural testicular defect associated with cryptorchidism,Group of disorders,0,0,0,
98334,OBSOLETE: Male infertility with normal virilization due to a developmental or structural testicular defect associated with varicocele,Group of disorders,0,0,0,
98335,OBSOLETE: Male infertility with normal virilization due to an acquired testicular defect,Group of disorders,0,0,0,
98336,OBSOLETE: Male infertility with normal virilization due to an acquired testicular defect associated with mycoplasma infection,Group of disorders,0,0,0,
98337,OBSOLETE: Male infertility with normal virilization due to an acquired testicular defect associated with radiation,Group of disorders,0,0,0,
98338,OBSOLETE: Male infertility with normal virilization due to an acquired testicular defect associated with drug,Group of disorders,0,0,0,
98339,OBSOLETE: Male infertility with normal virilization due to an acquired testicular defect associated with environmental toxin,Group of disorders,0,0,0,
98340,OBSOLETE: Male infertility with normal virilization due to acquired testicular defect associated with autoimmunity,Group of disorders,0,0,0,
98341,OBSOLETE: Male infertility with normal virilization due to a systemic disease,Group of disorders,0,0,0,
98342,OBSOLETE: Male infertility with normal virilization due to testicular defect associated with spinal cord injury,Group of disorders,0,0,0,
98343,Male infertility due to obstructive azoospermia,Group of disorders,0,0,0,
98345,OBSOLETE: Rare idiopathic male infertility,Disorder,0,0,0,
98349,Autosomal dominant isolated diffuse palmoplantar keratoderma,Group of disorders,0,1,1,
98352,Autosomal dominant disease with diffuse palmoplantar keratoderma as a major feature,Group of disorders,0,1,1,
98353,Autosomal dominant disease associated with focal palmoplantar keratoderma as a major feature,Group of disorders,0,1,1,
98356,Autosomal recessive isolated diffuse palmoplantar keratoderma,Group of disorders,0,1,1,
98357,Autosomal recessive disease with focal palmoplantar keratoderma as a major feature,Group of disorders,0,1,1,
98360,Constitutional anemia due to iron metabolism disorder,Group of disorders,0,0,0,
98362,Constitutional sideroblastic anemia,Group of disorders,0,0,0,
98363,Rare hemolytic anemia,Group of disorders,0,0,0,
98364,Rare constitutional hemolytic anemia due to a red cell membrane anomaly,Group of disorders,0,0,0,
98365,Hereditary stomatocytosis,Group of disorders,0,0,0,
98366,Constitutional hemolytic anemia due to acanthocytosis,Group of disorders,0,0,0,
98369,Rare constitutional hemolytic anemia due to an enzyme disorder,Group of disorders,0,0,0,
98370,Hemolytic anemia due to hexose monophosphate shunt and glutathione metabolism anomalies,Group of disorders,0,0,0,
98372,Hemolytic anemia due to a disorder of glycolytic enzymes,Group of disorders,0,0,0,
98374,Hemolytic anemia due to an erythrocyte nucleotide metabolism disorder,Group of disorders,0,0,0,
98375,Autoimmune hemolytic anemia,Group of disorders,0,1,1,3.76
98396,Constitutional megaloblastic anemia due to vitamin B12 metabolism disorder,Group of disorders,0,0,0,
98408,Constitutional megaloblastic anemia due to folate metabolism disorder,Group of disorders,0,0,0,
98415,Vitamin B12- and folate-independent constitutional megaloblastic anemia,Group of disorders,0,0,0,
98421,Primary acquired red cell aplasia,Group of disorders,0,0,0,
98427,Polycythemia,Group of disorders,0,0,0,
98428,Secondary polycythemia,Group of disorders,0,1,1,0.0
98429,Rare coagulation disorder,Group of disorders,0,0,0,
98434,Hereditary combined deficiency of vitamin K-dependent clotting factors,Disorder,2,1,1,136.0
98435,OBSOLETE: Protease inhibitor anomaly,Group of disorders,0,0,0,
98454,OBSOLETE: Platelet storage pool disease,Group of disorders,0,0,0,
98455,Alpha granule disease,Group of disorders,0,0,0,
98456,Dense granule disease,Group of disorders,0,0,0,
98464,OBSOLETE: X-linked syndromic intellectual disability,Group of disorders,0,0,0,
98468,OBSOLETE: Congenital muscular dystrophy due to extracellular matrix protein anomaly,Group of disorders,0,0,0,
98469,OBSOLETE: Congenital muscular dystrophy due to glycosyltransferase anomaly,Group of disorders,0,0,0,
98470,OBSOLETE: Congenital muscular dystrophy due to proteins of the endoplasmic reticulum anomaly,Group of disorders,0,0,0,
98472,Skeletal muscle disease,Group of disorders,0,0,0,
98473,Muscular dystrophy,Group of disorders,0,0,0,
98482,Idiopathic inflammatory myopathy,Group of disorders,0,0,0,0.0
98486,Metabolic myopathy,Group of disorders,0,0,0,
98491,Neuromuscular junction disease,Group of disorders,0,0,0,
98494,Acquired neuromuscular junction disease,Group of disorders,0,0,0,
98495,Genetic neuromuscular junction disease,Group of disorders,0,0,0,
98496,Rare peripheral neuropathy,Group of disorders,0,0,0,
98497,Genetic peripheral neuropathy,Group of disorders,0,0,0,40.0
98503,Motor neuron disease,Group of disorders,0,0,0,
98505,Genetic motor neuron disease,Group of disorders,0,0,0,
98506,Acquired motor neuron disease,Group of disorders,0,0,0,
98514,Malformation of the cerebellar vermis,Group of disorders,0,0,0,
98516,Malformation of the cerebellar hemispheres,Group of disorders,0,0,0,
98518,Cranial nerve and nuclear aplasia,Group of disorders,0,0,0,
98519,Posterior fossa malformation,Group of disorders,0,0,0,
98520,OBSOLETE: Cystic malformation of the posterior fossa,Group of disorders,0,0,0,
98523,Non-syndromic pontocerebellar hypoplasia,Group of disorders,0,1,1,0.0
98527,OBSOLETE: Tauopathy,Group of disorders,0,0,0,
98528,OBSOLETE: Tauopathy with non-Alzheimer non-Pick frontal lobe degeneration,Group of disorders,0,0,0,
98529,"OBSOLETE: Tauopathy with a major tau triplet at 60, 64 and 69 kDa",Group of disorders,0,0,0,
98530,OBSOLETE: Tauopathy with a major tau doublet at 64 and 69 kDa,Group of disorders,0,0,0,
98531,OBSOLETE: Tauopathy with a major tau doublet at 60 and 64 kDa,Group of disorders,0,0,0,
98532,OBSOLETE: Tauopathy with a major tau at 60 kDa,Group of disorders,0,0,0,
98534,Neurodegenerative disease with dementia,Group of disorders,0,0,0,
98535,Frontotemporal degeneration with dementia,Group of disorders,0,0,0,
98538,Ataxia with dementia,Group of disorders,0,0,0,
98539,Early-onset ataxia with dementia,Group of disorders,0,0,0,
98540,Late-onset ataxia with dementia,Group of disorders,0,0,0,
98542,Infectious disease with dementia,Group of disorders,0,0,0,
98543,Metabolic disease with dementia,Group of disorders,0,0,0,
98544,Cerebral lipidosis with dementia,Group of disorders,0,0,0,
98549,Rare cerebrovascular dementia,Group of disorders,0,0,0,
98553,Developmental defect of the eye,Group of disorders,0,0,0,
98554,OBSOLETE: Major induction processes eye anomaly,Group of disorders,0,0,0,
98555,Microphthalmia-anophthalmia-coloboma,Group of disorders,0,1,1,5.71
98557,Syndromic aniridia,Group of disorders,0,0,0,
98558,OBSOLETE: Rare eye disease due to a differentiation anomaly,Group of disorders,0,0,0,
98559,"OBSOLETE: Rare palpebral, lacrimal system and conjunctival disease",Group of disorders,0,0,0,
98560,Rare palpebral disorder,Group of disorders,0,0,0,
98561,Congenital malformation of the eyelid,Group of disorders,0,0,0,
98562,Cryptophthalmia,Group of disorders,0,0,0,
98563,Microblepharon-ablephara syndrome,Group of disorders,0,0,0,
98564,Eyelid border anomaly,Group of disorders,0,0,0,
98565,Syndromic ankyloblepharon filiforme adnatum,Group of disorders,0,0,0,
98566,Syndromic eyelid coloboma,Group of disorders,0,0,0,
98567,Rare eyelid malposition disorder,Group of disorders,0,0,0,
98568,OBSOLETE: Congenital entropion,Group of disorders,0,0,0,
98569,OBSOLETE: Secondary entropion,Group of disorders,0,0,0,
98570,Congenital ectropion,Group of disorders,0,0,0,
98571,Secondary ectropion,Group of disorders,0,0,0,
98572,OBSOLETE: Canthal anomaly,Group of disorders,0,0,0,
98573,OBSOLETE: Epicanthal fold,Group of disorders,0,0,0,
98574,Syndromic epicanthus,Group of disorders,0,0,0,
98575,Syndromic telecanthus,Group of disorders,0,0,0,
98576,Syndromic outer canthal malposition,Group of disorders,0,0,0,
98577,OBSOLETE: Kinetic eyelid anomaly,Group of disorders,0,0,0,
98578,Rare disorder with ptosis,Group of disorders,0,0,0,
98579,OBSOLETE: Congenital upper palpebral retraction,Group of disorders,0,0,0,
98580,OBSOLETE: Palpebral tumor,Group of disorders,0,0,0,
98581,OBSOLETE: Palpebral epidermal tumor,Group of disorders,0,0,0,
98582,OBSOLETE: Benign tumor of palpebral epidermis,Group of disorders,0,0,0,
98583,OBSOLETE: Precancerous lesion of palpebral epidermis,Group of disorders,0,0,0,
98584,OBSOLETE: Malignant tumor of palpebral epidermis,Group of disorders,0,0,0,
98585,OBSOLETE: Palpebral sebaceous gland tumor,Group of disorders,0,0,0,
98586,OBSOLETE: Pigmented palpebral tumor,Group of disorders,0,0,0,
98587,OBSOLETE: Palpebral lentiginosis,Group of disorders,0,0,0,
98588,OBSOLETE: Palpebral nevus,Group of disorders,0,0,0,
98589,OBSOLETE: Palpebral malignant melanoma,Group of disorders,0,0,0,
98590,OBSOLETE: Palpebral piliary tumor,Group of disorders,0,0,0,
98591,OBSOLETE: Mesenchymatous palpebral tumor,Group of disorders,0,0,0,
98592,OBSOLETE: Palpebral tumor with a vascular malformation,Group of disorders,0,0,0,
98593,OBSOLETE: Neurogenic palpebral tumor,Disorder,0,0,0,
98594,Rare eyebrow/eyelash disorder,Group of disorders,0,0,0,
98595,OBSOLETE: Eyebrow/eyelashes hypertrichosis,Group of disorders,0,0,0,
98596,OBSOLETE: Eyebrow hypertrophy,Group of disorders,0,0,0,
98597,OBSOLETE: Eyelashes hypertrophy,Group of disorders,0,0,0,
98598,OBSOLETE: Congenital absence of the eyebrow/eyelashes,Group of disorders,0,0,0,
98599,OBSOLETE: Eyebrow/eyelashes structural anomaly,Group of disorders,0,0,0,
98600,OBSOLETE: Eyebrow/eyelashes distichiasis,Group of disorders,0,0,0,
98601,OBSOLETE: Eyebrow/eyelashes pigmentation anomaly,Group of disorders,0,0,0,
98602,Rare disorder of the lacrimal apparatus,Group of disorders,0,0,0,
98603,OBSOLETE: Secretory apparatus of the lacrimal system anomaly,Group of disorders,0,0,0,
98604,Congenital alacrima,Group of disorders,0,0,0,
98605,Lacrimal drainage system anomaly,Group of disorders,0,0,0,
98606,Syndromic orbital border hypoplasia,Disorder,0,1,1,1.0
98608,OBSOLETE: Anomaly of the secretory and excretory apparatus of the lacrimal system,Group of disorders,0,0,0,
98609,EEC syndrome and related disorders,Group of disorders,0,0,0,
98610,Rare disorder with conjunctival involvement as a major feature,Group of disorders,0,0,0,
98611,OBSOLETE: Conjunctival vascular anomaly,Group of disorders,0,0,0,
98612,OBSOLETE: Conjunctival hemangioma or hemolymphangioma,Group of disorders,0,0,0,
98613,OBSOLETE: Conjunctival telangiectasia,Group of disorders,0,0,0,
98614,OBSOLETE: Conjunctival lymphangiectasia,Group of disorders,0,0,0,
98615,OBSOLETE: Pigmented conjunctival lesion,Group of disorders,0,0,0,
98616,OBSOLETE: Conjunctival tumor,Group of disorders,0,0,0,
98617,OBSOLETE: Bulbar conjunctival dermoid or conjunctival dermolipoma,Group of disorders,0,0,0,
98618,Rare refraction anomaly,Group of disorders,0,0,0,
98619,Rare isolated myopia,Disorder,4,1,1,
98620,OBSOLETE: Syndromic myopia,Group of disorders,0,0,0,
98621,Rare hyperopia and astigmatism,Group of disorders,0,0,0,
98622,Syndromic hyperopia,Group of disorders,0,0,0,
98623,Syndromic keratoconus,Group of disorders,0,0,0,
98625,Superficial corneal dystrophy,Group of disorders,0,1,1,6.9
98626,Stromal corneal dystrophy,Group of disorders,0,1,1,0.0
98627,Posterior corneal dystrophy,Group of disorders,0,1,1,0.0
98628,Syndromic corneal dystrophy,Group of disorders,0,0,0,
98629,OBSOLETE: Rare glaucoma,Group of disorders,0,0,0,
98631,Congenital malformation of the eye with glaucoma as a major feature,Group of disorders,0,0,0,
98632,OBSOLETE: Glaucoma associated with neural crest cell migration anomaly,Group of disorders,0,0,0,
98633,OBSOLETE: Goniodysgenesis,Group of disorders,0,0,0,
98634,Anterior segment developmental anomaly without extraocular manifestations,Group of disorders,0,0,0,
98635,Corneodysgenesis,Group of disorders,0,0,0,
98636,OBSOLETE: Corneoiridogoniodysgenesis,Group of disorders,0,0,0,
98637,OBSOLETE: Secondary glaucoma due to a proliferation and differentiation anomaly,Group of disorders,0,0,0,
98638,Rare disease with glaucoma as a major feature,Group of disorders,0,0,0,
98639,Rare lens disease,Group of disorders,0,0,0,
98640,Rare disorder with lens opacification,Group of disorders,0,0,0,
98641,Syndromic cataract,Group of disorders,0,0,0,
98642,Chromosomal anomaly with cataract,Group of disorders,0,0,0,
98643,OBSOLETE: Systemic disease with cataract,Group of disorders,0,0,0,
98644,Metabolic disease with cataract,Group of disorders,0,0,0,
98645,OBSOLETE: Cerebral disease with cataract,Group of disorders,0,0,0,
98646,Renal disease with cataract,Group of disorders,0,0,0,
98647,OBSOLETE: Cardiac disease with cataract,Group of disorders,0,0,0,
98648,Musculoskeletal disease with cataract,Group of disorders,0,0,0,
98649,Dentocutaneous disease with cataract,Group of disorders,0,0,0,
98650,Craniofacial anomaly with cataract,Group of disorders,0,0,0,
98652,Lens size anomaly,Group of disorders,0,0,0,
98653,Lens position anomaly,Group of disorders,0,0,0,
98655,Lens shape anomaly,Group of disorders,0,0,0,
98657,OBSOLETE: Genetic vitreous-retinal disease,Group of disorders,0,0,0,
98658,Color-vision disease,Group of disorders,0,0,0,
98661,OBSOLETE: Syndromic rod-cone dystrophy,Group of disorders,0,0,0,
98662,OBSOLETE: Unclassified familial retinal dystrophy,Group of disorders,0,0,0,
98664,OBSOLETE: Genetic macular dystrophy,Group of disorders,0,0,0,
98665,OBSOLETE: Colobomatous and areolar dystrophy,Group of disorders,0,0,0,
98666,OBSOLETE: Unclassified primitive or secondary maculopathy,Group of disorders,0,0,0,
98667,OBSOLETE: Disease predisposing to age-related macular degeneration,Group of disorders,0,0,0,
98668,Vitreoretinopathy,Group of disorders,0,0,0,
98669,OBSOLETE: Congenital vitreoretinal dysplasia,Group of disorders,0,0,0,
98670,OBSOLETE: Vitreoretinal degeneration,Group of disorders,0,0,0,
98671,Hereditary optic neuropathy,Group of disorders,0,0,0,
98672,Autosomal dominant optic atrophy,Group of disorders,0,1,1,24.7
98673,"Autosomal dominant optic atrophy, classic form",Disorder,2,1,1,24.5475
98675,OBSOLETE: Autosomal recessive optic atrophy,Group of disorders,0,0,0,
98676,Autosomal recessive isolated optic atrophy,Disorder,5,1,1,2.5
98677,OBSOLETE: Autosomal recessive syndromic optic atrophy,Group of disorders,0,0,0,
98678,OBSOLETE: X-linked recessive optic atrophy,Group of disorders,0,0,0,
98681,Rare disorder with strabismus,Group of disorders,0,0,0,
98682,NON RARE IN EUROPE: Essential strabismus,Disorder,0,0,0,
98683,Syndromic disorder with strabismus,Group of disorders,0,0,0,
98684,Craniostenosis with strabismus,Group of disorders,0,0,0,
98685,Rare oculomotor nerve disorder,Group of disorders,0,0,0,
98686,Congenital trochlear nerve palsy,Disorder,0,1,1,
98687,Supranuclear eye movement disorder,Group of disorders,0,0,0,
98688,Oculomotor apraxia,Group of disorders,0,0,0,
98689,OBSOLETE: Myopathy with eye involvement,Group of disorders,0,0,0,
98690,OBSOLETE: Myasthenic syndrome with eye involvement,Group of disorders,0,0,0,
98691,OBSOLETE: Abnormal eye movements,Group of disorders,0,0,0,
98692,OBSOLETE: Nervous system anomaly with eye involvement,Group of disorders,0,0,0,
98693,OBSOLETE: Spinocerebellar ataxia with oculomotor anomaly,Group of disorders,0,0,0,
98694,OBSOLETE: Spinocerebellar degenerescence and spastic paraparesis with an oculomotor anomaly,Group of disorders,0,0,0,
98695,OBSOLETE: Mitochondrial disease with eye involvement,Group of disorders,0,0,0,
98696,OBSOLETE: Genodermatosis with ocular features,Group of disorders,0,0,0,
98697,OBSOLETE: Genetic keratinization disorder associated with ocular features,Group of disorders,0,0,0,
98698,OBSOLETE: Ichthyosis associated with ocular features,Group of disorders,0,0,0,
98699,OBSOLETE: Syndromic ichthyosis associated with ocular features,Group of disorders,0,0,0,
98700,OBSOLETE: Pigmentation disorder with eye involvement,Group of disorders,0,0,0,
98701,OBSOLETE: Phakomatosis with eye involvement,Group of disorders,0,0,0,
98702,OBSOLETE: Connective tissue disease with eye involvement,Group of disorders,0,0,0,
98703,OBSOLETE: Disease with potential neoplastic degeneration associated with ocular features,Group of disorders,0,0,0,
98704,OBSOLETE: Onycho-patellar syndrome with eye involvement,Group of disorders,0,0,0,
98706,Oculocutaneous or ocular albinism,Group of disorders,0,0,0,
98708,"OBSOLETE: Pigmentation disorder with eye involvement, excluding albinism",Group of disorders,0,0,0,
98709,OBSOLETE: Ectodermal malformation syndrome associated with ocular features,Group of disorders,0,0,0,
98710,OBSOLETE: Metabolic disease associated with ocular features,Group of disorders,0,0,0,
98711,OBSOLETE: Metabolic disease with corneal opacity,Group of disorders,0,0,0,
98712,OBSOLETE: Metabolic disease with cataract,Group of disorders,0,0,0,
98713,OBSOLETE: Metabolic disease with pigmentary retinitis,Group of disorders,0,0,0,
98714,OBSOLETE: Metabolic disease with macular cherry-red spot,Group of disorders,0,0,0,
98715,Uveitis,Group of disorders,0,0,0,27.5
98716,Heart position anomaly,Group of disorders,0,0,0,
98717,Transposition of the great arteries and conotruncal cardiac anomaly,Group of disorders,0,0,0,
98718,Aortic malformation,Group of disorders,0,0,0,
98719,Pulmonary artery or pulmonary branch anomaly,Group of disorders,0,0,0,
98720,Atrioventricular valve anomaly,Group of disorders,0,0,0,
98721,Congenital tricuspid malformation,Group of disorders,0,0,0,
98722,Atrioventricular septal defect,Group of disorders,0,0,0,
98723,Hypoplastic right heart syndrome,Group of disorders,0,1,1,6.310588235294118
98724,Congenital anomaly of the great arteries,Group of disorders,0,0,0,
98725,Ascending aorta anomaly,Group of disorders,0,0,0,
98726,OBSOLETE: Pulmonary artery/pulmonary branch anomaly,Group of disorders,0,0,0,
98727,Rare atrial defect and interatrial communication,Group of disorders,0,0,0,
98729,Congenital pulmonary veins anomaly,Group of disorders,0,0,0,
98730,OBSOLETE: Atrioventricular discordance,Group of disorders,0,0,0,
98731,OBSOLETE: Congenital arteriovenous fistula,Group of disorders,0,0,0,
98732,OBSOLETE: Syndrome associated with a congenital cardiopathy,Group of disorders,0,0,0,
98733,Noonan syndrome and Noonan-related syndrome,Group of disorders,0,0,0,
98734,OBSOLETE: Cardioskeletal syndrome,Group of disorders,0,0,0,
98736,OBSOLETE: Genetic neurological channelopathy,Group of disorders,0,0,0,
98737,Genetic neurological muscular channelopathy,Group of disorders,0,0,0,
98738,Neurological muscular channelopathy due to a genetic sodium channel defect,Group of disorders,0,0,0,
98739,Neurological muscular channelopathy due to a genetic chloride channel defect,Group of disorders,0,0,0,
98740,Neurological muscular channelopathy due to a genetic calcium channel defect,Group of disorders,0,0,0,
98741,Neurological muscular channelopathy due to a genetic potassium channel defect,Group of disorders,0,0,0,
98742,Neurological muscular channelopathy due to a genetic ryanodine receptor defect,Group of disorders,0,0,0,
98743,Genetic neurological channelopathy of the central nervous system,Group of disorders,0,0,0,
98744,Neurological channelopathy of the central nervous system due to a genetic sodium channel defect,Group of disorders,0,0,0,
98745,Neurological channelopathy of the central nervous system due to a genetic calcium channel defect,Group of disorders,0,0,0,
98746,Neurological channelopathy of the central nervous system due to a genetic potassium channel defect,Group of disorders,0,0,0,
98747,Neurological channelopathy of the central nervous system due to a genetic glycine receptor defect,Group of disorders,0,0,0,
98748,Neurological channelopathy of the central nervous system due to a genetic acetylcholine receptor defect,Group of disorders,0,0,0,
98749,Neurological channelopathy of the central nervous system due to a genetic GABA receptor defect,Group of disorders,0,0,0,
98750,Autoimmune neurological channelopathy,Group of disorders,0,0,0,
98751,OBSOLETE: Autoimmune neurological channelopathy due to a p/q-type voltage gated calcium channel defect,Group of disorders,0,0,0,
98752,OBSOLETE: Autoimmune neurological channelopathy due to a potassium channel defect,Group of disorders,0,0,0,
98753,OBSOLETE: Autoimmune neurological channelopathy due to an acetylcholine receptor subunits defect,Group of disorders,0,0,0,
98754,Prader-Willi syndrome due to maternal uniparental disomy of chromosome 15,Subtype of disorder,4,1,1,
98755,Spinocerebellar ataxia type 1,Disorder,1,1,1,1.5
98756,Spinocerebellar ataxia type 2,Disorder,1,1,1,1.5
98757,Spinocerebellar ataxia type 3,Disorder,0,1,1,2.6666666666666665
98758,Spinocerebellar ataxia type 6,Disorder,1,1,1,0.85
98759,Spinocerebellar ataxia type 17,Disorder,1,1,1,25.05175
98760,Spinocerebellar ataxia type 8,Disorder,2,1,1,0.0
98761,Spinocerebellar ataxia type 10,Disorder,1,1,1,0.0
98762,Spinocerebellar ataxia type 12,Disorder,1,1,1,20.0
98763,Spinocerebellar ataxia type 14,Disorder,1,1,1,10.0
98764,Spinocerebellar ataxia type 27A,Disorder,1,1,1,15.0
98765,Spinocerebellar ataxia type 4,Disorder,1,1,1,0.0
98766,Spinocerebellar ataxia type 5,Disorder,1,1,1,2.5
98767,Spinocerebellar ataxia type 11,Disorder,1,1,1,25.5
98768,Spinocerebellar ataxia type 13,Disorder,1,1,1,10.0
98769,Spinocerebellar ataxia type 15/16,Disorder,1,1,1,40.0
98770,Spinocerebellar ataxia type 16,Disorder,0,0,0,
98771,Spinocerebellar ataxia type 18,Disorder,1,1,1,13.0
98772,Spinocerebellar ataxia type 19/22,Disorder,1,1,1,6.0
98773,Spinocerebellar ataxia type 21,Disorder,1,1,1,17.5
98784,Sleep-related hypermotor epilepsy,Disorder,7,1,1,50.0
98788,Pitt-Rogers-Danks syndrome,Disorder,0,0,0,
98791,Alpha-thalassemia-intellectual disability syndrome linked to chromosome 16,Disorder,2,1,1,10.0
98793,Prader-Willi syndrome due to paternal 15q11q13 deletion,Subtype of disorder,0,1,1,
98794,Angelman syndrome due to maternal 15q11q13 deletion,Subtype of disorder,2,1,1,
98795,Angelman syndrome due to paternal uniparental disomy of chromosome 15,Subtype of disorder,1,1,1,
98797,Isochromosomy Yp syndrome,Disorder,0,1,1,
98798,Isochromosomy Yq syndrome,Disorder,0,1,1,
98805,"Primary dystonia, DYT4 type",Disorder,1,1,1,11.0
98806,"Primary dystonia, DYT6 type",Disorder,1,1,1,26.5
98807,"Primary dystonia, DYT13 type",Disorder,1,1,1,4.0
98808,Autosomal dominant dopa-responsive dystonia,Disorder,3,1,1,0.0
98809,Paroxysmal kinesigenic dyskinesia,Disorder,3,1,1,0.6
98810,Paroxysmal non-kinesigenic dyskinesia,Disorder,2,1,1,0.1
98811,Paroxysmal exertion-induced dyskinesia,Disorder,2,1,1,25.0
98812,Paroxysmal hypnogenic dyskinesia,Disorder,0,0,0,
98813,Hypohidrotic ectodermal dysplasia with immunodeficiency,Disorder,2,1,1,0.1
98815,Self-limited epilepsy with autonomic seizures,Subtype of disorder,0,0,0,0.8
98816,Childhood occipital visual epilepsy,Subtype of disorder,0,0,0,
98818,Landau-Kleffner syndrome,Disorder,1,1,1,0.4
98819,Familial temporal lobe epilepsy,Disorder,0,0,0,
98820,Familial focal epilepsy with variable foci,Disorder,4,1,1,38.0
98823,Chronic myelomonocytic leukemia,Disorder,3,1,1,0.68
98824,Atypical chronic myeloid leukemia,Disorder,1,1,1,0.0
98825,Unclassified myelodysplastic/myeloproliferative disease,Disorder,0,0,0,
98826,Myelodysplastic neoplasm with low blasts,Disorder,1,1,1,0.0
98827,Unclassified myelodysplastic syndrome,Disorder,0,1,1,0.0
98829,Acute myeloid leukemia with abnormal bone marrow eosinophils inv(16)(p13q22) or t(16;16)(p13;q22),Disorder,4,1,1,0.0
98831,Acute myeloid leukemia with 11q23 abnormalities,Disorder,1,1,1,0.0
98832,Acute myeloid leukemia with minimal differentiation,Disorder,1,1,1,0.01
98833,Acute myeloblastic leukemia without maturation,Disorder,2,1,1,0.01
98834,Acute myeloblastic leukemia with maturation,Disorder,3,1,1,0.02
98835,Acute undifferentiated leukemia,Disorder,1,0,0,
98836,Bilineal acute leukemia,Disorder,0,0,0,
98837,Acute biphenotypic leukemia,Disorder,0,0,0,
98838,Primary mediastinal large B-cell lymphoma,Disorder,2,1,1,5.0
98839,Intravascular large B-cell lymphoma,Disorder,2,1,1,
98841,Anaplastic large cell lymphoma,Disorder,0,1,1,2.0
98842,Lymphomatoid papulosis,Disorder,2,1,1,0.0
98843,"Classic Hodgkin lymphoma, nodular sclerosis type",Subtype of disorder,1,1,1,1.28
98844,"Classic Hodgkin lymphoma, mixed cellularity type",Subtype of disorder,0,1,1,0.42
98845,"Classic Hodgkin lymphoma, lymphocyte-rich type",Subtype of disorder,0,1,1,0.1
98846,"Classic Hodgkin lymphoma, lymphocyte-depleted type",Subtype of disorder,0,1,1,0.04
98848,Indolent systemic mastocytosis,Disorder,0,1,1,0.0
98849,Systemic mastocytosis with associated hematologic neoplasm,Disorder,4,1,1,0.0
98850,Aggressive systemic mastocytosis,Disorder,5,1,1,0.0
98851,Mast cell leukemia,Disorder,0,1,1,0.0
98852,Desquamative interstitial pneumonia,Disorder,0,0,0,
98853,Autosomal dominant Emery-Dreifuss muscular dystrophy,Subtype of disorder,4,1,1,
98855,Autosomal recessive Emery-Dreifuss muscular dystrophy,Subtype of disorder,1,1,1,
98856,Charcot-Marie-Tooth disease type 2B1,Disorder,1,1,1,0.0
98861,"Primary ciliary dyskinesia, Kartagener type",Subtype of disorder,0,0,0,
98863,X-linked Emery-Dreifuss muscular dystrophy,Subtype of disorder,2,1,1,0.71
98864,Common hereditary elliptocytosis,Disorder,0,0,0,
98865,Homozygous hereditary elliptocytosis,Disorder,0,0,0,
98866,OBSOLETE: Spherocytic elliptocytosis,Disorder,0,0,0,
98867,Hereditary pyropoikilocytosis,Disorder,0,0,0,
98868,Southeast Asian ovalocytosis,Disorder,1,1,1,0.0
98869,Congenital dyserythropoietic anemia type I,Disorder,2,1,1,75.125
98870,Congenital dyserythropoietic anemia type III,Disorder,2,1,1,30.0
98871,Transient erythroblastopenia of childhood,Disorder,0,1,1,
98872,Primary acquired pure red cell aplasia,Disorder,0,0,0,
98873,Congenital dyserythropoietic anemia type II,Disorder,1,1,1,188.5
98878,Hemophilia A,Disorder,0,1,1,4.198409090909091
98879,Hemophilia B,Disorder,0,1,1,0.7224752475247525
98880,Familial afibrinogenemia,Subtype of disorder,3,1,1,
98881,Familial dysfibrinogenemia,Subtype of disorder,3,1,1,0.0
98885,Bleeding diathesis due to glycoprotein VI deficiency,Subtype of disorder,1,1,1,
98886,Bleeding diathesis due to integrin alpha2-beta1 deficiency,Subtype of disorder,0,1,1,
98888,X-linked complex spastic paraplegia,Group of disorders,0,0,0,
98889,Bilateral perisylvian polymicrogyria,Subtype of disorder,3,1,1,
98890,Early-onset X-linked optic atrophy,Disorder,1,1,1,2.0
98892,Periventricular nodular heterotopia,Subtype of disorder,7,1,1,0.0
98893,Congenital muscular dystrophy type 1B,Disorder,0,1,1,3.0
98894,Congenital muscular dystrophy type 1D,Disorder,0,0,0,
98895,Becker muscular dystrophy,Disorder,1,1,1,2.1053846153846156
98896,Duchenne muscular dystrophy,Disorder,2,1,1,6.282
98897,Oculopharyngodistal myopathy,Disorder,6,1,1,
98902,Amish nemaline myopathy,Disorder,1,1,1,100.0
98904,Congenital myopathy with excess of thin filaments,Disorder,1,1,1,
98905,Congenital multicore myopathy with external ophthalmoplegia,Subtype of disorder,1,1,1,
98907,Neutral lipid storage disease with ichthyosis,Disorder,1,1,1,0.0
98908,Neutral lipid storage disease with myopathy,Disorder,1,1,1,18.0
98909,Desminopathy,Disorder,1,1,1,0.0
98910,Alpha-crystallinopathy,Group of disorders,0,0,0,
98911,Distal myotilinopathy,Disorder,1,1,1,3.9
98912,"Late-onset distal myopathy, Markesbery-Griggs type",Disorder,1,1,1,5.5
98913,Postsynaptic congenital myasthenic syndrome,Subtype of disorder,12,1,1,
98914,Presynaptic congenital myasthenic syndromes,Subtype of disorder,10,1,1,
98915,Synaptic congenital myasthenic syndrome,Subtype of disorder,2,1,1,
98916,Acute inflammatory demyelinating polyradiculoneuropathy,Disorder,1,1,1,3.1
98917,Acute motor and sensory axonal neuropathy,Disorder,0,1,1,
98918,Acute motor axonal neuropathy,Disorder,0,1,1,
98919,Miller Fisher syndrome,Disorder,0,1,1,0.05
98920,Spinal muscular atrophy with respiratory distress type 1,Disorder,1,1,1,64.0
98922,Blake pouch cyst,Disorder,0,0,0,
98932,OBSOLETE: Shy-Drager syndrome,Subtype of disorder,0,0,0,
98933,"Multiple system atrophy, parkinsonian type",Subtype of disorder,1,1,1,2.4
98934,Huntington disease-like 2,Disorder,1,1,1,25.0
98938,Colobomatous microphthalmia,Disorder,14,1,1,19.0
98941,OBSOLETE: Von Hippel anomaly,Disorder,0,0,0,
98942,Coloboma of choroid and retina,Disorder,5,1,1,
98943,Coloboma of eye lens,Disorder,4,0,0,
98944,Coloboma of iris,Disorder,5,0,0,
98945,Coloboma of macula,Disorder,4,0,0,
98946,Coloboma of eyelid,Disorder,4,0,0,
98947,Coloboma of optic disc,Disorder,4,0,0,
98948,Congenital symblepharon,Subtype of disorder,0,1,1,0.0
98949,Complete cryptophthalmia,Subtype of disorder,1,1,1,7.5
98950,Partial cryptophthalmia,Subtype of disorder,0,1,1,0.0
98951,Inverse Marcus-Gunn phenomenon,Subtype of disorder,0,0,0,
98954,Meesmann corneal dystrophy,Disorder,2,1,1,125.0
98955,Lisch epithelial corneal dystrophy,Disorder,0,1,1,18.0
98956,Epithelial basement membrane dystrophy,Disorder,1,1,1,
98957,Gelatinous drop-like corneal dystrophy,Disorder,1,1,1,0.165
98958,Climatic droplet keratopathy,Disorder,0,0,0,
98959,Subepithelial mucinous corneal dystrophy,Disorder,0,1,1,0.5
98960,Thiel-Behnke corneal dystrophy,Disorder,1,1,1,86.5
98961,Reis-Bücklers corneal dystrophy,Disorder,1,1,1,40.5
98962,Granular corneal dystrophy type I,Disorder,1,1,1,0.0
98963,Granular corneal dystrophy type II,Disorder,1,1,1,0.0
98964,Lattice corneal dystrophy type I,Disorder,1,1,1,0.0
98967,Schnyder corneal dystrophy,Disorder,1,1,1,57.5
98968,Central discoid corneal dystrophy,Disorder,0,0,0,
98969,Macular corneal dystrophy,Disorder,1,1,1,0.5
98970,Fleck corneal dystrophy,Disorder,1,1,1,15.0
98971,Posterior amorphous corneal dystrophy,Disorder,0,1,1,5.5
98972,Central cloudy dystrophy of François,Disorder,0,1,1,12.0
98973,Posterior polymorphous corneal dystrophy,Disorder,5,1,1,0.5
98974,Fuchs endothelial corneal dystrophy,Disorder,5,1,1,0.0
98975,Congenital hereditary endothelial dystrophy type I,Disorder,0,0,0,
98976,Congenital glaucoma,Disorder,4,1,1,3.022222222222222
98977,Juvenile glaucoma,Disorder,3,1,1,2.0
98978,Axenfeld anomaly,Disorder,2,1,1,0.5
98979,Chandler syndrome,Subtype of disorder,0,0,0,
98980,Cogan-Reese syndrome,Subtype of disorder,0,0,0,
98981,Essential iris atrophy,Subtype of disorder,0,0,0,
98983,"OBSOLETE: Congenital cataract, Volkmann type",Subtype of disorder,0,0,0,
98984,Pulverulent cataract,Subtype of disorder,9,1,1,
98985,Early-onset sutural cataract,Subtype of disorder,6,1,1,
98986,OBSOLETE: Coppock-like cataract,Subtype of disorder,0,0,0,
98987,"OBSOLETE: Cataract, Hutterite type",Subtype of disorder,0,0,0,
98988,Early-onset anterior polar cataract,Subtype of disorder,4,1,1,
98989,Cerulean cataract,Subtype of disorder,4,1,1,
98990,Coralliform cataract,Subtype of disorder,1,1,1,
98991,Early-onset nuclear cataract,Subtype of disorder,18,1,1,
98992,Early-onset partial cataract,Subtype of disorder,0,1,1,
98993,Early-onset posterior polar cataract,Subtype of disorder,8,1,1,
98994,Total early-onset cataract,Subtype of disorder,17,1,1,
98995,Early-onset zonular cataract,Subtype of disorder,0,1,1,
99000,Adult-onset foveomacular vitelliform dystrophy,Disorder,4,1,1,0.0
99001,Butterfly-shaped pigment dystrophy,Disorder,3,1,1,16.5
99002,Reticular dystrophy of the retinal pigment epithelium,Disorder,1,1,1,4.5
99003,Multifocal pattern dystrophy simulating fundus flavimaculatus,Disorder,1,1,1,0.0
99004,Fundus pulverulentus,Disorder,0,0,0,
99012,"OBSOLETE: Autosomal recessive optic atrophy, OPA6 type",Subtype of disorder,0,0,0,
99013,Spastic paraplegia type 7,Disorder,1,1,1,0.0
99014,X-linked Charcot-Marie-Tooth disease type 5,Disorder,1,1,1,4.5
99015,Spastic paraplegia type 2,Disorder,1,1,1,50.0
99022,OBSOLETE: Niemann-Pick disease type E,Disorder,0,0,0,
99027,Adult-onset autosomal dominant leukodystrophy,Disorder,1,1,1,10.0
99042,Congenitally uncorrected transposition of the great arteries with coarctation,Subtype of disorder,1,1,1,0.0
99043,Double outlet right ventricle with subaortic or doubly committed ventricular septal defect with pulmonary stenosis,Subtype of disorder,0,1,1,
99044,Double outlet right ventricle with subaortic ventricular septal defect,Subtype of disorder,0,0,0,
99045,Double outlet right ventricle with subpulmonary ventricular septal defect,Subtype of disorder,0,1,1,
99046,Double outlet right ventricle with non-committed subpulmonary ventricular septal defect,Subtype of disorder,0,1,1,
99047,Double outlet right ventricle with doubly committed ventricular septal defect,Subtype of disorder,0,0,0,
99048,Pulmonary valve agenesis-intact ventricular septum-persistent ductus arteriosus syndrome,Disorder,0,0,0,
99049,Pulmonary artery coming from patent ductus arteriosus,Disorder,0,0,0,
99050,Abnormal origin of right or left pulmonary artery from the aorta,Disorder,0,1,1,100.0
99051,Discrete fixed membranous subaortic stenosis,Subtype of disorder,0,0,0,
99052,Discrete fibromuscular subaortic stenosis,Subtype of disorder,0,0,0,
99053,Tunnel subaortic stenosis,Subtype of disorder,0,0,0,
99054,Valvular pulmonary stenosis,Subtype of disorder,0,0,0,
99055,Congenital anomaly of the tricuspid valve chordae,Disorder,0,0,0,
99056,Parachute tricuspid valve,Disorder,0,0,0,
99057,Congenital mitral stenosis,Disorder,0,0,0,
99058,Hypoplasia of the mitral valve annulus,Disorder,0,0,0,
99059,Congenital supravalvular mitral ring,Disorder,0,0,0,
99060,Congenital unguarded mitral orifice,Disorder,0,0,0,
99061,Accessory mitral valve tissue,Disorder,0,0,0,
99062,Mitral valve agenesis,Disorder,0,0,0,
99063,Shone complex,Disorder,0,1,1,50.0
99064,Straddling and/or overriding mitral valve,Subtype of disorder,0,0,0,
99066,OBSOLETE: Complete atrioventricular canal-left heart obstruction syndrome,Subtype of disorder,0,0,0,
99067,Complete atrioventricular septal defect with ventricular hypoplasia,Subtype of disorder,4,1,1,
99068,Complete atrioventricular septal defect-tetralogy of Fallot,Subtype of disorder,3,1,1,
99069,OBSOLETE: Univentricular heart with single atrio-ventricular valve,Subtype of disorder,0,0,0,
99070,Aorto-right ventricular tunnel,Subtype of disorder,0,0,0,
99071,Aorto-left ventricular tunnel,Subtype of disorder,0,0,0,
99072,Congenital patent ductus arteriosus aneurysm,Disorder,0,0,0,
99075,Encircling double aortic arch,Disorder,0,0,0,
99076,Persistent fifth aortic arch,Disorder,0,0,0,
99077,Kommerell diverticulum,Disorder,0,1,1,
99078,Neuhauser anomaly,Disorder,0,0,0,
99079,Cervical aortic arch,Disorder,0,0,0,
99081,Right aortic arch,Disorder,0,0,0,
99082,Dysphagia lusoria,Disorder,0,0,0,
99083,Pulmonary artery hypoplasia,Disorder,0,0,0,
99084,Peripheral pulmonary stenosis,Disorder,0,0,0,
99085,OBSOLETE: Coronary artery intramyocardial course,Disorder,0,0,0,
99086,OBSOLETE: Aortopulmonary coronary arterial course,Disorder,0,0,0,
99087,Coronary ostial stenosis or atresia,Disorder,0,0,0,
99088,OBSOLETE: Intramural coronary arterial course,Disorder,0,0,0,
99089,Abnormal number of coronary ostia,Disorder,0,0,0,
99090,Malposition of a coronary ostium,Disorder,0,0,0,
99092,Interventricular septum aneurysm,Disorder,0,0,0,
99094,Laubry-Pezzi syndrome,Disorder,0,1,1,0.0
99095,Congenital Gerbode defect,Disorder,0,1,1,0.0
99096,OBSOLETE: Multiple ventricular septal defects,Disorder,0,0,0,
99097,OBSOLETE: Single ventricular septal defect,Disorder,0,0,0,
99098,Cor triatriatum dexter,Disorder,0,0,0,
99099,Cor triatriatum sinister,Disorder,0,0,0,
99100,Juxtaposition of the atrial appendages,Disorder,0,0,0,
99101,Ectasia of the right atrial appendage,Disorder,0,0,0,
99102,Ectasia of the left atrial appendage,Disorder,0,0,0,
99103,"Atrial septal defect, ostium secundum type",Subtype of disorder,8,1,1,
99104,"Atrial septal defect, coronary sinus type",Subtype of disorder,0,1,1,
99105,"Atrial septal defect, sinus venosus type",Subtype of disorder,1,1,1,
99106,"Atrial septal defect, ostium primum type",Subtype of disorder,1,1,1,
99107,Atrial septal aneurysm,Disorder,0,0,0,
99108,NON RARE IN EUROPE: Patent foramen ovale,Disorder,0,0,0,
99109,Persistent left superior vena cava connecting through coronary sinus to left-sided atrium,Disorder,0,0,0,
99110,Right superior vena cava connecting to left-sided atrium,Disorder,0,0,0,
99111,Persistent left superior vena cava connecting to the roof of left-sided atrium,Disorder,0,0,0,
99112,Absence of innominate vein,Disorder,0,0,0,
99113,Subaortic course of innominate vein,Disorder,0,0,0,
99114,Agenesis of the superior vena cava,Disorder,0,0,0,
99117,Coronary sinus stenosis,Disorder,0,0,0,
99118,Coronary sinus atresia,Disorder,0,0,0,
99119,Right inferior vena cava connecting to left-sided atrium,Disorder,0,0,0,
99120,Persistent eustachian valve,Disorder,0,0,0,
99121,Azygos continuation of the inferior vena cava,Disorder,0,0,0,
99122,Congenital stenosis of the inferior vena cava,Disorder,0,0,0,
99123,Inferior vena cava interruption without azygos continuation,Disorder,0,0,0,
99124,Congenital partial pulmonary venous return anomaly,Disorder,0,1,1,
99125,Congenital total pulmonary venous return anomaly,Disorder,0,1,1,8.5
99126,Congenital pulmonary vein atresia,Disorder,0,0,0,
99129,Congenital complete agenesis of pericardium,Disorder,0,1,1,
99130,Congenital partial agenesis of pericardium,Disorder,0,1,1,
99131,Pleuro-pericardial cyst,Disorder,0,1,1,
99134,OBSOLETE: Intermediate stomatocytosis syndrome,Disorder,0,0,0,
99135,"6-phosphogluconate dehydrogenase deficiency",Disorder,0,0,0,
99138,Hemolytic anemia due to erythrocyte adenosine deaminase overproduction,Disorder,0,1,1,
99139,OBSOLETE: Unstable hemoglobin disease,Disorder,0,0,0,
99141,Lymphedema-posterior choanal atresia syndrome,Disorder,1,1,1,3.0
99142,Microcephaly-cutis verticis gyrata-lymphedema syndrome,Disorder,0,0,0,
99143,OBSOLETE: Mandibulofacial dysostosis-lymphedema syndrome,Disorder,0,0,0,
99146,OBSOLETE: Platelet function disease associated with renal insufficiency,Disorder,0,0,0,
99147,Acquired von Willebrand syndrome,Disorder,0,1,1,150.0
99151,NON RARE IN EUROPE: Hippocampal tauopathy in cerebral aging,Disorder,0,0,0,
99166,NON RARE IN EUROPE: Familial combined hyperlipoproteinemia,Disorder,0,0,0,
99169,Epiblepharon,Disorder,0,0,0,
99170,Tarsal kink syndrome,Disorder,0,0,0,
99171,Isolated congenital ectropion,Disorder,0,0,0,
99172,Euryblepharon,Disorder,0,1,1,
99176,Congenital eyelid retraction,Disorder,0,0,0,
99177,Isolated distichiasis,Disorder,0,0,0,
99179,Kandori fleck retina,Disorder,0,1,1,
99226,Monosomy X syndrome,Subtype of disorder,0,1,1,
99228,Mosaic monosomy X syndrome,Subtype of disorder,0,1,1,
99324,Paternal uniparental disomy of chromosome 13 syndrome,Disorder,0,1,1,
99329,"48,XYYY syndrome",Disorder,0,1,1,5.0
99330,"49,XYYYY syndrome",Disorder,0,1,1,4.0
99361,Isolated familial medullary thyroid carcinoma,Disorder,3,1,1,
99408,Pituitary adenoma,Group of disorders,0,0,0,
99413,Turner syndrome due to structural X chromosome anomalies,Subtype of disorder,0,1,1,
99429,Complete androgen insensitivity syndrome,Disorder,1,1,1,1.915
99642,"Spondyloepimetaphyseal dysplasia, Handigodu type",Disorder,0,1,1,117.0
99645,Dappled diaphyseal dysplasia,Disorder,0,0,0,
99646,Metaphyseal chondromatosis with D-2-hydroxyglutaric aciduria,Disorder,1,1,1,0.0
99647,Cheirospondyloenchondromatosis,Disorder,0,0,0,
99648,OBSOLETE: Non-progressive congenital heart block,Disorder,0,0,0,
99649,OBSOLETE: Generalized epilepsy and praxis-induced seizures,Disorder,0,0,0,
99650,OBSOLETE: Non-pore-loop channelopathy involved in several types of epilepsy,Group of disorders,0,0,0,
99651,OBSOLETE: Non-pore-loop channelopathy involved in other renal tubular disorder,Group of disorders,0,0,0,
99654,OBSOLETE: Fibrocalculous pancreatopathy,Disorder,0,0,0,
99657,"Primary dystonia, DYT2 type",Disorder,1,1,1,0.0
99662,OBSOLETE: Posterior fossa tumors,Disorder,0,0,0,
99663,OBSOLETE: Vestibular torticollis,Disorder,0,0,0,
99664,OBSOLETE: Trochlear nerve palsy,Disorder,0,0,0,
99665,NON RARE IN EUROPE: Ventral hernia,Disorder,0,0,0,
99666,OBSOLETE: Atlantoaxial subluxation,Disorder,0,0,0,
99672,Fried's tooth and nail syndrome,Disorder,0,1,1,6.0
99688,Dermotrichic syndrome,Disorder,0,1,1,0.0
99694,Alveolar synechia-ankyloblepharon-ectodermal dysplasia syndrome,Disorder,0,0,0,
99701,Mesial temporal lobe epilepsy with hippocampal sclerosis,Disorder,0,1,1,
99704,Early-onset obesity-hyperphagia-severe developmental delay syndrome,Disorder,1,1,1,
99706,OBSOLETE: Progeria-associated arthropathy,Disorder,0,0,0,
99710,Punctate acrokeratoderma freckle-like pigmentation,Disorder,0,1,1,3.5
99715,MASS syndrome,Subtype of disorder,0,0,0,
99718,Leber plus disease,Disorder,3,1,1,0.04
99722,OBSOLETE: Sporadic achalasia,Subtype of disorder,0,0,0,
99723,OBSOLETE: Familial esophageal achalasia,Subtype of disorder,0,0,0,
99725,Pituitary gigantism,Disorder,2,1,1,0.0
99731,Isolated sulfite oxidase deficiency,Subtype of disorder,1,1,1,25.0
99732,Sulfite oxidase deficiency due to molybdenum cofactor deficiency,Subtype of disorder,0,0,0,
99734,Myotonia fluctuans,Disorder,1,1,1,0.0
99735,Myotonia permanens,Disorder,1,1,1,0.0
99736,Acetazolamide-responsive myotonia,Disorder,1,1,1,0.0
99739,Rare familial disorder with hypertrophic cardiomyopathy,Group of disorders,0,1,1,
99741,King-Denborough syndrome,Disorder,1,1,1,9.0
99742,Amish lethal microcephaly,Disorder,1,1,1,100.0
99745,Typhoid,Disorder,0,1,1,49.4
99748,Pontiac fever,Disorder,0,1,1,0.0
99749,Kostmann syndrome,Disorder,1,1,1,15.014166666666666
99750,Atypical progressive supranuclear palsy syndrome,Subtype of disorder,0,1,1,0.0
99756,Alveolar rhabdomyosarcoma,Subtype of disorder,5,1,1,0.03273913043478261
99757,Embryonal rhabdomyosarcoma,Subtype of disorder,4,1,1,0.05926086956521739
99763,OBSOLETE: Familial hyperreninemic hypoaldosteronism type 1,Subtype of disorder,0,0,0,
99764,OBSOLETE: Familial hyperreninemic hypoaldosteronism type 2,Subtype of disorder,0,0,0,
99771,Bifid uvula,Disorder,2,1,1,0.0
99772,Cleft velum,Disorder,2,1,1,0.0
99776,Mosaic trisomy 9 syndrome,Disorder,0,1,1,25.0
99777,Achalasia-alacrimia syndrome,Disorder,0,0,0,
99781,OBSOLETE: Familial articular chondrocalcinosis type 1,Subtype of disorder,0,0,0,
99782,OBSOLETE: Familial articular chondrocalcinosis type 2,Subtype of disorder,0,0,0,
99789,Dentin dysplasia type I,Subtype of disorder,3,1,1,1.0
99791,Dentin dysplasia type II,Subtype of disorder,1,1,1,9.5
99792,Dentin dysplasia-sclerotic bones syndrome,Disorder,0,1,1,0.5
99796,Subcortical band heterotopia,Disorder,3,1,1,
99797,Anodontia,Disorder,0,0,0,
99798,Oligodontia,Disorder,12,1,1,0.0
99802,Hemimegalencephaly,Disorder,3,1,1,0.0
99803,Haddad syndrome,Disorder,3,1,1,30.0
99806,Oculootodental syndrome,Disorder,2,1,1,0.5
99807,PEHO-like syndrome,Disorder,1,1,1,5.0
99810,Familial porencephaly,Subtype of disorder,3,1,1,0.0
99811,Neuronal intestinal pseudoobstruction,Subtype of disorder,1,1,1,
99812,LIG4 syndrome,Disorder,2,1,1,14.0
99817,Non-polyposis Turcot syndrome,Subtype of disorder,0,0,0,
99818,Turcot syndrome with polyposis,Subtype of disorder,0,0,0,
99819,Familial gestational hyperthyroidism,Disorder,1,1,1,
99824,Lassa fever,Disorder,0,1,1,0.0
99825,Nipah virus disease,Disorder,0,1,1,278.0
99826,Marburg hemorrhagic fever,Disorder,0,1,1,250.0
99827,Crimean-Congo hemorrhagic fever,Disorder,0,1,1,0.0
99828,Dengue fever,Disorder,0,1,1,27.89280769230769
99829,Yellow fever,Disorder,0,1,1,0.0
99831,OBSOLETE: Common variable immunodeficiency due to an intrinsic T cell defect,Subtype of disorder,0,0,0,
99832,Resistance to thyrotropin-releasing hormone syndrome,Disorder,1,1,1,1.0
99842,Leukocyte adhesion deficiency type I,Subtype of disorder,1,1,1,0.1
99843,Leukocyte adhesion deficiency type II,Subtype of disorder,1,1,1,3.5
99844,Leukocyte adhesion deficiency type III,Subtype of disorder,1,1,1,20.0
99845,Genetic recurrent myoglobinuria,Disorder,4,1,1,0.0
99846,Autosomal dominant myoglobinuria,Disorder,0,1,1,1.0
99849,Glycogen storage disease due to muscle beta-enolase deficiency,Disorder,1,1,1,0.5
99852,Ravine syndrome,Disorder,1,1,1,19.0
99853,Ovarioleukodystrophy,Subtype of disorder,6,1,1,8.5
99854,Cree leukoencephalopathy,Subtype of disorder,5,1,1,
99856,Primary syringomyelia,Disorder,0,0,0,
99857,Secondary syringomyelia,Disorder,0,1,1,
99858,Idiopathic syringomyelia,Subtype of disorder,0,0,0,
99859,OBSOLETE: Posttraumatic syringomyelia,Subtype of disorder,0,0,0,
99860,Precursor B-cell acute lymphoblastic leukemia,Disorder,0,1,1,
99861,Precursor T-cell acute lymphoblastic leukemia,Disorder,23,1,1,
99864,OBSOLETE: Classic seminoma,Subtype of disorder,0,0,0,
99865,Spermatocytic seminoma,Disorder,0,1,1,0.015
99866,OBSOLETE: Metastatic spermatocytic seminoma,Subtype of disorder,0,0,0,
99867,Thymoma,Disorder,0,1,1,0.4533333333333333
99868,Thymic carcinoma,Disorder,0,1,1,0.0
99869,Thymic neuroendocrine carcinoma,Disorder,0,1,1,0.0
99870,OBSOLETE: Letterer-Siwe disease,Subtype of disorder,0,0,0,
99871,OBSOLETE: Eosinophilic granuloma,Subtype of disorder,0,0,0,
99872,OBSOLETE: Hashimoto-Pritzker syndrome,Subtype of disorder,0,0,0,
99873,OBSOLETE: Hand-Schüller-Christian disease,Subtype of disorder,0,0,0,
99874,OBSOLETE: Adult pulmonary Langerhans cell histiocytosis,Subtype of disorder,0,0,0,
99875,OBSOLETE: Ehlers-Danlos syndrome type 7A,Subtype of disorder,0,0,0,
99876,OBSOLETE: Ehlers-Danlos syndrome type 7B,Subtype of disorder,0,0,0,
99877,OBSOLETE: Familial parathyroid adenoma,Disorder,0,0,0,
99878,OBSOLETE: Primary parathyroid hyperplasia,Disorder,0,0,0,
99879,Familial isolated hyperparathyroidism,Disorder,3,1,1,50.0
99880,Hyperparathyroidism-jaw tumor syndrome,Disorder,1,1,1,50.0
99885,Isolated permanent neonatal diabetes mellitus,Disorder,6,1,1,2.5475
99886,Transient neonatal diabetes mellitus,Disorder,5,1,1,0.15
99887,Acute megakaryoblastic leukemia in children with Down syndrome,Subtype of disorder,1,1,1,
99888,NON RARE IN EUROPE: Adrenocortical adenoma,Disorder,0,0,0,
99889,Cushing syndrome due to ectopic ACTH secretion,Disorder,0,1,1,0.0
99892,ACTH-dependent Cushing syndrome,Group of disorders,0,0,0,0.275
99893,OBSOLETE: ACTH-independent Cushing syndrome,Group of disorders,0,0,0,
99898,Mendelian susceptibility to mycobacterial diseases due to complete IFNgammaR1 deficiency,Disorder,1,1,1,15.5
99900,Long chain acyl-CoA dehydrogenase deficiency,Disorder,0,0,0,
99901,Acyl-CoA dehydrogenase 9 deficiency,Disorder,1,1,1,11.5
99903,Spirillary rat-bite fever,Subtype of disorder,0,1,1,0.0
99905,Streptobacillary rat-bite fever,Subtype of disorder,0,1,1,0.0
99906,OBSOLETE: Farmer's lung disease,Disorder,0,0,0,
99907,OBSOLETE: House allergic alveolitis,Disorder,0,0,0,
99908,OBSOLETE: Pigeon-breeder lung disease,Disorder,0,0,0,
99909,OBSOLETE: Occupational allergic alveolitis,Group of disorders,0,0,0,
99912,Ovarian dysgerminoma,Disorder,0,1,1,0.02
99913,Extragonadal non-dysgerminomatous germ cell tumor,Group of disorders,0,0,0,
99914,Gynandroblastoma,Disorder,1,0,0,
99915,Malignant granulosa cell tumor of the ovary,Disorder,2,1,1,0.12
99916,Malignant Sertoli-Leydig cell tumor of the ovary,Disorder,1,1,1,0.0
99917,"Theca steroid-producing cell malignant tumor of ovary, not further specified",Disorder,0,1,1,0.0
99918,Streptococcal toxic-shock syndrome,Subtype of disorder,0,1,1,0.21500000000000002
99919,Staphylococcal toxic-shock syndrome,Subtype of disorder,0,1,1,0.29
99920,Acute graft versus host disease,Subtype of disorder,0,0,0,
99921,Chronic graft versus host disease,Subtype of disorder,0,1,1,
99922,Ocular cicatricial pemphigoid,Disorder,0,0,0,
99925,Invasive mole,Disorder,0,1,1,0.0
99926,Gestational choriocarcinoma,Disorder,0,1,1,0.0
99927,Hydatidiform mole,Disorder,0,1,1,0.0
99928,Placental site trophoblastic tumor,Disorder,0,1,1,0.29333333333333333
99930,Secondary pulmonary hemosiderosis,Disorder,0,0,0,
99931,Idiopathic pulmonary hemosiderosis,Disorder,0,1,1,0.02125
99932,Heiner syndrome,Disorder,0,1,1,0.07
99933,Pleuropulmonary blastoma type 1,Subtype of disorder,0,0,0,
99934,Pleuropulmonary blastoma type 2,Subtype of disorder,0,0,0,
99935,Pleuropulmonary blastoma type 3,Subtype of disorder,0,0,0,
99936,Autosomal dominant Charcot-Marie-Tooth disease type 2B,Disorder,1,1,1,1.5
99937,Autosomal dominant Charcot-Marie-Tooth disease type 2C,Disorder,1,1,1,8.5
99938,Autosomal dominant Charcot-Marie-Tooth disease type 2D,Disorder,1,1,1,22.0
99939,Autosomal dominant Charcot-Marie-Tooth disease type 2E,Disorder,1,1,1,0.0
99940,Autosomal dominant Charcot-Marie-Tooth disease type 2F,Disorder,1,1,1,2.5
99941,Autosomal dominant Charcot-Marie-Tooth disease type 2G,Disorder,0,0,0,
99942,Autosomal dominant Charcot-Marie-Tooth disease type 2I,Disorder,1,1,1,2.5
99943,Autosomal dominant Charcot-Marie-Tooth disease type 2J,Disorder,1,1,1,
99944,Autosomal dominant Charcot-Marie-Tooth disease type 2K,Disorder,1,1,1,15.0
99945,Autosomal dominant Charcot-Marie-Tooth disease type 2L,Disorder,1,1,1,0.5
99946,Autosomal dominant Charcot-Marie-Tooth disease type 2A1,Disorder,1,1,1,0.5
99947,Autosomal dominant Charcot-Marie-Tooth disease type 2A2,Disorder,1,1,1,0.0
99948,Charcot-Marie-Tooth disease type 4A,Disorder,1,1,1,0.0
99949,Charcot-Marie-Tooth disease type 4C,Disorder,1,1,1,0.0
99950,Charcot-Marie-Tooth disease type 4D,Disorder,1,1,1,0.0
99951,Charcot-Marie-Tooth disease type 4E,Disorder,1,1,1,
99952,Charcot-Marie-Tooth disease type 4F,Disorder,1,1,1,0.0
99953,Charcot-Marie-Tooth disease type 4G,Disorder,1,1,1,5.0
99954,Charcot-Marie-Tooth disease type 4H,Disorder,1,1,1,7.5
99955,Charcot-Marie-Tooth disease type 4B1,Disorder,1,1,1,5.5
99956,Charcot-Marie-Tooth disease type 4B2,Disorder,1,1,1,0.0
99960,Benign recurrent intrahepatic cholestasis type 1,Subtype of disorder,1,1,1,
99961,Benign recurrent intrahepatic cholestasis type 2,Subtype of disorder,1,1,1,
99965,O'Sullivan-McLeod syndrome,Disorder,0,1,1,3.5
99966,Atypical teratoid rhabdoid tumor,Disorder,1,1,1,0.69
99967,Myxoid/round cell liposarcoma,Subtype of disorder,2,1,1,0.05
99969,Pleomorphic liposarcoma,Subtype of disorder,0,1,1,0.025
99970,Dedifferentiated liposarcoma,Subtype of disorder,3,1,1,0.135
99971,Well-differentiated liposarcoma,Subtype of disorder,3,1,1,0.255
99972,OBSOLETE: Immunoglobulin A1 deficiency,Disorder,0,0,0,
99973,OBSOLETE: Immunoglobulin A2 deficiency,Disorder,0,0,0,
99974,OBSOLETE: TACI-related selective deficiency of IgA,Subtype of disorder,0,0,0,
99976,Adenocarcinoma of the oesophagus and oesophagogastric junction,Disorder,1,1,1,1.8252142857142857
99977,Squamous cell carcinoma of the esophagus,Disorder,4,1,1,3.0362857142857145
99978,Perihilar cholangiocarcinoma,Disorder,0,1,1,0.75
99981,Apnea of prematurity,Disorder,0,1,1,8.5
99983,Cutaneous myiasis,Group of disorders,0,0,0,
99985,OBSOLETE: Familial restrictive cardiomyopathy type 1,Subtype of disorder,0,0,0,
99986,OBSOLETE: Familial restrictive cardiomyopathy type 2,Subtype of disorder,0,0,0,
99987,OBSOLETE: Anophthalmia-esophageal-genital syndrome syndrome,Subtype of disorder,0,0,0,
99989,Intermediate DEND syndrome,Disorder,1,1,1,0.0
99990,Brill-Zinsser disease,Subtype of disorder,0,0,0,
99991,Relapsing epidemic typhus,Subtype of disorder,0,0,0,
99994,Complex regional pain syndrome type 2,Subtype of disorder,0,1,1,0.41
99995,Complex regional pain syndrome type 1,Subtype of disorder,0,1,1,13.015
100000,Reticular perineurioma,Subtype of disorder,0,0,0,
100001,Sclerosing perineurioma,Subtype of disorder,0,0,0,
100002,Extraneural perineurioma,Disorder,0,1,1,150.0
100003,Intraneural perineurioma,Disorder,0,1,1,86.0
100006,"ABeta amyloidosis, Dutch type",Subtype of disorder,1,1,1,125.0
100008,ACys amyloidosis,Subtype of disorder,1,1,1,4.5
100011,Lissencephaly with cerebellar hypoplasia type A,Disorder,0,1,1,
100012,Lissencephaly with cerebellar hypoplasia type B,Disorder,0,1,1,25.0
100013,Lissencephaly with cerebellar hypoplasia type C,Disorder,0,1,1,1.0
100014,Lissencephaly with cerebellar hypoplasia type D,Disorder,0,1,1,
100015,Lissencephaly with cerebellar hypoplasia type E,Disorder,0,1,1,
100016,Lissencephaly with cerebellar hypoplasia type F,Disorder,0,1,1,
100019,Myelodysplastic neoplasm with increased blasts type 1,Subtype of disorder,1,1,1,0.0
100020,Myelodysplastic neoplasm with increased blasts type 2,Subtype of disorder,1,1,1,0.0
100021,Primary plasmacytoma of the bone,Subtype of disorder,0,0,0,0.15
100022,Extramedullary soft tissue plasmacytoma,Subtype of disorder,0,0,0,0.1
100024,Mu-heavy chain disease,Subtype of disorder,0,1,1,17.5
100025,Alpha-heavy chain disease,Subtype of disorder,0,1,1,200.0
100026,Gamma-heavy chain disease,Subtype of disorder,0,1,1,60.0
100031,Hypoplastic amelogenesis imperfecta,Subtype of disorder,6,1,1,
100032,Hypocalcified amelogenesis imperfecta,Subtype of disorder,5,1,1,
100033,Hypomaturation amelogenesis imperfecta,Subtype of disorder,7,1,1,
100034,Hypomaturation-hypoplastic amelogenesis imperfecta with taurodontism,Subtype of disorder,1,1,1,
100035,Solitary necrotic nodule of the liver,Disorder,0,0,0,
100039,Familial pseudohyperkalemia type 1,Subtype of disorder,0,0,0,
100040,OBSOLETE: Familial pseudohyperkalemia type 2,Subtype of disorder,0,0,0,
100041,"OBSOLETE: Familial pseudohyperkalemia, Cardiff type",Subtype of disorder,0,0,0,
100043,Autosomal dominant intermediate Charcot-Marie-Tooth disease type A,Disorder,0,1,1,10.0
100044,Autosomal dominant intermediate Charcot-Marie-Tooth disease type B,Disorder,1,1,1,18.5
100045,Autosomal dominant intermediate Charcot-Marie-Tooth disease type C,Disorder,1,1,1,17.5
100046,Autosomal dominant intermediate Charcot-Marie-Tooth disease type D,Disorder,1,1,1,6.0
100047,Isolated esophageal duplication cyst,Disorder,0,0,0,
100048,Isolated tubular duplication of the esophagus,Disorder,0,0,0,
100049,Primary interstitial lung disease specific to childhood due to pulmonary surfactant protein anomalies,Group of disorders,0,0,0,
100050,Hereditary angioedema type 1,Subtype of disorder,1,1,1,0.77
100051,Hereditary angioedema type 2,Subtype of disorder,1,1,1,0.0
100054,F12-related hereditary angioedema with normal C1Inh,Subtype of disorder,1,1,1,0.0
100055,Acquired angioedema type 2,Subtype of disorder,0,1,1,
100056,Acquired angioedema type 1,Subtype of disorder,0,1,1,
100057,Renin-angiotensin-aldosterone system-blocker-induced angioedema,Disorder,1,1,1,0.0
100067,Waterhouse-Friderichsen syndrome,Subtype of disorder,0,0,0,
100069,Semantic dementia,Disorder,7,1,1,24.5
100070,Progressive non-fluent aphasia,Disorder,8,1,1,1.6
100071,Mosaic trisomy 3 syndrome,Disorder,0,1,1,3.0
100072,OBSOLETE: True vascular thoracic outlet syndrome,Disorder,0,0,0,
100073,Neurogenic thoracic outlet syndrome,Subtype of disorder,0,1,1,0.0
100075,Neuroendocrine tumor of stomach,Disorder,1,1,1,1.525
100076,Duodenal neuroendocrine tumor,Group of disorders,0,0,0,
100077,Jejunal neuroendocrine tumor,Group of disorders,0,1,1,
100078,Ileal neuroendocrine tumor,Disorder,0,1,1,
100079,Neuroendocrine neoplasm of appendix,Disorder,0,1,1,
100080,Neuroendocrine tumor of the colon,Disorder,0,1,1,
100081,Neuroendocrine tumor of the rectum,Disorder,0,1,1,
100082,Neuroendocrine tumor of anal canal,Disorder,0,1,1,
100083,Laryngeal neuroendocrine tumor,Disorder,0,1,1,
100084,Middle ear neuroendocrine tumor,Disorder,0,1,1,
100085,Primary hepatic neuroendocrine carcinoma,Disorder,0,1,1,0.1
100086,Gallbladder neuroendocrine tumor,Disorder,0,1,1,
100087,Rare thyroid tumor,Group of disorders,0,0,0,4.8125
100088,Rare thyroid carcinoma,Group of disorders,0,1,1,8.041222222222222
100090,Rare parathyroid tumor,Group of disorders,0,0,0,
100091,Adrenal/paraganglial tumor,Group of disorders,0,0,0,
100092,Gastroenteropancreatic neuroendocrine neoplasm,Group of disorders,0,0,0,
100093,Carcinoid syndrome,Disorder,1,1,1,
100094,Multiple polyglandular tumor,Group of disorders,0,0,0,
100100,Thymic tumor,Group of disorders,0,0,0,
100101,Neuroendocrine tumor with other location,Group of disorders,0,0,0,
100642,NON RARE IN EUROPE: Gonorrhea,Disorder,0,0,0,
100924,Porphyria due to ALA dehydratase deficiency,Disorder,1,1,1,0.0
100932,OBSOLETE: Nuclear oculomotor paralysis,Group of disorders,0,0,0,
100973,FRAXE intellectual disability,Disorder,2,1,1,0.0
100974,FRAXF syndrome,Disorder,1,1,1,0.0
100976,Bathing suit ichthyosis,Disorder,1,1,1,10.0
100978,Cloverleaf skull-asphyxiating thoracic dysplasia syndrome,Disorder,0,1,1,0.0
100979,Autosomal dominant complex spastic paraplegia,Group of disorders,0,1,1,0.5
100980,Autosomal dominant pure spastic paraplegia,Group of disorders,0,1,1,1.7666666666666668
100981,Autosomal recessive complex spastic paraplegia,Group of disorders,0,1,1,
100982,Autosomal recessive pure spastic paraplegia,Group of disorders,0,1,1,
100984,Autosomal dominant spastic paraplegia type 3,Disorder,1,1,1,0.07
100985,Autosomal dominant spastic paraplegia type 4,Disorder,1,1,1,0.91
100986,Autosomal recessive spastic paraplegia type 5A,Disorder,1,1,1,0.0
100988,Autosomal dominant spastic paraplegia type 6,Disorder,1,1,1,5.0
100989,Autosomal dominant spastic paraplegia type 8,Disorder,1,1,1,5.0
100990,OBSOLETE: Autosomal dominant spastic paraplegia type 9,Disorder,0,0,0,
100991,Autosomal dominant spastic paraplegia type 10,Disorder,1,1,1,5.0
100993,Autosomal dominant spastic paraplegia type 12,Disorder,2,1,1,13.5
100994,Autosomal dominant spastic paraplegia type 13,Disorder,1,1,1,5.0
100995,Autosomal recessive spastic paraplegia type 14,Disorder,1,1,1,0.5
100996,Kjellin syndrome,Disorder,1,1,1,5.0
100997,X-linked spastic paraplegia type 16,Disorder,1,1,1,0.5
100998,Autosomal dominant spastic paraplegia type 17,Disorder,1,1,1,10.0
100999,Autosomal dominant spastic paraplegia type 19,Disorder,1,1,1,0.5
101000,Autosomal recessive spastic paraplegia type 20,Disorder,1,1,1,18.0
101001,Autosomal recessive spastic paraplegia type 21,Disorder,1,1,1,17.5
101003,Autosomal recessive spastic paraplegia type 23,Disorder,2,1,1,2.5
101004,Autosomal recessive spastic paraplegia type 24,Disorder,1,1,1,0.5
101005,Autosomal recessive spastic paraplegia type 25,Disorder,1,1,1,0.5
101006,Autosomal recessive spastic paraplegia type 26,Disorder,1,1,1,5.0
101007,Autosomal recessive spastic paraplegia type 27,Disorder,1,1,1,5.0
101008,Autosomal recessive spastic paraplegia type 28,Disorder,1,1,1,3.5
101009,Autosomal dominant spastic paraplegia type 29,Disorder,1,1,1,0.5
101010,Autosomal spastic paraplegia type 30,Disorder,1,1,1,1.5
101011,Autosomal dominant spastic paraplegia type 31,Disorder,1,1,1,0.0
101016,Romano-Ward syndrome,Disorder,19,1,1,40.0
101022,Mediterranean macrothrombocytopenia,Disorder,0,0,0,
101023,Cleft hard palate,Disorder,2,0,0,
101028,Transaldolase deficiency,Disorder,1,1,1,11.5
101029,Sub-cortical nodular heterotopia,Subtype of disorder,0,1,1,
101030,Subependymal nodular heterotopia,Subtype of disorder,0,1,1,
101033,OBSOLETE: Peters anomaly-cataract syndrome,Subtype of disorder,0,0,0,
101036,OBSOLETE: Zlotogura-Martinez syndrome,Disorder,0,0,0,
101039,Female restricted epilepsy with intellectual disability,Disorder,0,0,0,
101041,Familial hypofibrinogenemia,Subtype of disorder,3,1,1,0.0
101042,OBSOLETE: Taussig-Bing syndrome,Subtype of disorder,0,0,0,
101043,Congenital aortic valve dysplasia,Subtype of disorder,0,0,0,
101046,Epilepsy with auditory features,Disorder,3,1,1,0.0
101049,Familial hypocalciuric hypercalcemia type 2,Subtype of disorder,1,1,1,
101050,Familial hypocalciuric hypercalcemia type 3,Subtype of disorder,1,1,1,
101052,OBSOLETE: Microlissencephaly type B,Disorder,0,0,0,
101063,Situs inversus totalis,Disorder,10,1,1,
101068,Congenital stromal corneal dystrophy,Disorder,2,1,1,3.0
101070,Bilateral frontoparietal polymicrogyria,Subtype of disorder,1,1,1,
101071,Unilateral hemispheric polymicrogyria,Subtype of disorder,0,1,1,
101075,X-linked Charcot-Marie-Tooth disease type 1,Disorder,1,1,1,0.0
101076,X-linked Charcot-Marie-Tooth disease type 2,Disorder,0,1,1,2.5
101077,X-linked Charcot-Marie-Tooth disease type 3,Disorder,0,1,1,2.0
101078,X-linked Charcot-Marie-Tooth disease type 4,Disorder,1,1,1,3.5
101081,Charcot-Marie-Tooth disease type 1A,Disorder,1,1,1,32.52333333333333
101082,Charcot-Marie-Tooth disease type 1B,Disorder,1,1,1,0.0
101083,Charcot-Marie-Tooth disease type 1C,Disorder,1,1,1,0.0
101084,Charcot-Marie-Tooth disease type 1D,Disorder,1,1,1,
101085,Charcot-Marie-Tooth disease type 1F,Disorder,1,1,1,0.0
101088,X-linked hyper-IgM syndrome,Subtype of disorder,1,1,1,
101089,Hyper-IgM syndrome type 2,Subtype of disorder,1,1,1,
101090,Hyper-IgM syndrome type 3,Subtype of disorder,1,1,1,
101091,Hyper-IgM syndrome type 4,Subtype of disorder,0,0,0,
101092,Hyper-IgM syndrome type 5,Subtype of disorder,1,1,1,
101096,OBSOLETE: Aregenerative anemia,Disorder,0,0,0,
101097,Autosomal recessive Charcot-Marie-Tooth disease with hoarseness,Disorder,1,1,1,0.0
101101,Charcot-Marie-Tooth disease type 2B2,Disorder,1,1,1,0.5
101102,Charcot-Marie-Tooth disease type 2H,Disorder,1,1,1,6.5
101104,Marin-Amat syndrome,Subtype of disorder,0,0,0,
101106,OBSOLETE: Non-secreting chemodectoma,Subtype of disorder,0,0,0,
101107,Spinocerebellar ataxia type 22,Disorder,0,0,0,
101108,Spinocerebellar ataxia type 23,Disorder,1,1,1,2.0
101109,Spinocerebellar ataxia type 28,Disorder,1,1,1,0.0
101110,Spinocerebellar ataxia type 20,Disorder,1,1,1,10.0
101111,Spinocerebellar ataxia type 25,Disorder,2,1,1,5.0
101112,Spinocerebellar ataxia type 26,Disorder,1,1,1,0.5
101150,Autosomal recessive dopa-responsive dystonia,Disorder,2,1,1,25.0
101151,Dystonia 14,Disorder,0,0,0,
101206,Pulmonary valve agenesis-tetralogy of Fallot-absence of ductus arteriosus syndrome,Disorder,0,1,1,
101330,Porphyria cutanea tarda,Disorder,0,1,1,3.9
101334,African tick typhus,Disorder,0,1,1,
101335,OBSOLETE: Indian tick typhus,Subtype of disorder,0,0,0,
101336,OBSOLETE: Kenya tick typhus,Subtype of disorder,0,0,0,
101337,OBSOLETE: Marseilles fever,Subtype of disorder,0,0,0,
101338,OBSOLETE: Mediterranean spotted fever,Subtype of disorder,0,0,0,
101351,Familial isolated congenital asplenia,Disorder,2,1,1,
101356,OBSOLETE: Lissencephaly-demyelinating axonal neuropathy syndrome,Disorder,0,0,0,
101433,Rare urogenital disease,Group of disorders,0,0,0,
101435,Rare genetic eye disease,Group of disorders,0,0,0,
101685,Rare non-syndromic intellectual disability,Disorder,0,1,1,0.0
101932,Anomaly of the mitral subvalvular apparatus,Disorder,0,0,0,
101934,Genetic cardiac rhythm disease,Group of disorders,0,0,0,
101936,Rare gastroesophageal disease,Group of disorders,0,0,0,
101937,Rare pancreatic disease,Group of disorders,0,0,0,
101938,Rare vascular liver disease,Group of disorders,0,0,0,
101939,Rare parenchymal liver disease,Group of disorders,0,0,0,
101940,Rare metabolic liver disease,Group of disorders,0,0,0,
101941,Rare biliary tract disease,Group of disorders,0,0,0,
101943,Rare hepatic and biliary tract tumor,Group of disorders,0,0,0,
101944,Rare pulmonary disease,Group of disorders,0,0,0,
101945,Rare bronchopulmonary and pleural cavity tumors,Group of disorders,0,0,0,
101949,OBSOLETE: Rare acquired eye disease,Group of disorders,0,0,0,
101950,Rare eye tumor,Group of disorders,0,0,0,
101952,Rare diabetes mellitus,Group of disorders,0,0,0,
101953,Rare dyslipidemia,Group of disorders,0,0,0,
101954,Rare adrenal disease,Group of disorders,0,0,0,
101955,Rare thyroid disease,Group of disorders,0,0,0,
101956,Polyendocrinopathy,Group of disorders,0,0,0,
101957,Pituitary deficiency,Group of disorders,0,0,0,
101958,Primary adrenal insufficiency,Group of disorders,0,0,0,
101959,Chronic primary adrenal insufficiency,Group of disorders,0,1,1,7.2
101960,Genetic chronic primary adrenal insufficiency,Group of disorders,0,0,0,
101963,Acquired chronic primary adrenal insufficiency,Group of disorders,0,0,0,
101972,Combined T and B cell immunodeficiency,Group of disorders,0,0,0,
101977,Immunodeficiency predominantly affecting antibody production,Group of disorders,0,0,0,
101978,OBSOLETE: Disease with severe reduction in all serum immunoglobulin isotypes with profoundly decreased or absent B cells,Group of disorders,0,0,0,
101980,OBSOLETE: Disease with isotype or light chain deficiencies with normal numbers of B cells,Group of disorders,0,0,0,
101982,OBSOLETE: Disease with severe reduction in serum IgA and IgG with normal/elevated IgM and normal numbers of B cells,Group of disorders,0,0,0,
101985,Quantitative and/or qualitative congenital phagocyte defect,Group of disorders,0,0,0,
101987,Congenital neutropenia,Group of disorders,0,0,0,
101988,Primary immunodeficiency due to a defect in innate immunity,Group of disorders,0,0,0,
101992,Immunodeficiency due to a complement cascade protein anomaly,Group of disorders,0,0,0,
101995,Periodic fever syndrome,Group of disorders,0,0,0,
101997,Primary immunodeficiency,Group of disorders,0,0,0,3.46
101998,Rare epilepsy,Group of disorders,0,0,0,
102000,Medullar disease,Group of disorders,0,0,0,
102002,Rare ataxia,Group of disorders,0,0,0,
102003,Rare movement disorder,Group of disorders,0,0,0,
102005,Brain inflammatory disease,Group of disorders,0,0,0,
102006,Neurovascular malformation,Group of disorders,0,1,1,
102009,Classic lissencephaly,Group of disorders,0,0,0,
102010,Other syndrome with lissencephaly as a major feature,Group of disorders,0,0,0,
102011,Lissencephaly type 3,Group of disorders,0,0,0,
102012,Pure hereditary spastic paraplegia,Group of disorders,0,0,0,
102013,Complex hereditary spastic paraplegia,Group of disorders,0,0,0,
102014,Autosomal dominant limb-girdle muscular dystrophy,Group of disorders,0,1,1,
102015,Autosomal recessive limb-girdle muscular dystrophy,Group of disorders,0,1,1,
102020,Autosomal monosomy syndrome,Group of disorders,0,0,0,
102021,Rickettsial disease,Group of disorders,0,0,0,
102022,Spotted fever rickettsiosis,Group of disorders,0,0,0,
102023,Typhus-group rickettsiosis,Group of disorders,0,0,0,
102024,Human herpesvirus 8-related disorder,Group of disorders,0,0,0,
102025,OBSOLETE: Nuclear cell envelopathy,Group of disorders,0,0,0,
102069,OBSOLETE: Hepatic amyloidosis with intrahepatic cholestasis,Disorder,0,0,0,
102237,Unexplained periodic fever syndrome,Group of disorders,0,0,0,
102283,Multiple congenital anomalies/dysmorphic syndrome-intellectual disability,Group of disorders,0,0,0,
102284,OBSOLETE: Multiple congenital anomalies/dysmorphic syndrome-variable intellectual disability syndrome,Group of disorders,0,0,0,
102285,Multiple congenital anomalies/dysmorphic syndrome without intellectual disability,Group of disorders,0,0,0,
102369,Rare syndromic intellectual disability,Group of disorders,0,0,0,
102373,OBSOLETE: Primary glomerular disease,Group of disorders,0,0,0,
102379,Acute myeloid leukemia and myelodysplastic syndromes related to alkylating agent,Disorder,0,0,0,
102381,Acute myeloid leukemia and myelodysplastic syndromes related to topoisomerase type 2 inhibitor,Disorder,0,0,0,
102724,Acute myeloid leukemia with t(8;21)(q22;q22) translocation,Disorder,5,1,1,0.0
103907,Chronic diarrhea due to glucoamylase deficiency,Disorder,0,1,1,0.0
103908,Congenital sodium diarrhea,Disorder,2,1,1,25.0
103909,Trehalase deficiency,Disorder,1,1,1,3850.0
103910,Congenital enterocyte heparan sulfate deficiency,Disorder,0,1,1,1.5
103912,OBSOLETE: Epithelio-exfoliative colitis-deafness syndrome,Disorder,0,0,0,
103915,OBSOLETE: Immunoproliferative small intestinal disease,Disorder,0,0,0,
103916,OBSOLETE: Autoimmune enteropathy type 2,Disorder,0,0,0,
103917,OBSOLETE: Autoimmune enteropathy type 3,Disorder,0,0,0,
103918,Tropical pancreatitis,Disorder,2,1,1,0.0
103919,Autoimmune pancreatitis,Group of disorders,0,1,1,
103920,OBSOLETE: Undetermined colitis,Disorder,0,0,0,
104003,Congenital intestinal transport defect,Group of disorders,0,0,0,
104004,Intestinal disease due to vitamin absorption anomaly,Group of disorders,0,0,0,
104005,Intestinal disease due to fat malabsorption,Group of disorders,0,0,0,
104006,Congenital intestinal disease due to an enzymatic defect,Group of disorders,0,0,0,
104007,Congenital enteropathy involving intestinal mucosa development,Group of disorders,0,0,0,
104008,Short bowel syndrome,Group of disorders,0,0,0,2.0
104009,Rare disease involving intestinal motility,Group of disorders,0,0,0,
104010,Intestinal polyposis syndrome,Group of disorders,0,0,0,
104011,Rare tumor of intestine,Group of disorders,0,0,0,
104012,Rare inflammatory bowel disease,Group of disorders,0,0,0,
104013,Metabolic disease with intestinal involvement,Group of disorders,0,0,0,
104075,Adenocarcinoma of the small intestine,Disorder,0,1,1,0.52312
104076,Leiomyosarcoma of small intestine,Disorder,0,0,0,
104077,Myopathic intestinal pseudoobstruction,Subtype of disorder,1,1,1,
104078,Unclassified intestinal pseudoobstruction,Subtype of disorder,0,0,0,
108959,Non-syndromic esophageal malformation,Group of disorders,0,0,0,
108961,Syndromic esophageal malformation,Group of disorders,0,0,0,
108963,Non-syndromic gastroduodenal malformation,Group of disorders,0,0,0,
108965,Syndromic gastroduodenal malformation,Group of disorders,0,0,0,
108967,Non-syndromic intestinal malformation,Group of disorders,0,0,0,
108969,Syndromic intestinal malformation,Group of disorders,0,0,0,
108971,"Non-syndromic visceral malformation of the liver, biliary tract, pancreas or spleen",Group of disorders,0,0,0,
108973,"Syndromic visceral malformation of the liver, biliary tract, pancreas or spleen",Group of disorders,0,0,0,
108977,Non-syndromic diaphragmatic or abdominal wall malformation,Group of disorders,0,0,0,
108979,Syndromic diaphragmatic or abdominal wall malformation,Group of disorders,0,0,0,
108985,OBSOLETE: Non-syndromic developmental defect of the eye,Group of disorders,0,0,0,
108987,OBSOLETE: Syndromic developmental defect of the eye,Group of disorders,0,0,0,
108989,Non-syndromic central nervous system malformation,Group of disorders,0,0,0,
108991,Syndrome with a central nervous system malformation as a major feature,Group of disorders,0,0,0,
108993,Non-syndromic respiratory or mediastinal malformation,Group of disorders,0,0,0,
108995,Syndromic respiratory or mediastinal malformation,Group of disorders,0,0,0,
108997,Rare anemia,Group of disorders,0,0,0,
108999,Rare disorder due to toxic effects,Group of disorders,0,0,0,
109007,Arthrogryposis syndrome,Group of disorders,0,0,0,
109009,Syndrome with limb malformations as a major feature,Group of disorders,0,0,0,
109011,Non-syndromic limb malformation,Group of disorders,0,0,0,
117569,Rare intestinal disease,Group of disorders,0,0,0,
117573,Syndromic anorectal malformation,Group of disorders,0,0,0,
137577,Neonatal hypoxic and ischemic brain injury,Disorder,0,1,1,0.0
137583,Vulvar intraepithelial neoplasia,Disorder,0,1,1,20.0
137586,OBSOLETE: Herpes simplex virus keratitis,Group of disorders,0,0,0,
137593,Infectious epithelial keratitis,Disorder,0,0,0,
137596,Neurotrophic keratopathy,Disorder,0,1,1,2.1
137599,Herpes simplex virus stromal keratitis,Disorder,0,1,1,4.804550000000001
137602,Corneal endotheliitis,Disorder,0,0,0,
137605,Legius syndrome,Disorder,1,1,1,1.1
137608,Segmental outgrowth-lipomatosis-arteriovenous malformation-epidermal nevus syndrome,Subtype of disorder,1,1,1,
137617,Nephrogenic systemic fibrosis,Disorder,0,0,0,
137622,Intractable diarrhea-choanal atresia-eye anomalies syndrome,Disorder,0,1,1,1.5
137625,Glycogen storage disease due to muscle and heart glycogen synthase deficiency,Disorder,1,1,1,2.0
137628,Cardiac anomalies-heterotaxy syndrome,Disorder,0,1,1,4.5
137631,"Lung fibrosis-immunodeficiency-46,XX gonadal dysgenesis syndrome",Disorder,0,1,1,1.0
137634,Overgrowth-macrocephaly-facial dysmorphism syndrome,Disorder,1,1,1,3.0
137639,Hypomyelinating leukodystrophy-ataxia-hypodontia-hypomyelination syndrome,Subtype of disorder,1,1,1,4.0
137653,Microcephaly-digital anomalies-intellectual disability syndrome,Disorder,0,0,0,
137658,Microcephaly-intellectual disability-phalangeal and neurological anomalies syndrome,Disorder,0,0,0,
137667,Capillary malformation-arteriovenous malformation,Group of disorders,0,1,1,130.5
137672,Pellucid marginal degeneration,Disorder,0,0,0,
137675,Histiocytoid cardiomyopathy,Disorder,1,1,1,50.0
137678,Spondyloepiphyseal dysplasia with metatarsal shortening,Disorder,1,1,1,6.5
137681,Hepatoencephalopathy due to combined oxidative phosphorylation defect type 1,Disorder,1,1,1,1.0
137686,Asherman syndrome,Disorder,0,1,1,44.0
137698,Cytomegalovirus disease in patients with impaired cell mediated immunity deemed at risk,Disorder,0,1,1,25.5
137754,Aminoacylase 1 deficiency,Disorder,1,1,1,7.5
137776,Lethal congenital contracture syndrome type 2,Disorder,1,1,1,0.5
137783,Lethal congenital contracture syndrome type 3,Disorder,2,1,1,7.0
137807,Primary cutaneous amyloidosis,Group of disorders,0,1,1,4.9
137810,Nodular cutaneous amyloidosis,Disorder,0,0,0,
137814,Macular amyloidosis,Disorder,0,0,0,
137817,Arachnoiditis,Disorder,0,1,1,0.0
137820,Extrapelvic endometriosis,Disorder,0,0,0,
137831,X-linked intellectual disability-cerebellar hypoplasia syndrome,Disorder,1,1,1,7.0
137834,Frank-Ter Haar syndrome,Disorder,1,1,1,15.0
137839,Lemierre syndrome,Disorder,0,1,1,15.333333333333334
137862,Martínez-Frías syndrome,Disorder,0,0,0,
137867,Madras motor neuron disease,Disorder,0,1,1,100.0
137871,OBSOLETE: Laminopathy type Decaudain-Vigouroux,Disorder,0,0,0,
137888,Auriculocondylar syndrome,Disorder,3,1,1,25.0
137893,Male infertility due to large-headed multiflagellar polyploid spermatozoa,Subtype of disorder,8,1,1,
137898,Leukoencephalopathy with brain stem and spinal cord involvement-high lactate syndrome,Disorder,1,1,1,63.5
137902,OBSOLETE: Isolated optic nerve hypoplasia/aplasia,Disorder,0,0,0,
137905,Syndromic optic nerve hypoplasia,Group of disorders,0,0,0,
137908,Hypotonia with lactic acidemia and hyperammonemia,Disorder,1,1,1,2.0
137911,Autism-facial port-wine stain syndrome,Disorder,0,0,0,
137914,Choanal atresia,Disorder,0,1,1,8.741176470588234
137917,"Choanal atresia, unilateral",Subtype of disorder,0,1,1,0.0
137920,"Choanal atresia, bilateral",Subtype of disorder,0,1,1,0.0
137923,OBSOLETE: Cervicofacial lymphatic malformation,Disorder,0,0,0,
137926,Primary laryngeal lymphangioma,Disorder,0,1,1,
137929,Neonatal brainstem dysfunction,Disorder,0,0,0,
137932,Congenital laryngeal palsy,Disorder,0,1,1,
137935,Airway infantile hemangioma,Disorder,0,1,1,
138041,Pierre Robin syndrome associated with collagen disease,Group of disorders,0,0,0,
138044,Rare disease with Pierre Robin syndrome,Group of disorders,0,0,0,0.0
138047,Pierre Robin syndrome associated with a chromosomal anomaly,Group of disorders,0,0,0,
138050,Pierre Robin syndrome associated with branchial archs anomalies,Group of disorders,0,0,0,
138055,Pierre Robin syndrome associated with bone disease,Group of disorders,0,0,0,
138059,Teratogenic Pierre Robin syndrome,Group of disorders,0,0,0,
138063,OBSOLETE: Syndrome associated with Pierre Robin syndrome,Group of disorders,0,0,0,
138066,OBSOLETE: Pierre Robin syndrome associated with miscellaneous anomalies,Group of disorders,0,0,0,
138069,OBSOLETE: Sucking/swallowing disorder not related with Pierre Robin syndrome,Group of disorders,0,0,0,
138072,OBSOLETE: Sucking/swallowing disorder associated with an identified syndrome,Group of disorders,0,0,0,
138076,OBSOLETE: Sucking/swallowing disorder associated to a chromosomal anomaly,Group of disorders,0,0,0,
138080,OBSOLETE: Syndromic sucking/swallowing disorder with unidentifyed syndrome,Group of disorders,0,0,0,
138084,OBSOLETE: Sucking/swallowing disorder associated to cervicofacial or esophageal malformation,Group of disorders,0,0,0,
138095,OBSOLETE: Sucking/swallowing disorder associated with neurologic anomalies,Group of disorders,0,0,0,
138101,OBSOLETE: Sucking/swallowing disorder associated with suprabulbar anomalies,Group of disorders,0,0,0,
138104,OBSOLETE: Sucking/swallowing disorder associated with basal ganglia anomalies,Group of disorders,0,0,0,
138109,OBSOLETE: Sucking/swallowing disorder associated with posterior fossa anomalies,Group of disorders,0,0,0,
138112,OBSOLETE: Sucking/swallowing disorder associated with cerebellar anomalies,Group of disorders,0,0,0,
138115,OBSOLETE: Sucking/swallowing disorder associated with a neuromuscular disease,Group of disorders,0,0,0,
138118,OBSOLETE: Acquired alimentary behavior disorder of infancy,Group of disorders,0,0,0,
138221,OBSOLETE: Rare sucking/swallowing disorder,Group of disorders,0,0,0,
139006,OBSOLETE: Sequence or association,Group of disorders,0,0,0,
139009,Developmental anomaly of metabolic origin,Group of disorders,0,0,0,
139012,Rare bone development disorder,Group of disorders,0,0,0,
139015,OBSOLETE: Chondrodysplastic malformation syndrome,Group of disorders,0,0,0,
139018,OBSOLETE: Non-chondrodysplastic malformation syndrome affecting bones,Group of disorders,0,0,0,
139021,Malformation syndrome with short stature,Group of disorders,0,0,0,
139024,Overgrowth/obesity syndrome,Group of disorders,0,0,0,
139027,Rare developmental defect with skin/mucosae involvement,Group of disorders,0,0,0,
139030,Rare developmental defect with connective tissue involvement,Group of disorders,0,0,0,
139033,Progeroid syndrome,Group of disorders,0,0,0,
139036,Branchial arch or oral-acral syndrome,Group of disorders,0,0,0,
139039,Orofacial clefting syndrome,Group of disorders,0,0,0,
139042,Malformation syndrome with odontal and/or periodontal component,Group of disorders,0,0,0,
139373,OBSOLETE: Recessive hereditary methemoglobinemia type 1,Subtype of disorder,0,0,0,
139380,OBSOLETE: Recessive hereditary methemoglobinemia type 2,Subtype of disorder,0,0,0,
139390,Non-syndromic craniosynostosis,Group of disorders,0,1,1,
139393,Syndromic craniosynostosis,Group of disorders,0,0,0,
139396,X-linked cerebral adrenoleukodystrophy,Subtype of disorder,1,1,1,0.0
139399,Adrenomyeloneuropathy,Subtype of disorder,1,1,1,
139402,Drug reaction with eosinophilia and systemic symptoms,Disorder,0,1,1,0.0
139406,Encephalopathy due to prosaposin deficiency,Disorder,1,1,1,5.0
139411,Carney triad,Disorder,3,1,1,75.0
139414,Congenital panfollicular nevus,Disorder,0,1,1,1.5
139417,Acute transverse myelitis,Disorder,0,1,1,7.073333333333333
139420,OBSOLETE: Secondary acute transverse myelitis,Subtype of disorder,0,0,0,
139423,Idiopathic acute transverse myelitis,Subtype of disorder,0,1,1,0.125
139426,Perioral myoclonia with absences,Disorder,0,1,1,5.0
139431,Epilepsy with eyelid myoclonia,Disorder,0,1,1,0.0
139436,Multicentric reticulohistiocytosis,Disorder,0,1,1,100.0
139441,Hypomyelination with atrophy of basal ganglia and cerebellum,Disorder,2,1,1,108.0
139444,Leukoencephalopathy with bilateral anterior temporal lobe cysts,Disorder,0,1,1,14.5
139447,Progressive cavitating leukoencephalopathy,Disorder,1,1,1,9.5
139450,Microtia-eye coloboma-imperforation of the nasolacrimal duct syndrome,Disorder,0,1,1,0.5
139455,Autosomal recessive bestrophinopathy,Disorder,1,1,1,10.0
139466,SERKAL syndrome,Disorder,1,1,1,1.5
139471,Microphthalmia with brain and digit anomalies,Disorder,1,1,1,1.0
139474,"17q11.2 microduplication syndrome",Disorder,1,1,1,3.5
139477,Al-Gazali-Dattani syndrome,Disorder,0,0,0,
139480,Autosomal recessive spastic paraplegia type 39,Disorder,1,1,1,1.0
139485,Autosomal recessive ataxia due to ubiquinone deficiency,Disorder,1,1,1,15.5
139491,OBSOLETE: Hemochromatosis type 4,Disorder,0,0,0,
139498,NON RARE IN EUROPE: Hemochromatosis type 1,Disorder,0,0,0,
139507,Dietary iron overload disease,Disorder,0,1,1,
139512,Neuropathy with hearing impairment,Disorder,1,1,1,0.5
139515,Charcot-Marie-Tooth disease type 4J,Disorder,1,1,1,9.0
139518,Distal hereditary motor neuropathy type 1,Disorder,0,1,1,
139525,Distal hereditary motor neuropathy type 2,Disorder,4,1,1,2.0
139536,Distal hereditary motor neuropathy type 5,Disorder,3,1,1,
139547,Distal spinal muscular atrophy type 3,Disorder,0,1,1,14.0
139552,"Distal hereditary motor neuropathy, Jerash type",Disorder,1,1,1,15.0
139557,X-linked distal spinal muscular atrophy type 3,Disorder,1,1,1,1.0
139564,Hereditary sensory and autonomic neuropathy type 1B,Disorder,0,1,1,1.0
139573,Hereditary sensory and autonomic neuropathy with deafness and global delay,Disorder,0,1,1,2.0
139578,Mutilating hereditary sensory neuropathy with spastic paraplegia,Disorder,1,1,1,7.0
139583,X-linked hereditary sensory and autonomic neuropathy with deafness,Disorder,1,1,1,2.5
139589,Distal hereditary motor neuropathy type 7,Disorder,2,1,1,
140162,Inherited cancer-predisposing syndrome,Group of disorders,0,0,0,
140286,Secondary hypoparathyroidism due to impaired parathormon secretion,Disorder,0,1,1,6.8125
140428,OBSOLETE: Hereditary iron overload with neurologic manifestation,Group of disorders,0,0,0,
140432,OBSOLETE: Hereditary iron overload with anemia,Group of disorders,0,0,0,
140436,Familial intraosseous vascular malformation,Disorder,1,1,1,
140450,OBSOLETE: Hereditary motor and sensory neuropathy,Group of disorders,0,0,0,
140453,Autosomal dominant hereditary demyelinating motor and sensory neuropathy,Group of disorders,0,1,1,
140456,Autosomal dominant hereditary axonal motor and sensory neuropathy,Group of disorders,0,1,1,
140459,Autosomal recessive hereditary demyelinating motor and sensory neuropathy,Group of disorders,0,1,1,
140462,OBSOLETE: X-linked recessive hereditary axonal motor and sensory neuropathy,Group of disorders,0,0,0,
140465,Autosomal dominant distal hereditary motor neuropathy,Group of disorders,0,1,1,
140468,Autosomal recessive distal hereditary motor neuropathy,Group of disorders,0,1,1,
140471,Hereditary sensory and autonomic neuropathy,Group of disorders,0,0,0,
140474,Autosomal dominant hereditary sensory and autonomic neuropathy,Group of disorders,0,1,1,
140477,Autosomal recessive hereditary sensory and autonomic neuropathy,Group of disorders,0,1,1,
140481,Autosomal dominant slowed nerve conduction velocity,Disorder,1,1,1,0.5
140500,OBSOLETE: Neurological channelopathy,Group of disorders,0,0,0,
140503,OBSOLETE: Channelopathy,Group of disorders,0,0,0,
140653,Neuro-ophthalmological disease,Group of disorders,0,0,0,
140874,Joubert syndrome and related disorders,Group of disorders,0,1,1,133.954
140896,Severe acute respiratory syndrome,Disorder,0,1,1,0.0
140905,Hyperlipidemia due to hepatic triacylglycerol lipase deficiency,Disorder,1,1,1,
140908,Brachydactyly type B2,Subtype of disorder,1,1,1,
140917,Stapes ankylosis with broad thumbs and toes,Disorder,1,1,1,3.0
140922,Titin-related limb-girdle muscular dystrophy R10,Disorder,1,1,1,0.5
140927,Self-limited neonatal-infantile epilepsy,Disorder,2,1,1,5.0
140933,Linear atrophoderma of Moulin,Disorder,0,1,1,15.0
140936,Lelis syndrome,Disorder,0,1,1,4.5
140941,Short stature due to primary acid-labile subunit deficiency,Disorder,1,1,1,0.0
140944,CLOVES syndrome,Disorder,1,1,1,75.0
140949,Low-flow priapism,Disorder,0,1,1,0.0
140952,Syndactyly-telecanthus-anogenital and renal malformations syndrome,Disorder,1,1,1,3.5
140957,Autosomal dominant macrothrombocytopenia,Disorder,10,1,1,50.0
140963,Bilateral microtia-deafness-cleft palate syndrome,Disorder,1,1,1,1.5
140966,"Palmoplantar keratoderma, Nagashima type",Disorder,1,1,1,20.0
140969,Saldino-Mainzer syndrome,Disorder,2,1,1,6.5
140976,RHYNS syndrome,Disorder,1,1,1,2.0
140989,Primary angiitis of the central nervous system,Disorder,0,1,1,0.12
140997,Orofaciodigital syndrome,Group of disorders,0,0,0,
141000,Orofaciodigital syndrome type 11,Disorder,0,1,1,0.0
141007,Orofaciodigital syndrome type 9,Disorder,1,1,1,5.0
141013,First branchial cleft anomaly,Disorder,0,0,0,
141022,Second branchial cleft anomaly,Disorder,0,0,0,
141030,Third branchial cleft anomaly,Disorder,0,0,0,
141037,Fourth branchial cleft anomaly,Disorder,0,0,0,
141046,Cervical dermoid cyst,Disorder,0,0,0,
141051,Facial dermoid cyst,Disorder,0,0,0,
141061,Commissural lip fistula,Disorder,0,0,0,
141064,Isolated lower lip fistula,Disorder,0,0,0,
141067,Cervicofacial fibrochondroma,Disorder,0,0,0,
141071,Isolated digestive duplication cyst of the tongue,Disorder,0,0,0,
141074,External auditory canal aplasia/hypoplasia,Disorder,1,1,1,
141077,Epignathus,Subtype of disorder,0,1,1,0.84085
141083,Nasolacrimal duct cyst,Disorder,0,1,1,12.85
141091,Polyrrhinia,Disorder,0,1,1,0.0
141096,Supernumerary nostril,Disorder,0,1,1,16.0
141099,Proboscis lateralis,Disorder,0,1,1,0.0
141103,Nasal dermoid cyst,Disorder,0,0,0,
141107,Nasopharyngeal teratoma,Subtype of disorder,0,0,0,
141112,Nasal glial heterotopia,Disorder,0,1,1,
141115,Nasal ganglioglioma,Disorder,0,1,1,125.0
141118,Nasal encephalocele,Subtype of disorder,0,1,1,
141121,Congenital subglottic stenosis,Disorder,0,1,1,
141124,Congenital laryngeal cyst,Disorder,0,1,1,0.9
141127,Congenital tracheal stenosis,Disorder,0,1,1,0.8
141132,Oculo-auriculo-vertebral spectrum,Disorder,0,1,1,3.2699999999999996
141136,Otomandibular syndrome,Disorder,0,0,0,
141145,Hemifacial hyperplasia,Disorder,0,1,1,1.16
141148,Hemifacial myohyperplasia,Disorder,0,1,1,6.0
141152,Isolated congenital hypoglossia/aglossia,Disorder,0,1,1,0.0
141163,Glossopalatine ankylosis,Disorder,0,1,1,15.0
141168,OBSOLETE: Frontonasal arteriovenous malformation,Disorder,0,0,0,
141171,OBSOLETE: Maxillary arteriovenous malformation,Disorder,0,0,0,
141174,OBSOLETE: Mandibular arteriovenous malformation,Disorder,0,0,0,
141179,Non-involuting congenital hemangioma,Disorder,0,1,1,0.0
141184,Rapidly involuting congenital hemangioma,Disorder,0,1,1,0.0
141189,Cerebrofacial arteriovenous metameric syndrome,Disorder,0,0,0,
141194,OBSOLETE: Cerebrofacial arteriovenous metameric syndrome type 1,Subtype of disorder,0,0,0,
141199,OBSOLETE: Cerebrofacial arteriovenous metameric syndrome type 3,Subtype of disorder,0,0,0,
141209,Diffuse lymphatic malformation,Disorder,0,1,1,
141214,Isolated congenital syngnathia,Disorder,0,1,1,
141219,Nasal dorsum fistula,Disorder,0,0,0,
141229,Facial cleft,Group of disorders,0,0,0,
141234,Median facial cleft,Group of disorders,0,1,1,
141239,Median cleft of the upper lip and maxilla,Disorder,0,0,0,
141242,Paramedian nasal cleft,Disorder,0,1,1,
141253,Oblique facial cleft,Group of disorders,0,1,1,0.10333333333333333
141258,Tessier number 4 facial cleft,Disorder,1,1,1,1.0
141261,Tessier number 5 facial cleft,Disorder,0,1,1,
141265,Tessier number 6 facial cleft,Disorder,0,1,1,
141269,Lateral facial cleft,Group of disorders,0,1,1,
141276,Tessier number 7 facial cleft,Disorder,2,1,1,
141288,Midline cervical cleft,Disorder,0,1,1,
141291,Cleft lip and alveolus,Disorder,4,1,1,0.0
141327,OBSOLETE: Orofaciodigital syndrome type 12,Disorder,0,0,0,
141330,OBSOLETE: Orofaciodigital syndrome type 13,Disorder,0,0,0,
141333,Biemond syndrome type 2,Disorder,0,1,1,0.0
155832,Rare head and neck malformation,Group of disorders,0,0,0,
155835,Cysts and fistulae of the face and oral cavity,Group of disorders,0,0,0,
155838,Pinnae fistula or cyst,Disorder,0,0,0,
155867,Paramedian facial cleft,Group of disorders,0,1,1,
155878,Submucosal cleft palate,Disorder,2,0,0,
155884,Coloboma of superior eyelid,Disorder,0,0,0,
155889,Coloboma of inferior eyelid,Disorder,0,0,0,
155896,Otomandibular dysplasia,Group of disorders,0,0,0,
155899,Mandibulofacial dysostosis,Group of disorders,0,0,0,
156005,Primary early-onset glaucoma,Group of disorders,0,0,0,
156071,OBSOLETE: Keratoconus,Group of disorders,0,0,0,
156140,Predominantly large-vessel vasculitis,Group of disorders,0,0,0,
156143,Predominantly medium-vessel vasculitis,Group of disorders,0,0,0,
156146,Predominantly small-vessel vasculitis,Group of disorders,0,0,0,
156149,Immune complex mediated vasculitis,Group of disorders,0,0,0,
156152,Anti-neutrophil cytoplasmic antibody-associated vasculitis,Group of disorders,0,0,0,15.075000000000001
156156,"Lipoatrophy with diabetes, leukomelanodermic papules, liver steatosis, and hypertrophic cardiomyopathy",Disorder,0,0,0,
156159,Isolated dystonia,Group of disorders,0,0,0,
156162,Renal ciliopathy,Group of disorders,0,0,0,
156165,Retinal ciliopathy,Group of disorders,0,0,0,
156168,Retinal ciliopathy due to mutation in the retinitis pigmentosa-1 gene,Group of disorders,0,0,0,
156171,Retinal ciliopathy due to mutation in the RPGR gene,Group of disorders,0,0,0,
156174,Retinal ciliopathy due to mutation in the RPGRIP gene,Group of disorders,0,0,0,
156177,Retinal ciliopathy due to mutation in Usher gene,Group of disorders,0,0,0,
156180,Retinal ciliopathy due to mutation in nephronophthisis gene,Group of disorders,0,0,0,
156183,Retinal ciliopathy due to mutation in Bardet-Biedl gene,Group of disorders,0,0,0,
156202,Otomandibular dysplasia associated with monogenic syndromes,Group of disorders,0,0,0,
156207,Macroglossia,Group of disorders,0,0,0,
156212,Hypoglossia/aglossia,Group of disorders,0,0,0,
156215,Oromandibular-limb anomalies syndrome,Group of disorders,0,0,0,
156224,Paralytic facial malformation,Group of disorders,0,0,0,
156230,OBSOLETE: Facial arteriovenous malformation,Group of disorders,0,0,0,
156237,Syndrome or malformation associated with head and neck malformations,Group of disorders,0,0,0,
156243,Pinnae and external auditory canal anomaly,Group of disorders,0,0,0,
156246,Nose and cavum anomaly,Group of disorders,0,0,0,
156249,Larynx anomaly,Group of disorders,0,0,0,
156252,Tracheal anomaly,Group of disorders,0,0,0,
156532,Rare syndrome with cardiac malformations,Group of disorders,0,0,0,
156601,Rare genetic hepatic disease,Group of disorders,0,0,0,
156604,Genetic parenchymatous liver disease,Group of disorders,0,0,0,
156607,Genetic biliary tract disease,Group of disorders,0,0,0,
156610,Rare genetic respiratory disease,Group of disorders,0,0,0,
156619,Rare genetic urogenital disease,Group of disorders,0,0,0,
156622,Genetic urogenital tract malformation,Group of disorders,0,0,0,
156629,Rare genetic cause of hypertension,Group of disorders,0,0,0,
156638,Rare genetic endocrine disease,Group of disorders,0,0,0,
156643,Genetic endocrine growth disease,Group of disorders,0,0,0,
156723,Piepkorn dysplasia,Disorder,0,0,0,
156728,"Spondyloepimetaphyseal dysplasia, matrilin-3 type",Disorder,1,1,1,2.5
156731,"Dyssegmental dysplasia, Rolland-Desbuquois type",Disorder,0,1,1,2.5
157215,Hereditary hypophosphatemic rickets with hypercalciuria,Disorder,2,1,1,0.0
157713,Congenital or early infantile CACH syndrome,Subtype of disorder,5,1,1,
157716,Late infantile CACH syndrome,Subtype of disorder,5,1,1,
157719,Juvenile or adult CACH syndrome,Subtype of disorder,5,1,1,
157769,Situs ambiguus,Disorder,10,1,1,
157788,Hypospadias-hypertelorism-coloboma and deafness syndrome,Disorder,0,0,0,
157791,Epithelioid hemangioendothelioma,Disorder,4,1,1,0.0
157794,Hereditary mixed polyposis syndrome,Disorder,2,1,1,7.5
157798,Serrated polyposis syndrome,Disorder,1,1,1,0.5
157801,Mesoaxial synostotic syndactyly with phalangeal reduction,Disorder,1,1,1,3.0
157808,Isolated pseudoarthrosis of the limbs,Disorder,0,0,0,
157820,Cold-induced sweating syndrome,Disorder,3,1,1,3.0
157823,Klüver-Bucy syndrome,Disorder,0,0,0,
157826,Congenital epulis,Disorder,0,1,1,0.0
157832,Craniorhiny,Disorder,0,1,1,2.0
157835,Paroxysmal hemicrania,Disorder,0,1,1,0.0
157843,Trigeminal autonomic cephalalgia,Group of disorders,0,0,0,
157846,Neuroferritinopathy,Disorder,1,1,1,45.0
157850,Pantothenate kinase-associated neurodegeneration,Disorder,0,1,1,0.15
157855,HARP syndrome,Subtype of disorder,0,0,0,
157941,Huntington disease-like 1,Disorder,1,1,1,
157946,Huntington disease-like 3,Disorder,0,1,1,0.0
157949,Combined immunodeficiency with granulomatosis,Disorder,3,1,1,
157954,ANE syndrome,Disorder,1,1,1,2.5
157962,"Oculoauricular syndrome, Schorderet type",Disorder,1,1,1,2.5
157965,SLC39A13-related spondylodysplastic Ehlers-Danlos syndrome,Subtype of disorder,1,1,1,4.0
157973,Congenital muscular dystrophy due to LMNA mutation,Disorder,1,1,1,11.5
157980,NON RARE IN EUROPE: Bladder cancer,Disorder,0,0,0,
157987,Non-Langerhans cell histiocytosis,Group of disorders,0,0,0,
157991,Generalized eruptive histiocytosis,Disorder,0,1,1,0.0
157997,Benign cephalic histiocytosis,Disorder,0,1,1,0.0
158000,Juvenile xanthogranuloma,Disorder,0,1,1,0.01375
158003,Xanthoma disseminatum,Disorder,0,1,1,
158008,Papular xanthoma,Disorder,0,1,1,
158011,Necrobiotic xanthogranuloma,Disorder,0,1,1,
158014,Rosaï-Dorfman disease,Disorder,0,1,1,500.0
158019,Indeterminate cell histiocytosis,Disorder,0,1,1,
158022,Progressive nodular histiocytosis,Disorder,0,1,1,
158025,Hereditary progressive mucinous histiocytosis,Disorder,0,1,1,9.0
158029,OBSOLETE: Sea-blue histiocytosis,Disorder,0,0,0,
158032,Hemophagocytic syndrome,Group of disorders,0,1,1,0.099
158038,Primary hemophagocytic lymphohistiocytosis,Group of disorders,0,0,0,
158041,Secondary hemophagocytic lymphohistiocytosis,Group of disorders,0,0,0,
158048,Hemophagocytic syndrome associated with an infection,Disorder,0,1,1,0.0
158057,Acquired hemophagocytic lymphohistiocytosis associated with malignant disease,Disorder,0,1,1,0.0
158061,Macrophage activation syndrome,Disorder,0,1,1,0.0
158124,Genetic dementia,Group of disorders,0,0,0,
158266,Huntington disease-like syndrome,Group of disorders,0,0,0,1.85
158300,Rare genetic hematologic disease,Group of disorders,0,0,0,
158661,OBSOLETE: Suprabasal epidermolysis bullosa simplex,Group of disorders,0,0,0,
158665,OBSOLETE: Basal epidermolysis bullosa simplex,Group of disorders,0,0,0,
158668,Ectodermal dysplasia-skin fragility syndrome,Disorder,1,1,1,0.0
158673,"Localized dystrophic epidermolysis bullosa, acral form",Subtype of disorder,1,1,1,5.0
158676,"Localized dystrophic epidermolysis bullosa, nails only",Subtype of disorder,1,1,1,5.0
158681,Epidermolysis bullosa simplex with circinate migratory erythema,Disorder,1,1,1,0.0
158684,Epidermolysis bullosa simplex with pyloric atresia,Disorder,2,1,1,0.0
158687,Lethal acantholytic erosive disorder,Disorder,2,1,1,2.0
158766,Typical urticaria pigmentosa,Subtype of disorder,1,1,1,
158769,Plaque-form urticaria pigmentosa,Subtype of disorder,1,1,1,
158772,Nodular urticaria pigmentosa,Subtype of disorder,1,1,1,
158775,Smoldering systemic mastocytosis,Disorder,1,1,1,0.0
158778,Isolated bone marrow mastocytosis,Disorder,1,1,1,
158793,OBSOLETE: Lymphoadenopathic mastocytosis with eosinophilia,Subtype of disorder,0,0,0,
158796,OBSOLETE: Classic mast cell leukemia,Disorder,0,0,0,
158799,OBSOLETE: Aleukemic mast cell leukemia,Disorder,0,0,0,
160148,Cap polyposis,Disorder,0,1,1,33.5
162516,Isolated congenital nasal pyriform aperture stenosis,Disorder,0,1,1,
162521,OBSOLETE: Congenital nasal pyriform aperture stenosis with holoprosencephaly,Disorder,0,0,0,
162526,Isolated congenital auditory ossicle malformation,Disorder,0,0,0,
163209,Non-syndromic cerebral malformation due to abnormal neuronal migration,Group of disorders,0,0,0,
163525,Subacute cutaneous lupus erythematosus,Disorder,0,1,1,1.05525
163528,OBSOLETE: Acute cutaneous lupus erythematosus,Group of disorders,0,0,0,
163531,Chronic cutaneous lupus erythematosus,Group of disorders,0,1,1,
163582,Rare bacterial infectious disease,Group of disorders,0,0,0,
163585,Rare viral disease,Group of disorders,0,0,0,
163588,Rare parasitic disease,Group of disorders,0,0,0,
163591,Rare mycosis,Group of disorders,0,0,0,
163596,Hemoglobin Bart's fetalis syndrome,Disorder,2,1,1,94.2
163631,Bile acid synthesis defect with cholestasis and malabsorption,Group of disorders,0,0,0,
163634,Maffucci syndrome,Disorder,2,1,1,125.0
163637,"Rare disorder related with pregnancy, childbirth and puerperium",Group of disorders,0,0,0,
163649,Spondyloepiphyseal dysplasia-craniosynostosis-cleft palate-cataracts-intellectual disability syndrome,Disorder,0,1,1,2.0
163654,Spondyloepiphyseal dysplasia-brachydactyly-speech disorder syndrome,Disorder,0,1,1,2.0
163662,"Spondyloepiphyseal dysplasia, Reardon type",Disorder,0,1,1,0.5
163665,"Spondyloepiphyseal dysplasia tarda, Kohn type",Disorder,0,1,1,1.5
163668,"Spondyloepiphyseal dysplasia, MacDermot type",Disorder,0,1,1,2.0
163673,"Spondyloepiphyseal dysplasia, Byers type",Disorder,0,0,0,
163678,OBSOLETE: Unclassified spondylometaphyseal dysplasia,Disorder,0,0,0,
163681,CNTNAP2-related developmental and epileptic encephalopathy,Disorder,1,1,1,14.0
163684,Leukoencephalopathy-dystonia-motor neuropathy syndrome,Disorder,1,1,1,1.0
163690,Hypotonia-cystinuria syndrome,Disorder,2,1,1,11.0
163693,"2p21 microdeletion syndrome",Disorder,4,1,1,3.5
163696,Action myoclonus-renal failure syndrome,Disorder,1,1,1,19.0
163699,Alveolar soft tissue sarcoma,Disorder,2,1,1,
163703,Febrile infection-related epilepsy syndrome,Disorder,0,1,1,0.05
163708,Cryptogenic late-onset epileptic spasms,Disorder,0,1,1,0.0
163717,Familial mesial temporal lobe epilepsy,Disorder,1,1,1,0.0
163721,Rolandic epilepsy-speech dyspraxia syndrome,Disorder,2,1,1,138.5
163727,Rolandic epilepsy-paroxysmal exercise-induced dystonia-writer's cramp syndrome,Disorder,1,1,1,0.5
163746,Peripheral demyelinating neuropathy-central dysmyelinating leukodystrophy-Waardenburg syndrome-Hirschsprung disease,Disorder,1,1,1,20.0
163892,OBSOLETE: Limbic encephalitis,Group of disorders,0,0,0,
163895,OBSOLETE: Paraneoplastic limbic encephalitis,Group of disorders,0,0,0,
163898,OBSOLETE: Classic paraneoplastic limbic encephalitis,Disorder,0,0,0,
163903,OBSOLETE: Limbic encephalitis associated with antibodies to cell membrane antigens,Group of disorders,0,0,0,
163908,OBSOLETE: Limbic encephalitis with LGI1 antibodies,Disorder,0,0,0,
163914,OBSOLETE: Limbic encephalitis with nCMAgs antibodies,Disorder,0,0,0,
163918,OBSOLETE: Non-paraneoplastic limbic encephalitis,Group of disorders,0,0,0,
163921,Posttransplant acute limbic encephalitis,Disorder,0,1,1,0.0
163924,OBSOLETE: Non-herpetic acute limbic encephalitis,Disorder,0,0,0,
163927,Pustulosis palmaris et plantaris,Disorder,2,1,1,
163931,Acrodermatitis continua of Hallopeau,Disorder,2,1,1,6.0
163934,Atopic keratoconjunctivitis,Disorder,0,1,1,15.0
163937,"X-linked intellectual disability, Najm type",Disorder,1,1,1,17.5
163953,"X-linked intellectual disability, Raymond type",Disorder,0,0,0,
163956,"X-linked intellectual disability, Nascimento type",Disorder,1,1,1,4.0
163961,X-linked cerebral-cerebellar-coloboma syndrome,Disorder,0,1,1,1.5
163966,"X-linked dominant chondrodysplasia, Chassaing-Lacombe type",Disorder,1,1,1,5.0
163971,"X-linked intellectual disability, Cilliers type",Disorder,0,1,1,2.0
163976,"X-linked intellectual disability, Van Esch type",Disorder,1,1,1,3.5
163979,X-linked intellectual disability-craniofacioskeletal syndrome,Disorder,0,1,1,4.5
163982,X-linked intellectual disability-spastic quadriparesis syndrome,Disorder,0,0,0,
163985,Hyperekplexia-epilepsy syndrome,Disorder,1,1,1,2.0
163988,"OBSOLETE: Developmental delay-deafness syndrome, Hildebrand type",Disorder,0,0,0,
164001,Rare odontal or periodontal disorder,Group of disorders,0,0,0,
164004,Middle and/or inner ear anomaly,Group of disorders,0,0,0,
164726,Acute myeloid leukemia and myelodysplastic syndromes related to radiation,Disorder,0,1,1,0.3
164736,Familial advanced sleep-phase syndrome,Disorder,3,1,1,0.0
164823,Rare acquired aplastic anemia,Group of disorders,0,0,0,
165652,Rare genetic gastroenterological disease,Group of disorders,0,0,0,
165655,Genetic intestinal disease,Group of disorders,0,0,0,
165658,Genetic gastro-esophageal disease,Group of disorders,0,0,0,
165661,Genetic pancreatic disease,Group of disorders,0,0,0,
165704,Non-syndromic urogenital tract malformation,Group of disorders,0,0,0,
165707,Syndromic urogenital tract malformation,Group of disorders,0,0,0,
165711,Rare abdominal surgical disease,Group of disorders,0,0,0,
165805,Familial mesial temporal lobe epilepsy with febrile seizures,Disorder,0,0,0,
165955,Wound myiasis,Disorder,0,1,1,11.5
165958,Cavitary myiasis,Disorder,0,1,1,0.0
165961,OBSOLETE: Subcutaneous myiasis,Group of disorders,0,0,0,
165985,Diazoxide-sensitive diffuse hyperinsulinism,Group of disorders,0,0,0,
165988,Diazoxide-resistant diffuse hyperinsulinism,Group of disorders,0,0,0,
165991,Exercise-induced hyperinsulinism,Disorder,1,1,1,8.5
165994,Pituitary resistance to thyroid hormone,Disorder,0,0,0,
166002,Multiple epiphyseal dysplasia due to collagen 9 anomaly,Disorder,3,1,1,29.5
166011,"Multiple epiphyseal dysplasia, Beighton type",Disorder,0,0,0,
166016,"Multiple epiphyseal dysplasia, Lowry type",Disorder,0,1,1,1.0
166024,Multiple epiphyseal dysplasia-macrocephaly-facial dysmorphism syndrome,Disorder,1,1,1,2.0
166029,Multiple epiphyseal dysplasia-severe proximal femoral dysplasia syndrome,Disorder,0,1,1,1.5
166032,Multiple epiphyseal dysplasia-miniepiphyses syndrome,Disorder,0,1,1,1.0
166035,Brachydactyly-short stature-retinitis pigmentosa syndrome,Disorder,1,1,1,6.0
166038,"Metaphyseal chondrodysplasia, Kaitila type",Disorder,0,1,1,1.0
166063,Pontocerebellar hypoplasia type 4,Disorder,1,1,1,5.0
166068,Pontocerebellar hypoplasia type 5,Disorder,0,0,0,
166073,Pontocerebellar hypoplasia type 6,Disorder,1,1,1,5.0
166078,Von Willebrand disease type 1,Subtype of disorder,1,1,1,0.0
166081,Von Willebrand disease type 2,Subtype of disorder,0,1,1,0.935
166084,Von Willebrand disease type 2A,Subtype of disorder,1,1,1,0.0
166087,Von Willebrand disease type 2B,Subtype of disorder,1,1,1,0.0
166090,Von Willebrand disease type 2M,Subtype of disorder,1,1,1,0.0
166093,Von Willebrand disease type 2N,Subtype of disorder,1,1,1,0.0
166096,Von Willebrand disease type 3,Subtype of disorder,1,1,1,0.1075
166100,Autosomal dominant otospondylomegaepiphyseal dysplasia,Disorder,2,1,1,
166105,FASTKD2-related infantile mitochondrial encephalomyopathy,Disorder,1,1,1,1.5
166108,Birk-Barel syndrome,Disorder,1,1,1,0.5
166113,Bazex syndrome,Disorder,0,1,1,72.5
166119,Isolated osteopoikilosis,Disorder,1,1,1,2.0
166260,Dentinogenesis imperfecta type 2,Subtype of disorder,1,1,1,14.6
166265,Dentinogenesis imperfecta type 3,Subtype of disorder,1,1,1,0.0
166272,Odontochondrodysplasia,Disorder,1,1,1,5.5
166277,Wormian bone-multiple fractures-dentinogenesis imperfecta-skeletal dysplasia,Disorder,0,1,1,1.5
166282,Hereditary sick sinus syndrome,Disorder,4,1,1,5.5
166286,Porokeratotic eccrine ostial and dermal duct nevus,Disorder,1,1,1,22.5
166291,Dirofilariasis,Disorder,0,1,1,0.0
166295,Benign non-familial infantile seizures,Group of disorders,0,0,0,
166299,Benign partial epilepsy of infancy with complex partial seizures,Disorder,0,0,0,
166302,Benign partial epilepsy with secondarily generalized seizures in infancy,Disorder,0,0,0,
166305,OBSOLETE: Benign infantile seizures associated with mild gastroenteritis,Disorder,0,0,0,
166308,Benign infantile focal epilepsy with midline spikes and waves during sleep,Disorder,0,1,1,18.0
166311,Benign partial infantile seizures,Group of disorders,0,0,0,
166409,Photosensitive occipital lobe epilepsy,Disorder,0,1,1,30.0
166412,Hot water reflex epilepsy,Disorder,1,1,1,4.0
166415,Audiogenic epilepsy,Disorder,0,0,0,
166418,Eating reflex epilepsy,Disorder,0,1,1,0.5
166421,Orgasm-induced epilepsy,Disorder,0,1,1,3.5
166424,Thinking epilepsy,Disorder,0,0,0,0.0
166427,Startle epilepsy,Disorder,0,0,0,
166430,Micturition-induced epilepsy,Disorder,0,0,0,
166433,Epilepsy with reading-induced seizures,Disorder,0,1,1,50.5
166457,OBSOLETE: Other forms of non-paraneoplastic limbic encephalitis,Group of disorders,0,0,0,
166463,Epilepsy syndrome,Group of disorders,0,0,0,
166466,Neurocutaneous syndrome with epilepsy,Group of disorders,0,0,0,
166469,Chromosomal anomaly with epilepsy as a major feature,Group of disorders,0,0,0,
166472,Monogenic disease with epilepsy,Group of disorders,0,0,0,
166475,Idiopathic or cryptogenic familial epilepsy syndrome with identified loci/genes,Group of disorders,0,0,0,
166478,Cerebral malformation with epilepsy,Group of disorders,0,0,0,
166481,Metabolic diseases with epilepsy,Group of disorders,0,0,0,
166484,Inflammatory and autoimmune disease with epilepsy,Group of disorders,0,0,0,
166487,Cerebral diseases of vascular origin with epilepsy,Group of disorders,0,0,0,
166490,Infectious disease with epilepsy,Group of disorders,0,0,0,
166775,Rare hemorrhagic disorder due to an acquired coagulation factor defect,Group of disorders,0,0,0,
167635,Scleromyxedema,Disorder,0,1,1,125.0
167714,Unclassified acute myeloid leukemia,Group of disorders,0,0,0,0.49
167759,Hereditary dentin defect,Group of disorders,0,0,0,
167762,Rare disease with dentinogenesis imperfecta,Group of disorders,0,0,0,
167848,Rare cardiomyopathy,Group of disorders,0,0,0,
168194,Rare cardiac tumor,Group of disorders,0,0,0,
168443,Spondyloepimetaphyseal dysplasia-hypotrichosis syndrome,Disorder,0,1,1,2.5
168448,"Spondyloepimetaphyseal dysplasia, Bieganski type",Disorder,0,0,0,
168451,Spondyloepimetaphyseal dysplasia-abnormal dentition syndrome,Disorder,0,1,1,1.0
168454,"Spondyloepimetaphyseal dysplasia, Geneviève type",Disorder,1,1,1,3.0
168486,OBSOLETE: Congenital neuronal ceroid lipofuscinosis,Disorder,0,0,0,
168491,OBSOLETE: Late infantile neuronal ceroid lipofuscinosis,Disorder,0,0,0,
168544,"Spondylometaphyseal dysplasia, Golden type",Disorder,0,1,1,1.5
168549,Axial spondylometaphyseal dysplasia,Disorder,0,1,1,6.5
168552,Spondylometaphyseal dysplasia-bowed forearms-facial dysmorphism syndrome,Disorder,0,1,1,1.0
168555,"Spondylometaphyseal dysplasia, A4 type",Disorder,0,1,1,1.5
168558,"46,XY difference of sex development-adrenal insufficiency due to CYP11A1 deficiency",Disorder,1,1,1,4.5
168563,"46,XY gonadal dysgenesis-motor and sensory neuropathy syndrome",Disorder,1,1,1,2.5
168566,Fatal mitochondrial disease due to combined oxidative phosphorylation defect type 3,Disorder,1,1,1,3.5
168569,H syndrome,Disorder,1,1,1,50.0
168572,Native American myopathy,Disorder,1,1,1,0.0
168577,Hereditary cryohydrocytosis with reduced stomatin,Disorder,1,1,1,1.5
168583,Hereditary North American Indian childhood cirrhosis,Subtype of disorder,1,1,1,18.0
168588,Hyperandrogenism due to cortisone reductase deficiency,Disorder,2,1,1,5.5
168593,Sudden infant death-dysgenesis of the testes syndrome,Disorder,1,1,1,10.5
168598,Methionine adenosyltransferase I/III deficiency,Disorder,1,1,1,1.0
168601,Congenital enteropathy due to enteropeptidase deficiency,Disorder,1,1,1,
168606,Seborrhea-like dermatitis with psoriasiform elements,Disorder,1,1,1,22.0
168609,Mitochondrial non-syndromic sensorineural deafness with susceptibility to aminoglycoside exposure,Subtype of disorder,0,0,0,
168612,Congenital deficiency in alpha-fetoprotein,Disorder,1,1,1,11.0
168615,Hereditary persistence of alpha-fetoprotein,Disorder,1,1,1,9.5
168621,"Dysplasia of head of femur, Meyer type",Disorder,0,1,1,0.0
168624,"Familial scaphocephaly syndrome, McGillivray type",Disorder,1,1,1,5.5
168629,Autosomal thrombocytopenia with normal platelets,Subtype of disorder,5,1,1,
168632,Generalized basaloid follicular hamartoma syndrome,Disorder,0,1,1,
168778,Rare pervasive developmental disorder,Group of disorders,0,0,0,
168782,Childhood disintegrative disorder,Disorder,0,1,1,2.0
168796,"Heart-hand syndrome, Slovenian type",Disorder,1,1,1,7.0
168803,Primary peritoneal tumor,Group of disorders,0,0,0,
168807,Primary malignant peritoneal tumor,Group of disorders,0,0,0,
168811,Malignant peritoneal mesothelioma,Disorder,0,1,1,0.2333333333333333
168816,Peritoneal inclusion cyst,Disorder,0,1,1,75.0
168829,Primary peritoneal carcinoma,Disorder,1,1,1,0.0
168940,Chronic eosinophilic leukemia,Disorder,2,1,1,
168943,"Myeloid/lymphoid neoplasms associated with eosinophilia and abnormality of PDGFRA, PDGFRB, FGFR1 or JAK2",Group of disorders,0,0,0,
168947,Myeloid/lymphoid neoplasm associated with PDGFRA rearrangement,Disorder,1,0,0,
168950,Myeloid/lymphoid neoplasm associated with PDGFRB rearrangement,Disorder,1,0,0,
168953,Myeloid/lymphoid neoplasm associated with FGFR1 rearrangement,Disorder,1,0,0,
168956,Hypereosinophilic syndrome,Group of disorders,0,1,1,0.83175
168960,Refractory anemia with excess blasts in transformation,Disorder,0,1,1,0.04
168966,Composite lymphoma,Disorder,0,1,1,0.01
168972,Kahrizi syndrome,Disorder,0,0,0,
168984,CLAPO syndrome,Disorder,1,1,1,3.0
168999,Malignant melanoma of the mucosa,Disorder,0,1,1,0.462
169079,Cernunnos-XLF deficiency,Disorder,1,1,1,2.5
169082,Combined immunodeficiency due to CD3gamma deficiency,Disorder,1,1,1,
169085,Susceptibility to respiratory infections associated with CD8alpha chain mutation,Disorder,1,1,1,0.0
169090,Combined immunodeficiency due to CRAC channel dysfunction,Disorder,0,1,1,5.0
169095,Severe combined immunodeficiency due to FOXN1 deficiency,Disorder,1,1,1,4.5
169100,Immunodeficiency due to CD25 deficiency,Disorder,1,1,1,1.0
169105,Thymoma-hypogammaglobulinemia syndrome,Disorder,0,1,1,121.0
169110,Immunoglobulin heavy chain deficiency,Disorder,0,0,0,
169139,Transient hypogammaglobulinemia of infancy,Disorder,0,0,0,
169142,Recurrent infections due to specific granule deficiency,Disorder,2,1,1,
169147,Immunodeficiency due to a classical component pathway complement deficiency,Disorder,8,1,1,
169150,Immunodeficiency due to a late component of complement deficiency,Disorder,7,1,1,
169154,T-B+ severe combined immunodeficiency due to IL-7Ralpha deficiency,Disorder,1,1,1,0.06333333333333334
169157,T-B+ severe combined immunodeficiency due to CD45 deficiency,Disorder,1,1,1,1.5
169160,T-B+ severe combined immunodeficiency due to CD3delta/CD3epsilon/CD3zeta,Disorder,3,1,1,0.0
169163,Familial scaphocephaly syndrome,Group of disorders,0,0,0,
169186,Autosomal recessive centronuclear myopathy,Disorder,4,1,1,0.0
169189,Autosomal dominant centronuclear myopathy,Disorder,5,1,1,0.0
169346,DNA repair defect other than combined T-cell and B-cell immunodeficiencies,Group of disorders,0,0,0,
169349,Immuno-osseous dysplasia,Group of disorders,0,0,0,
169355,Immunodeficiency syndrome with autoimmunity,Group of disorders,0,0,0,
169361,Immune dysregulation disease with immunodeficiency,Group of disorders,0,0,0,
169443,Specific antibody deficiency with normal immunoglobulin concentrations and normal numbers of B cells,Group of disorders,0,0,0,
169446,OBSOLETE: Autosomal recessive hyper-IgE syndrome,Group of disorders,0,0,0,
169464,Primary CD59 deficiency,Disorder,1,1,1,3.0
169467,Recurrent Neisseria infections due to factor D deficiency,Disorder,1,1,1,
169615,NON RARE IN EUROPE: Idiopathic central precocious puberty,Subtype of disorder,0,0,0,
169618,NON RARE IN EUROPE: Secondary central precocious puberty,Subtype of disorder,0,0,0,
169793,Severe hemophilia B,Subtype of disorder,1,1,1,0.8
169796,Moderate hemophilia B,Subtype of disorder,1,1,1,0.6
169799,Mild hemophilia B,Subtype of disorder,1,1,1,0.6
169802,Severe hemophilia A,Subtype of disorder,1,1,1,2.8
169805,Moderate hemophilia A,Subtype of disorder,1,1,1,
169808,Mild hemophilia A,Subtype of disorder,1,1,1,
169826,Congenital vitamin K-dependent coagulation factors deficiency,Group of disorders,0,0,0,
171201,OBSOLETE: High isolated anorectal malformation,Disorder,0,0,0,
171208,OBSOLETE: Intermediate isolated anorectal malformation,Disorder,0,0,0,
171215,OBSOLETE: Low isolated anorectal malformation,Disorder,0,0,0,
171220,Isolated rectal duplication,Disorder,0,0,0,
171430,Severe congenital nemaline myopathy,Disorder,5,1,1,0.0
171433,Intermediate nemaline myopathy,Disorder,4,1,1,0.0
171436,Typical nemaline myopathy,Disorder,6,1,1,0.0
171439,Childhood-onset nemaline myopathy,Disorder,7,1,1,0.0
171442,Adult-onset nemaline myopathy,Disorder,0,1,1,0.0
171445,Muscle filaminopathy,Disorder,1,1,1,
171607,X-linked spastic paraplegia type 34,Disorder,1,1,1,12.0
171612,Autosomal dominant spastic paraplegia type 37,Disorder,2,1,1,6.5
171617,Autosomal dominant spastic paraplegia type 38,Disorder,1,1,1,0.5
171622,Autosomal recessive spastic paraplegia type 32,Disorder,1,1,1,0.5
171629,Autosomal recessive spastic paraplegia type 35,Disorder,1,1,1,19.0
171673,Limbal stem cell deficiency,Disorder,0,1,1,20.0
171676,NON RARE IN EUROPE: Periventricular leukomalacia,Disorder,0,0,0,
171680,Lissencephaly due to TUBA1A mutation,Disorder,1,1,1,7.5
171684,Idiopathic bilateral vestibulopathy,Disorder,0,0,0,
171690,Metabolic myopathy due to lactate transporter defect,Disorder,1,1,1,
171695,Parkinsonian-pyramidal syndrome,Disorder,2,1,1,
171700,Diffuse panbronchiolitis,Disorder,2,1,1,0.0
171703,Microcephaly-polymicrogyria-corpus callosum agenesis syndrome,Disorder,1,1,1,2.0
171706,Short stature-delayed bone age due to thyroid hormone metabolism deficiency,Disorder,1,1,1,0.0
171709,Male infertility due to globozoospermia,Subtype of disorder,9,1,1,
171714,Amish infantile epilepsy syndrome,Disorder,0,0,0,
171719,Cutis laxa-Marfanoid syndrome,Disorder,0,1,1,9.0
171723,White sponge nevus,Disorder,2,1,1,
171829,"6q16 microdeletion syndrome",Disorder,1,1,1,6.0
171836,Amelogenesis imperfecta-gingival hyperplasia syndrome,Disorder,0,0,0,
171839,Craniosynostosis-hydrocephalus-Arnold-Chiari malformation type I-radioulnar synostosis syndrome,Disorder,0,1,1,1.0
171844,Blindness-scoliosis-arachnodactyly syndrome,Disorder,0,1,1,2.0
171848,Polyneuropathy-hearing loss-ataxia-retinitis pigmentosa-cataract syndrome,Disorder,1,1,1,9.5
171851,MEDNIK syndrome,Disorder,2,1,1,2.5
171860,OBSOLETE: Intellectual disability-cataracts-kyphosis syndrome,Disorder,0,0,0,
171863,Autosomal dominant spastic paraplegia type 42,Disorder,1,1,1,0.5
171866,"Spondyloepimetaphyseal dysplasia, aggrecan type",Disorder,1,1,1,1.5
171871,Renal pseudohypoaldosteronism type 1,Subtype of disorder,1,1,1,1.51
171876,Generalized pseudohypoaldosteronism type 1,Subtype of disorder,3,1,1,0.6
171881,Cap myopathy,Disorder,3,1,1,10.5
171886,Cylindrical spirals myopathy,Disorder,0,0,0,
171889,Myopathy with hexagonally cross-linked tubular arrays,Disorder,0,0,0,
171895,Myeloid hemopathy,Group of disorders,0,0,0,
171898,Lymphoid hemopathy,Group of disorders,0,0,0,
171901,Primary cutaneous T-cell lymphoma,Group of disorders,0,0,0,1.6145833333333333
171915,B-cell non-Hodgkin lymphoma,Group of disorders,0,0,0,17.45
171918,T-cell non-Hodgkin lymphoma,Group of disorders,0,0,0,0.99
171929,Trisomy 10p syndrome,Disorder,0,1,1,25.0
172973,OBSOLETE: Congenital myopathy with protein accumulation,Group of disorders,0,0,0,
172976,Congenital myopathy with cores,Group of disorders,0,0,0,
172979,OBSOLETE: Congenital myopathy with central nuclei,Group of disorders,0,0,0,
172982,OBSOLETE: Congenital myopathy with fiber size variation,Group of disorders,0,0,0,
172985,OBSOLETE: Congenital myopathy with vacuoles,Group of disorders,0,0,0,
174590,Congenital hypogonadotropic hypogonadism,Group of disorders,0,1,1,
177101,Rare adult hypothyroidism,Group of disorders,0,0,0,
177107,Syndromic hypothyroidism,Group of disorders,0,0,0,0.0
177901,Prader-Willi syndrome due to paternal deletion of 15q11q13 type 1,Subtype of disorder,6,1,1,
177904,Prader-Willi syndrome due to paternal deletion of 15q11q13 type 2,Subtype of disorder,6,1,1,
177907,Prader-Willi syndrome due to translocation,Subtype of disorder,1,1,1,
177910,Prader-Willi syndrome due to imprinting mutation,Subtype of disorder,5,1,1,
177926,Bleeding disorder in hemophilia A carriers,Subtype of disorder,1,1,1,0.0
177929,Bleeding disorder in hemophilia B carriers,Subtype of disorder,1,1,1,0.0
178025,Non-acquired combined pituitary hormone deficiencies without extrapituitary malformations,Group of disorders,0,0,0,
178029,Arginine vasopressin deficiency,Disorder,0,1,1,4.0
178040,Rare peripheral precocious puberty,Group of disorders,0,0,0,
178045,Transient congenital hypothyroidism,Group of disorders,0,0,0,
178145,Moderate multiminicore disease with hand involvement,Subtype of disorder,1,1,1,
178148,Antenatal multiminicore disease with arthrogryposis multiplex congenita,Subtype of disorder,0,1,1,
178303,"8q22.1 microdeletion syndrome",Disorder,0,1,1,3.0
178307,Reticulate acropigmentation of Kitamura,Disorder,1,1,1,65.0
178311,Isolated sternocostoclavicular hyperostosis,Disorder,0,0,0,
178315,Undifferentiated embryonal sarcoma of the liver,Disorder,0,0,0,
178320,Acute lung injury,Disorder,0,1,1,28.75
178330,OBSOLETE: Heinz body anemia,Disorder,0,0,0,
178333,Åland Islands eye disease,Disorder,1,1,1,2.5
178338,UV-sensitive syndrome,Disorder,3,1,1,3.5
178342,Inflammatory myofibroblastic tumor,Disorder,6,0,0,
178345,Aromatase excess syndrome,Disorder,1,1,1,15.0
178355,Smith-McCort dysplasia,Disorder,2,1,1,8.0
178364,Syndromic microphthalmia type 5,Disorder,1,1,1,10.0
178377,Osteosclerosis-developmental delay-craniosynostosis syndrome,Disorder,1,1,1,6.5
178382,Congenital vertical talus,Disorder,0,1,1,0.0
178389,Osteopetrosis-hypogammaglobulinemia syndrome,Disorder,1,1,1,4.0
178396,Hemorrhagic disease due to alpha-1-antitrypsin Pittsburgh mutation,Disorder,1,1,1,2.0
178400,Distal myopathy with anterior tibial onset,Disorder,1,1,1,2.0
178461,X-linked myopathy with postural muscle atrophy,Disorder,1,1,1,3.5
178464,Hereditary myopathy with early respiratory failure,Disorder,1,1,1,5.0
178469,Autosomal dominant non-syndromic intellectual disability,Subtype of disorder,43,1,1,
178475,Wound botulism,Subtype of disorder,0,1,1,0.05
178478,Infant botulism,Subtype of disorder,0,1,1,0.9600000000000002
178481,Intestinal botulism,Subtype of disorder,0,1,1,0.0
178487,Adult intestinal botulism,Subtype of disorder,0,1,1,9.5
178493,NON RARE IN EUROPE: Myopic macular degeneration,Disorder,0,0,0,
178503,Dursun syndrome,Disorder,0,0,0,
178506,Interstitial lung disease-brain calcification syndrome,Disorder,2,1,1,4.0
178509,Perry syndrome,Disorder,1,1,1,26.5
178512,Folliculotropic mycosis fungoides,Disorder,0,1,1,0.0
178517,Localized pagetoid reticulosis,Disorder,0,1,1,0.0
178522,Primary cutaneous CD4+ small/medium-sized pleomorphic T-cell lymphoma,Disorder,0,0,0,
178528,Primary cutaneous aggressive epidermotropic CD8+ T-cell lymphoma,Disorder,0,0,0,
178533,Primary cutaneous gamma/delta-positive T-cell lymphoma,Disorder,0,0,0,
178536,Primary cutaneous marginal zone B-cell lymphoma,Disorder,0,0,0,
178540,Primary cutaneous follicle center lymphoma,Disorder,0,0,0,
178544,"Primary cutaneous diffuse large B-cell lymphoma, leg type",Disorder,0,0,0,
178548,Indolent primary cutaneous T-cell lymphoma,Group of disorders,0,0,0,
178551,Aggressive primary cutaneous T-cell lymphoma,Group of disorders,0,0,0,
178554,Aggressive primary cutaneous B-cell lymphoma,Group of disorders,0,0,0,
178557,Indolent primary cutaneous B-cell lymphoma,Group of disorders,0,0,0,
178563,Primary cutaneous B-cell lymphoma,Group of disorders,0,0,0,
178566,Mycosis fungoides and variants,Group of disorders,0,1,1,0.295
178996,Acquired neutropenia,Group of disorders,0,0,0,
179006,Primary immunodeficiency due to a defect in adaptive immunity,Group of disorders,0,0,0,
179490,Obesity due to congenital leptin resistance,Subtype of disorder,0,0,0,
179494,Obesity due to leptin receptor gene deficiency,Subtype of disorder,1,1,1,
180062,Uterovaginal malformation,Group of disorders,0,0,0,
180065,Non-syndromic uterovaginal malformation,Group of disorders,0,0,0,
180068,Partial bilateral aplasia of the Müllerian ducts,Group of disorders,0,0,0,
180071,Unilateral aplasia of the Müllerian ducts,Group of disorders,0,0,0,
180074,True unicornuate uterus,Disorder,0,0,0,
180079,Pseudounicornuate uterus,Disorder,0,0,0,
180086,Didelphys uterus,Disorder,0,0,0,
180106,Bicervical bicornuate uterus and blind hemivagina,Subtype of disorder,0,0,0,
180111,Bicervical bicornuate uterus with patent cervix and vagina,Subtype of disorder,0,0,0,
180114,Unicervical bicornuate uterus,Disorder,0,0,0,
180118,NON RARE IN EUROPE: Cordiform uterus,Disorder,0,0,0,
180122,Septate uterus,Group of disorders,0,0,0,
180126,Complete septate uterus,Disorder,0,0,0,
180129,Partial septate uterus,Disorder,0,0,0,
180134,Bicornuate uterus,Group of disorders,0,0,0,
180139,Uterine hypoplasia,Disorder,0,0,0,
180142,Absence of uterine body,Disorder,0,0,0,
180145,Uterine cervical aplasia and agenesis,Disorder,0,0,0,
180148,Syndromic uterovaginal malformation,Group of disorders,0,0,0,
180151,Rare vaginal malformation,Group of disorders,0,0,0,
180154,Septate vagina,Disorder,0,0,0,
180157,Longitudinal vaginal septum,Subtype of disorder,0,0,0,
180160,Transverse vaginal septum,Subtype of disorder,0,0,0,
180163,Rare breast malformation,Group of disorders,0,0,0,
180170,Excess breast volume or number,Group of disorders,0,0,0,
180173,Deficient breast volume or number,Group of disorders,0,0,0,
180176,Familial juvenile hypertrophy of the breast,Disorder,0,1,1,
180182,Supernumerary breasts,Disorder,0,0,0,
180188,Isolated congenital breast hypoplasia/aplasia,Disorder,1,1,1,
180193,Syndromic breast hypoplasia/aplasia,Group of disorders,0,0,0,
180199,Rare non-malformative gynecologic or obstetric disease,Group of disorders,0,0,0,
180202,Rare non-malformative breast disease,Group of disorders,0,0,0,
180205,Rare non-malformative uterovaginal or vulvovaginal disease,Group of disorders,0,0,0,
180208,Anomaly of puberty or/and menstrual cycle,Group of disorders,0,0,0,
180220,Rare uterine adnexal tumor,Group of disorders,0,0,0,
180226,Embryonal carcinoma,Disorder,0,1,1,0.01
180229,Polyembryoma,Disorder,0,1,1,0.0
180234,Mixed germ cell tumor,Disorder,0,1,1,0.01
180237,Benign tumor of fallopian tubes,Disorder,0,0,0,
180242,Malignant tumor of fallopian tubes,Disorder,0,1,1,0.355
180247,Vaginal carcinoma,Disorder,0,1,1,0.36
180250,Rare breast tumor,Group of disorders,0,0,0,
180253,Rare benign breast tumor,Group of disorders,0,0,0,
180257,Rare malignant breast tumor,Group of disorders,0,0,0,
180261,Phyllodes tumor of the breast,Disorder,0,1,1,
180267,Giant adenofibroma of the breast,Disorder,0,0,0,
180275,Paget disease of the nipple,Disorder,0,1,1,0.35379166666666667
180284,NON RARE IN EUROPE: Benign ductal tumor of breast,Disorder,0,0,0,
180303,Rare non-malformative uterine adnexal disease,Group of disorders,0,0,0,
180312,Rare vulvovaginal tumor,Group of disorders,0,0,0,
180766,Malformative syndrome with dentinogenesis imperfecta,Group of disorders,0,0,0,
180772,Rare disease with autism,Group of disorders,0,0,0,
180776,Non-syndromic diaphragmatic or thoracic malformation,Group of disorders,0,0,0,
180779,Syndromic diaphragmatic or thoracic malformation,Group of disorders,0,0,0,
180821,Rare gastroesophageal tumor,Group of disorders,0,0,0,
180824,Rare tumor of pancreas,Group of disorders,0,0,0,
181368,Rare insulin-resistance syndrome,Group of disorders,0,0,0,
181371,Rare diabetes mellitus type 1,Group of disorders,0,0,0,
181376,Rare diabetes mellitus type 2,Group of disorders,0,0,0,
181381,Other rare diabetes mellitus,Group of disorders,0,0,0,
181384,Rare hypothalamic or pituitary disease,Group of disorders,0,0,0,
181387,Rare disorder with multisystemic involvement and congenital hypogonadotropic hypogonadism,Group of disorders,0,0,0,
181390,Endocrinopathy with congenital hypogonadotropic hypogonadism as a major feature,Group of disorders,0,0,0,
181393,Growth hormone insensitivity syndrome,Group of disorders,0,0,0,
181396,Rare hypothyroidism,Group of disorders,0,0,0,
181399,Rare hyperthyroidism,Group of disorders,0,0,0,
181402,Syndrome with hypoparathyroidism,Group of disorders,0,0,0,
181405,Rare hypoparathyroidism,Group of disorders,0,0,0,
181408,Rare hyperparathyroidism,Group of disorders,0,0,0,
181412,Adrenogenital syndrome,Group of disorders,0,0,0,
181415,Rare primary hyperaldosteronism,Group of disorders,0,0,0,
181419,Rare hypoaldosteronism,Group of disorders,0,0,0,
181422,Rare hyperlipidemia,Group of disorders,0,0,0,
181425,OBSOLETE: Rare major hypertriglyceridemia,Group of disorders,0,0,0,
181428,Familial Hyperalphalipoproteinemia,Disorder,3,1,1,
181431,Rare hypolipidemia,Group of disorders,0,0,0,
181437,Rare syndromic dyslipidemia,Group of disorders,0,0,0,
181441,Rare disorder with hypergonadotropic hypogonadism,Group of disorders,0,0,0,
182040,Rare aplastic anemia,Group of disorders,0,0,0,
182043,Rare constitutional hemolytic anemia,Group of disorders,0,0,0,
182047,Rare acquired hemolytic anemia,Group of disorders,0,0,0,
182050,MYH9-related syndromic thrombocytopenia,Disorder,1,1,1,0.295
182054,Rare thrombotic disease of hematologic origin,Group of disorders,0,0,0,
182058,Primary orthostatic hypotension,Group of disorders,0,0,0,
182061,Cerebellar malformation,Group of disorders,0,0,0,
182064,Rare neuroinflammatory or neuroimmunological disease,Group of disorders,0,0,0,
182067,Glial tumor,Group of disorders,0,0,0,9.702
182070,Rare neurodegenerative disease,Group of disorders,0,0,0,
182073,OBSOLETE: Syndromic neurometabolic disease with non-X-linked intellectual disability,Group of disorders,0,0,0,
182076,OBSOLETE: Syndromic neurometabolic disease with X-linked intellectual disability,Group of disorders,0,0,0,
182079,ARX-related epileptic encephalopathy,Group of disorders,0,0,0,
182083,Channelopathy with epilepsy,Group of disorders,0,0,0,
182086,Acquired peripheral neuropathy,Group of disorders,0,0,0,
182090,Pulmonary arterial hypertension,Group of disorders,0,1,1,1.4941666666666666
182095,Interstitial lung disease,Group of disorders,0,0,0,7.806
182098,Pneumoconiosis,Group of disorders,0,0,0,
182101,Idiopathic eosinophilic pneumonia,Group of disorders,0,0,0,
182104,Secondary interstitial lung disease in childhood and adulthood associated with a connective tissue disease,Group of disorders,0,0,0,
182108,Thoracic malformation,Group of disorders,0,0,0,
182111,Respiratory malformation,Group of disorders,0,0,0,
182114,Rare urogenital tumor,Group of disorders,0,0,0,0.16999999999999998
182117,Non-syndromic urogenital tract malformation of female,Group of disorders,0,0,0,
182121,Non-syndromic urogenital tract malformation of male,Group of disorders,0,0,0,
182124,Non-syndromic urogenital tract malformation of male and female,Group of disorders,0,0,0,
182127,Extragonadal germinoma,Disorder,0,0,0,
182130,Tumor of endocrine glands,Group of disorders,0,0,0,33.875
182214,OBSOLETE: Rare inflammatory eye disease,Group of disorders,0,0,0,
182222,Rare systemic disease,Group of disorders,0,0,0,
182228,Systemic autoimmune disease,Group of disorders,0,0,0,
182231,Rare rheumatologic disease,Group of disorders,0,0,0,
182734,Genetic urticaria,Group of disorders,0,0,0,
183422,Polymalformative genetic syndrome with increased risk of developing cancer,Group of disorders,0,1,1,10.0
183426,Genetic epidermal disorder,Group of disorders,0,0,0,
183435,Inherited ichthyosis,Group of disorders,0,0,0,1.33
183438,Genetic erythrokeratoderma,Group of disorders,0,0,0,
183441,Genetic acrokeratoderma,Group of disorders,0,0,0,
183444,Genetic porokeratosis,Group of disorders,0,0,0,
183447,Genetic epidermal appendage anomaly,Group of disorders,0,0,0,
183450,Genetic hair anomaly,Group of disorders,0,0,0,
183454,Genetic nail anomaly,Group of disorders,0,0,0,
183460,Genetic sebaceous gland anomaly,Group of disorders,0,0,0,
183463,Genetic pigmentation anomaly of the skin,Group of disorders,0,0,0,
183466,Genetic hyperpigmentation of the skin,Group of disorders,0,0,0,
183469,Genetic hypopigmentation of the skin,Group of disorders,0,0,0,
183472,Genetic dermis disorder,Group of disorders,0,0,0,
183478,Genetic skin vascular disorder,Group of disorders,0,0,0,
183481,Genetic mixed dermis disorder,Group of disorders,0,0,0,
183484,Genetic subcutaneous tissue disorder,Group of disorders,0,0,0,
183487,Genetic skin tumor or hamartoma,Group of disorders,0,0,0,
183490,Genetic photodermatosis,Group of disorders,0,0,0,
183494,Genetic immune deficiency with skin involvement,Group of disorders,0,0,0,
183497,Genetic neuromuscular disease,Group of disorders,0,0,0,
183500,Genetic neurodegenerative disease,Group of disorders,0,0,0,
183503,Genetic central nervous system and retinal vascular disease,Group of disorders,0,0,0,
183506,Genetic central nervous system malformation,Group of disorders,0,0,0,
183509,Rare genetic headache,Group of disorders,0,0,0,
183512,Rare genetic epilepsy,Group of disorders,0,0,0,
183515,Rare genetic medullar disease,Group of disorders,0,0,0,
183518,Hereditary ataxia,Group of disorders,0,0,0,0.0
183521,Rare genetic movement disorder,Group of disorders,0,0,0,
183524,Rare genetic bone disease,Group of disorders,0,0,0,
183527,Genetic bone tumor,Group of disorders,0,0,0,
183530,Rare genetic developmental defect during embryogenesis,Group of disorders,0,0,0,
183533,Genetic multiple congenital anomalies/dysmorphic syndrome,Group of disorders,0,0,0,
183536,Genetic congenital limb malformation,Group of disorders,0,0,0,
183539,Genetic renal or urinary tract malformation,Group of disorders,0,0,0,
183542,Genetic cranial malformation,Group of disorders,0,0,0,
183545,Genetic digestive tract malformation,Group of disorders,0,0,0,
183548,"Genetic visceral malformation of the liver, biliary tract, pancreas or spleen",Group of disorders,0,0,0,
183554,Genetic respiratory or mediastinal malformation,Group of disorders,0,0,0,
183557,Genetic developmental defect of the eye,Group of disorders,0,0,0,
183570,Genetic malformation syndrome with short stature,Group of disorders,0,0,0,
183573,Genetic overgrowth/obesity syndrome,Group of disorders,0,0,0,
183576,Genetic branchial arch or oral-acral syndrome,Group of disorders,0,0,0,
183580,Genetic malformation syndrome with odontal and/or periodontal component,Group of disorders,0,0,0,
183583,Genetic head and neck malformation,Group of disorders,0,0,0,
183586,Genetic glomerular disease,Group of disorders,0,0,0,
183589,Genetic thrombotic microangiopathy,Group of disorders,0,0,0,
183592,Genetic renal tubular disease,Group of disorders,0,0,0,
183595,Genetic renal tumor,Group of disorders,0,0,0,
183598,"OBSOLETE: Rare genetic palpebral, lacrimal system and conjunctival disease",Group of disorders,0,0,0,
183601,OBSOLETE: Rare genetic refraction anomaly,Group of disorders,0,0,0,
183604,OBSOLETE: Rare genetic glaucoma,Group of disorders,0,0,0,
183607,Genetic lens and zonula anomaly,Group of disorders,0,0,0,
183616,Genetic neuro-ophthalmological disease,Group of disorders,0,0,0,
183619,Genetic eye tumor,Group of disorders,0,0,0,
183622,Genetic respiratory malformation,Group of disorders,0,0,0,
183625,Rare genetic diabetes mellitus,Group of disorders,0,0,0,
183628,Rare genetic hypothalamic or pituitary disease,Group of disorders,0,0,0,
183631,Rare genetic thyroid disease,Group of disorders,0,0,0,
183634,Rare genetic parathyroid disease and phosphocalcic metabolism disorder,Group of disorders,0,0,0,
183637,Rare genetic adrenal disease,Group of disorders,0,0,0,
183643,Genetic polyendocrinopathy,Group of disorders,0,0,0,
183651,Rare constitutional anemia,Group of disorders,0,0,0,
183654,Rare genetic coagulation disorder,Group of disorders,0,0,0,
183660,Severe combined immunodeficiency,Group of disorders,0,1,1,1.498888888888889
183663,Hyper-IgM syndrome with susceptibility to opportunistic infections,Disorder,0,0,0,
183666,Hyper-IgM syndrome without susceptibility to opportunistic infections,Disorder,0,0,0,
183669,Agammaglobulinemia,Group of disorders,0,0,0,0.13722222222222222
183672,OBSOLETE: Common variable immunodeficiency due to TNFR deficiency,Subtype of disorder,0,0,0,
183675,Recurrent infections associated with rare immunoglobulin isotypes deficiency,Disorder,2,1,1,0.0
183678,Hermansky-Pudlak syndrome due to AP-3 deficiency,Subtype of disorder,0,1,1,20.0
183681,Congenital functional phagocyte defect,Group of disorders,0,0,0,
183707,Infantile LAD-like disease due to RAC2 deficiency,Disorder,1,1,1,1.0
183710,Genetic susceptibility to infections due to particular pathogens,Group of disorders,0,0,0,
183713,OBSOLETE: Bacterial susceptibility due to TLR signaling pathway deficiency,Disorder,0,0,0,
183716,OBSOLETE: Other complex syndrome of primary immunodeficiency,Group of disorders,0,0,0,
183731,Rare genetic gynecological and obstetrical diseases,Group of disorders,0,0,0,
183734,Genetic gynecological tumor,Group of disorders,0,0,0,
183757,Rare genetic intellectual disability,Group of disorders,0,0,0,
183763,Rare genetic syndromic intellectual disability,Group of disorders,0,0,0,
183770,Rare genetic immune disease,Group of disorders,0,0,0,
189424,OBSOLETE: ACTH-independent Cushing syndrome due to bilateral adrenocortical hyperplasia,Group of disorders,0,0,0,
189427,Cushing syndrome due to bilateral macronodular adrenocortical disease,Disorder,3,1,1,0.08
189439,OBSOLETE: Primary pigmented nodular adrenocortical disease,Disorder,0,0,0,
189466,Familial isolated hypoparathyroidism due to impaired PTH secretion,Subtype of disorder,2,1,1,
199241,Pulmonary capillary hemangiomatosis,Disorder,1,1,1,50.0
199244,Nelson syndrome,Disorder,0,1,1,
199247,Corticosteroid-binding globulin deficiency,Disorder,1,1,1,0.0
199251,Ledderhose disease,Disorder,0,1,1,
199257,Superficial fibromatosis,Group of disorders,0,0,0,
199260,Calcifying aponeurotic fibroma,Disorder,0,0,0,
199267,Infantile digital fibromatosis,Disorder,0,1,1,100.0
199276,Familial multiple lipomatosis,Disorder,0,1,1,
199279,Familial angiolipomatosis,Disorder,0,0,0,
199282,Harlequin syndrome,Disorder,0,1,1,50.0
199285,Hereditary hypercarotenemia and vitamin A deficiency,Disorder,1,1,1,0.0
199293,Congenital microgastria,Disorder,0,1,1,0.0
199296,Congenital isolated ACTH deficiency,Disorder,1,1,1,
199299,Late-onset isolated ACTH deficiency,Disorder,0,1,1,
199302,Isolated cleft lip,Disorder,4,1,1,0.0
199306,Cleft lip/palate,Disorder,13,1,1,58.5
199310,Tetragametic chimerism syndrome,Disorder,0,1,1,
199315,Familial clubfoot with or without associated lower limb anomalies,Disorder,0,1,1,
199318,"15q13.3 microdeletion syndrome",Disorder,1,1,1,66.6395
199323,Endophthalmitis,Disorder,0,0,0,
199326,"Isolated autosomal dominant hypomagnesemia, Glaudemans type",Disorder,1,1,1,10.5
199329,"Congenital myopathy, Paradas type",Disorder,1,1,1,1.0
199332,Endocrine-cerebro-osteodysplasia syndrome,Disorder,1,1,1,3.5
199337,Pancreatic insufficiency-anemia-hyperostosis syndrome,Disorder,1,1,1,2.5
199340,BAG3-related myofibrillar myopathy,Disorder,1,1,1,6.0
199343,EAST syndrome,Disorder,1,1,1,13.0
199348,Thiamine-responsive encephalopathy,Disorder,1,1,1,1.0
199351,Adult-onset dystonia-parkinsonism,Disorder,1,1,1,7.0
199354,Cerebral autosomal recessive arteriopathy-subcortical infarcts-leukoencephalopathy,Disorder,1,1,1,0.0
199627,Atypical autism,Disorder,0,0,0,
199630,Isolated cerebellar vermis hypoplasia,Disorder,0,0,0,
199633,Non-syndromic cerebral malformation,Group of disorders,0,0,0,
199639,Syndrome with corpus callosum agenesis/dysgenesis as a major feature,Group of disorders,0,0,0,
199642,Isolated congenital microcephaly,Disorder,0,1,1,
199647,Isolated encephalocele,Disorder,0,0,0,
200037,Paroxysmal dystonia,Group of disorders,0,0,0,
200418,Immunodeficiency with factor I anomaly,Disorder,1,1,1,17.5
200421,Immunodeficiency with factor H anomaly,Disorder,1,1,1,
202940,Anomaly of puberty or/and menstrual cycle of genetic origin,Group of disorders,0,0,0,
202948,Syndromic microphthalmia-anophthalmia-coloboma,Group of disorders,0,0,0,
206428,Hypoxanthine-guanine phosphoribosyltransferase deficiency,Group of disorders,0,1,1,0.0
206436,Infantile Krabbe disease,Subtype of disorder,2,1,1,0.127
206443,Late-infantile/juvenile Krabbe disease,Subtype of disorder,1,1,1,
206448,Adult Krabbe disease,Subtype of disorder,1,1,1,
206470,Cystadenoma of childhood,Disorder,0,1,1,
206473,OBSOLETE: Borderline epithelial tumor of ovary,Disorder,0,0,0,
206484,Gonadoblastoma,Disorder,0,1,1,
206489,Malignant germ cell tumor of the vagina,Disorder,0,0,0,
206492,Vulvovaginal rhabdomyosarcoma,Disorder,0,0,0,
206538,Malignant non-dysgerminomatous germ cell tumor of ovary,Disorder,0,1,1,0.0
206546,Symptomatic form of muscular dystrophy of Duchenne and Becker in female carriers,Disorder,1,1,1,0.0
206549,Anoctamin-5-related limb-girdle muscular dystrophy R12,Disorder,1,1,1,0.0
206554,Fukutin-related limb-girdle muscular dystrophy R13,Disorder,1,1,1,2.5
206559,POMT2-related limb-girdle muscular dystrophy R14,Disorder,1,1,1,0.5
206564,POMGNT1-related limb-girdle muscular dystrophy R15,Disorder,1,1,1,1.0
206569,Immune-mediated necrotizing myopathy,Disorder,0,1,1,150.5
206572,Overlap myositis,Disorder,0,1,1,0.0
206575,Rippling muscle disease with myasthenia gravis,Disorder,0,1,1,
206580,Autosomal recessive lower motor neuron disease with childhood onset,Disorder,1,1,1,2.5
206583,Adult polyglucosan body disease,Subtype of disorder,1,1,1,25.0
206586,Neurolymphomatosis,Disorder,0,0,0,
206594,Subacute inflammatory demyelinating polyneuropathy,Disorder,0,1,1,0.0
206599,Isolated asymptomatic elevation of creatine phosphokinase,Disorder,3,1,1,0.0
206606,OBSOLETE: Other muscle weakness and/or chronic muscle pain,Group of disorders,0,0,0,
206610,OBSOLETE: Chronic muscular fatigue and/or chronic muscle pain,Group of disorders,0,0,0,
206613,Infectious disease with peripheral neuropathy,Group of disorders,0,0,0,
206616,OBSOLETE: Acquired metabolic neuropathy,Disorder,0,0,0,
206619,OBSOLETE: Toxic or/and iatrogenic neuropathy,Disorder,0,0,0,
206634,Genetic skeletal muscle disease,Group of disorders,0,0,0,
206638,Acquired skeletal muscle disease,Group of disorders,0,0,0,
206644,Progressive muscular dystrophy,Group of disorders,0,0,0,
206647,Myotonic dystrophy,Group of disorders,0,0,0,23.291666666666668
206650,Autosomal dominant distal myopathy,Group of disorders,0,1,1,
206653,Autosomal recessive distal myopathy,Group of disorders,0,1,1,
206656,Non-dystrophic myopathy,Group of disorders,0,0,0,
206659,OBSOLETE: Non-dystrophic myopathy with collagen 6 anomaly,Group of disorders,0,0,0,
206662,Inclusion myopathy,Group of disorders,0,0,0,
206701,Bulbospinal muscular atrophy,Group of disorders,0,0,0,
206704,Bulbospinal muscular atrophy of childhood,Group of disorders,0,0,0,
206707,Bulbospinal muscular atrophy of adult,Group of disorders,0,0,0,
206710,Generalized bulbospinal muscular atrophy,Group of disorders,0,0,0,
206713,OBSOLETE: Distal spinal muscular atrophy,Group of disorders,0,0,0,
206953,Muscular lipidosis,Group of disorders,0,0,0,
206959,Muscular glycogenosis,Group of disorders,0,0,0,
206966,Mitochondrial myopathy,Group of disorders,0,0,0,
206970,Myotonic syndrome,Group of disorders,0,0,0,
206973,Congenital myotonia,Group of disorders,0,0,0,1.0
206976,Periodic paralysis,Group of disorders,0,0,0,
206979,OBSOLETE: Granulomatous myositis,Group of disorders,0,0,0,
206982,Muscular tumor,Group of disorders,0,0,0,
206985,OBSOLETE: Drug and/or toxic myopathy,Group of disorders,0,0,0,
206988,"Infectious, fungal or parasitic myopathy",Group of disorders,0,0,0,
206991,Viral myositis,Disorder,0,1,1,
206994,Bacterial myositis,Disorder,0,1,1,
206997,Parasitic myositis,Group of disorders,0,1,1,
207000,Fungal myositis,Disorder,0,1,1,
207003,OBSOLETE: Endocrine myopathy,Group of disorders,0,0,0,
207006,OBSOLETE: Acquired amyloid myopathy,Group of disorders,0,0,0,
207009,OBSOLETE: Acquired rod-body myopathy,Group of disorders,0,0,0,
207012,Spinal muscular atrophy associated with central nervous system anomaly,Group of disorders,0,0,0,
207015,Rare hereditary disease with peripheral neuropathy,Group of disorders,0,0,0,
207018,Rare hereditary metabolic disease with peripheral neuropathy,Group of disorders,0,0,0,
207021,Rare hereditary systemic disease with peripheral neuropathy,Group of disorders,0,0,0,
207025,Rare hereditary neurologic disease with peripheral neuropathy,Group of disorders,0,0,0,
207028,Cerebellar ataxia with peripheral neuropathy,Group of disorders,0,0,0,
207031,OBSOLETE: Rare disease with corpus callosum agenesis associated with peripheral neuropathy,Group of disorders,0,0,0,
207038,Acute and subacute inflammatory demyelinating polyneuropathy,Group of disorders,0,0,0,
207046,Malignant lymphoma with peripheral neuropathy,Group of disorders,0,0,0,
207049,Qualitative or quantitative protein defects in neuromuscular diseases,Group of disorders,0,0,0,
207052,Qualitative or quantitative defects of sarcoglycan,Group of disorders,0,0,0,
207060,Qualitative or quantitative defects of alpha-sarcoglycan,Group of disorders,0,0,0,
207063,Qualitative or quantitative defects of beta-sarcoglycan,Group of disorders,0,0,0,
207067,Qualitative or quantitative defects of gamma-sarcoglycan,Group of disorders,0,0,0,
207070,Qualitative or quantitative defects of delta-sarcoglycan,Group of disorders,0,0,0,
207073,Qualitative or quantitative defects of dysferlin,Group of disorders,0,0,0,
207078,Qualitative or quantitative defects of caveolin-3,Group of disorders,0,0,0,
207085,Qualitative or quantitative defects of dystrophin,Group of disorders,0,0,0,
207090,Qualitative or quantitative defects of collagen 6,Group of disorders,0,0,0,
207094,Laminin subunit alpha 2-related muscular dystrophy,Group of disorders,0,0,0,
207098,Qualitative or quantitative defects of integrin alpha-7,Group of disorders,0,0,0,
207101,Qualitative or quantitative defects of perlecan,Group of disorders,0,0,0,
207104,Qualitative or quantitative defects of calpain,Group of disorders,0,0,0,
207107,Qualitative or quantitative defects of TRIM32,Group of disorders,0,0,0,
207110,Qualitative or quantitative defects of myotubularin,Group of disorders,0,0,0,
207113,Qualitative or quantitative defects of protein involved in O-glycosylation of alpha-dystroglycan,Group of disorders,0,0,0,
207119,Qualitative or quantitative defects of FKRP,Group of disorders,0,0,0,
207122,Qualitative or quantitative defects of fukutin,Group of disorders,0,0,0,
208441,Bilateral parasagittal parieto-occipital polymicrogyria,Subtype of disorder,1,1,1,
208444,Bilateral frontal polymicrogyria,Subtype of disorder,0,1,1,
208447,Bilateral generalized polymicrogyria,Subtype of disorder,1,1,1,
208508,Autosomal dominant cerebellar ataxia type II,Group of disorders,0,1,1,
208513,Spinocerebellar ataxia type 29,Disorder,1,1,1,25.0
208524,Herpetiform pemphigus,Disorder,0,0,0,
208593,Genetic hypoparathyroidism,Group of disorders,0,0,0,
208596,Genetic hyperparathyroidism,Group of disorders,0,0,0,
208600,OBSOLETE: Papillary fibroelastoma of the heart,Disorder,0,0,0,
208650,NLRP3-associated autoinflammatory disease,Group of disorders,0,1,1,0.28
208974,Chronic acquired demyelinating polyneuropathy,Group of disorders,0,0,0,
208978,Chronic polyradiculoneuropathy,Group of disorders,0,0,0,
208981,OBSOLETE: Polyradiculoneuropathy associated with IgG/IgA/IgM monoclonal gammopathy without known antibodies,Disorder,0,0,0,
208984,Acquired sensory ganglionopathy,Group of disorders,0,0,0,
208989,Non-paraneoplastic sensory ganglionopathy,Disorder,0,0,0,
208994,OBSOLETE: Other ganglionopathy related to autoimmune diseases,Group of disorders,0,0,0,
208999,Paraneoplastic sensory ganglionopathy,Disorder,0,0,0,
209004,Polyneuropathy associated with IgM monoclonal gammopathy,Disorder,0,1,1,0.0
209007,Systemic inflammatory disease associated with an acquired peripheral neuropathy,Group of disorders,0,0,0,
209010,Peripheral neuropathy associated with monoclonal gammopathy,Group of disorders,0,0,0,
209013,Acquired amyloid peripheral neuropathy,Group of disorders,0,0,0,
209016,Hematological disease associated with an acquired peripheral neuropathy,Group of disorders,0,0,0,
209019,Solid tumor associated with an acquired peripheral neuropathy,Group of disorders,0,0,0,
209024,"Qualitative or quantitative defects of protein O-mannose beta1,2N-acetylglucosaminyltransferase",Group of disorders,0,0,0,
209027,Qualitative or quantitative defects of protein glycosyltransferase-like,Group of disorders,0,0,0,
209030,Qualitative or quantitative defects of protein O-mannosyltransferase 1,Group of disorders,0,0,0,
209033,Qualitative or quantitative defects of protein O-mannosyltransferase 2,Group of disorders,0,0,0,
209038,Qualitative or quantitative defects of myofibrillar proteins,Group of disorders,0,0,0,
209041,Qualitative or quantitative defects of desmin,Group of disorders,0,0,0,
209044,Qualitative or quantitative defects of alphaB-cristallin,Group of disorders,0,0,0,
209047,Qualitative or quantitative defects of filamin C,Group of disorders,0,0,0,
209050,Qualitative or quantitative defects of protein ZASP,Group of disorders,0,0,0,
209053,Qualitative or quantitative defects of titin,Group of disorders,0,0,0,
209056,Qualitative or quantitative defects of telethonin,Group of disorders,0,0,0,
209059,Qualitative or quantitative defects of alpha-actin,Group of disorders,0,0,0,
209182,Qualitative or quantitative defects of nebulin,Group of disorders,0,0,0,
209185,Qualitative or quantitative defects of beta-myosin heavy chain (MYH7),Group of disorders,0,0,0,
209188,Qualitative or quantitative defects of emerin,Group of disorders,0,0,0,
209193,Qualitative or quantitative defects of selenoprotein N1,Group of disorders,0,0,0,
209196,Qualitative or quantitative defects of plectin,Group of disorders,0,0,0,
209199,Qualitative or quantitative defects of protein SERCA1,Group of disorders,0,0,0,
209203,Qualitative or quantitative defects of glucosamine (UDP-N-acetyl)-2-epimerase/N-acetylmannosamine kinase -,Group of disorders,0,0,0,
209224,Myotilinopathy,Group of disorders,0,0,0,
209335,Autosomal dominant adult-onset proximal spinal muscular atrophy,Disorder,1,1,1,0.1
209341,DYNC1H1-related autosomal dominant childhood-onset proximal spinal muscular atrophy,Subtype of disorder,1,1,1,18.5
209370,MECP2-related severe neonatal encephalopathy,Disorder,1,1,1,15.0
209867,Autosomal dominant rhegmatogenous retinal detachment,Disorder,1,1,1,19.0
209886,OBSOLETE: Familial juvenile hyperuricemic nephropathy type 1,Disorder,0,0,0,
209893,NON RARE IN EUROPE: Congenital isolated thyroxine-binding globulin deficiency,Disorder,0,0,0,
209902,Hypercholesterolemia due to cholesterol 7alpha-hydroxylase deficiency,Disorder,1,1,1,12.0
209905,Brain-lung-thyroid syndrome,Disorder,1,1,1,50.0
209908,Isolated childhood apraxia of speech,Disorder,1,1,1,11.0
209916,Extraskeletal myxoid chondrosarcoma,Disorder,5,1,1,0.2
209919,Idiopathic copper-associated cirrhosis,Disorder,0,1,1,0.0
209932,Cone dystrophy with supernormal rod response,Disorder,1,1,1,22.5
209943,IRVAN syndrome,Disorder,0,1,1,15.0
209951,Autosomal spastic paraplegia type 18,Disorder,1,1,1,4.5
209956,Idiopathic uveal effusion syndrome,Disorder,0,1,1,0.0
209959,Phacoanaphylactic uveitis,Disorder,0,1,1,0.0
209964,Solitary rectal ulcer syndrome,Disorder,0,1,1,0.5
209967,Episodic ataxia type 6,Disorder,1,1,1,2.0
209970,Episodic ataxia type 7,Disorder,0,1,1,3.5
209973,Benign nocturnal alternating hemiplegia of childhood,Disorder,0,1,1,6.0
209978,Alternating hemiplegia,Group of disorders,0,0,0,
209981,IRIDA syndrome,Disorder,1,1,1,37.5
209989,NON RARE IN EUROPE: Non-papillary transitional cell carcinoma of the bladder,Disorder,0,0,0,
210110,Intermediate osteopetrosis,Disorder,3,1,1,0.0
210115,Sterile multifocal osteomyelitis with periostitis and pustulosis,Disorder,1,1,1,8.5
210122,Congenital alveolar capillary dysplasia,Disorder,1,1,1,13.733333333333334
210128,Urocanic aciduria,Disorder,1,1,1,2.0
210133,Leukonychia totalis-acanthosis-nigricans-like lesions-abnormal hair syndrome,Disorder,0,1,1,5.5
210136,Pulmonary fibrosis-hepatic hyperplasia-bone marrow hypoplasia syndrome,Disorder,0,1,1,2.0
210141,Inherited congenital spastic tetraplegia,Disorder,3,1,1,8.5
210144,"Lethal polymalformative syndrome, Boissel type",Disorder,1,1,1,5.0
210159,Adult hepatocellular carcinoma,Disorder,9,1,1,3.22
210163,"Congenital lethal myopathy, Compton-North type",Disorder,1,1,1,2.0
210272,Mal de débarquement,Disorder,0,1,1,0.0
210548,Macrocephaly-intellectual disability-autism syndrome,Disorder,2,1,1,20.0
210566,Myoclonic dystonia 15,Disorder,0,0,0,
210571,Dystonia 16,Disorder,1,1,1,6.0
210576,Congenital temporomandibular joint ankylosis,Disorder,0,0,0,
210581,Temporomandibular joint anomaly,Group of disorders,0,0,0,
210584,Spindle cell hemangioma,Disorder,0,1,1,0.0
210589,Rare infantile hemangioma,Group of disorders,0,0,0,
210592,OBSOLETE: Giant infantile hemangioma,Disorder,0,0,0,
211017,Spinocerebellar ataxia type 30,Disorder,1,1,1,3.0
211037,Autosomal dominant proximal spinal muscular atrophy,Group of disorders,0,1,1,
211047,Specific learning disability,Group of disorders,0,0,0,
211053,Specific language disorder,Group of disorders,0,0,0,
211062,Hereditary episodic ataxia,Group of disorders,0,0,0,0.0
211067,Episodic ataxia type 5,Disorder,1,1,1,3.5
211237,Rare vascular tumor,Group of disorders,0,0,0,
211240,Genetic vascular anomaly,Group of disorders,0,0,0,
211243,Simple vascular malformation,Group of disorders,0,0,0,
211247,Rare capillary malformation,Group of disorders,0,0,0,
211252,"Slow-flow malformation, venous type",Group of disorders,0,0,0,
211255,"Slow-flow malformation, lymphatic type",Group of disorders,0,0,0,
211266,Fast-flow vascular malformation,Group of disorders,0,0,0,
211277,Complex vascular malformation with associated anomalies,Group of disorders,0,0,0,
213500,Rare ovarian cancer,Group of disorders,0,0,0,49.0
213504,Adenocarcinoma of ovary,Disorder,1,1,1,5.982583333333333
213512,Malignant mixed Müllerian tumor of the ovary,Disorder,0,1,1,0.12
213517,OBSOLETE: Familial ovarian cancer,Group of disorders,0,0,0,
213524,Hereditary site-specific ovarian cancer syndrome,Disorder,0,0,0,
213528,Rare adenocarcinoma of the breast,Disorder,0,1,1,2.564583333333333
213531,Metaplastic carcinoma of the breast,Disorder,0,1,1,0.09579166666666666
213557,Salivary gland type cancer of the breast,Disorder,0,1,1,0.058782608695652175
213564,Rare uterine cancer,Group of disorders,0,0,0,
213569,Rare cancer of corpus uteri,Group of disorders,0,0,0,
213574,OBSOLETE: Rare variants of adenocarcinoma of the corpus uteri,Disorder,0,0,0,
213589,Malignant mixed epithelial and mesenchymal tumor of corpus uteri,Group of disorders,0,0,0,
213600,Adenosarcoma of the corpus uteri,Disorder,0,0,0,
213605,Carcinofibroma of the corpus uteri,Disorder,0,0,0,
213610,Carcinosarcoma of the corpus uteri,Disorder,0,0,0,
213615,Rhabdomyosarcoma of the corpus uteri,Disorder,0,0,0,
213620,Sarcoma of the corpus uteri,Group of disorders,0,0,0,
213625,Leiomyosarcoma of the corpus uteri,Disorder,0,0,0,
213630,Primitive neuroectodermal tumor of the corpus uteri,Disorder,0,0,0,
213711,Endometrial stromal sarcoma,Disorder,5,0,0,
213716,Squamous cell carcinoma of the corpus uteri,Disorder,0,1,1,0.07734782608695652
213721,Undifferentiated carcinoma of the corpus uteri,Disorder,0,0,0,
213726,Serous carcinoma of the corpus uteri,Disorder,1,0,0,
213731,High-grade neuroendocrine carcinoma of the corpus uteri,Disorder,0,0,0,
213736,Low-grade neuroendocrine tumor of the corpus uteri,Disorder,0,0,0,
213741,OBSOLETE: Adenoid cystic carcinoma of the corpus uteri,Disorder,0,0,0,
213746,Transitional cell carcinoma of the corpus uteri,Disorder,0,1,1,0.0
213751,Malignant germ cell tumor of the corpus uteri,Disorder,0,1,1,
213761,Rare cancer of cervix uteri,Group of disorders,0,0,0,
213767,Squamous cell carcinoma of the cervix uteri,Disorder,0,1,1,5.560458333333333
213772,Adenocarcinoma of the cervix uteri,Disorder,0,1,1,0.9173333333333334
213777,High-grade neuroendocrine carcinoma of the cervix uteri,Disorder,0,1,1,
213782,Malignant mixed epithelial and mesenchymal tumor of cervix uteri,Group of disorders,0,0,0,
213787,Carcinosarcoma of the cervix uteri,Disorder,0,1,1,0.0
213792,Adenosarcoma of the cervix uteri,Disorder,0,1,1,0.0
213797,Sarcoma of cervix uteri,Group of disorders,0,0,0,
213802,Rhabdomyosarcoma of the cervix uteri,Disorder,0,1,1,
213807,Leiomyosarcoma of the cervix uteri,Disorder,0,1,1,0.0
213812,Primitive neuroectodermal tumor of the cervix uteri,Disorder,0,1,1,0.0
213817,OBSOLETE: Papillary carcinoma of the cervix uteri,Disorder,0,0,0,
213823,Adenoid cystic carcinoma of the cervix uteri,Disorder,0,0,0,
213828,Adenoid basal carcinoma of the cervix uteri,Disorder,0,0,0,
213833,Glassy cell carcinoma of the cervix uteri,Disorder,0,0,0,
213837,Malignant germ cell tumor of the cervix uteri,Disorder,0,0,0,
216445,Prelingual non-syndromic genetic deafness,Subtype of disorder,0,0,0,
216452,Postlingual non-syndromic genetic deafness,Subtype of disorder,0,0,0,
216675,Transposition of the great arteries,Group of disorders,0,1,1,28.622222222222224
216694,Congenitally corrected transposition of the great arteries,Disorder,0,1,1,1.5
216718,Isolated congenitally uncorrected transposition of the great arteries,Subtype of disorder,4,1,1,0.0
216729,Congenitally uncorrected transposition of the great arteries with cardiac malformation,Subtype of disorder,1,1,1,0.0
216796,Osteogenesis imperfecta type 1,Subtype of disorder,5,1,1,2.58
216804,Osteogenesis imperfecta type 2,Subtype of disorder,6,1,1,0.0
216812,Osteogenesis imperfecta type 3,Subtype of disorder,13,1,1,0.445
216820,Osteogenesis imperfecta type 4,Subtype of disorder,11,1,1,0.675
216828,Osteogenesis imperfecta type 5,Subtype of disorder,1,1,1,23.5
216866,Classic pantothenate kinase-associated neurodegeneration,Subtype of disorder,1,1,1,
216873,Atypical pantothenate kinase-associated neurodegeneration,Subtype of disorder,1,1,1,
216972,"Niemann-Pick disease type C, severe perinatal form",Subtype of disorder,2,1,1,
216975,"Niemann-Pick disease type C, severe early infantile neurologic onset",Subtype of disorder,2,1,1,0.0
216978,"Niemann-Pick disease type C, late infantile neurologic onset",Subtype of disorder,2,1,1,0.0
216981,"Niemann-Pick disease type C, juvenile neurologic onset",Subtype of disorder,2,1,1,0.0
216986,"Niemann-Pick disease type C, adult neurologic onset",Subtype of disorder,2,1,1,
216989,"Autosomal dominant dystrophic epidermolysis bullosa, Pasini type",Subtype of disorder,0,0,0,
217008,Segmental venous malformation,Disorder,0,1,1,20.0
217012,Spinocerebellar ataxia type 31,Disorder,1,1,1,15.0
217017,Zechi-Ceide syndrome,Disorder,0,1,1,1.5
217023,OBSOLETE: Atypical hemolytic uremic syndrome with thrombomodulin anomaly,Subtype of disorder,0,0,0,
217026,"Microcephaly-facio-cardio-skeletal syndrome, Hadziselimovic type",Disorder,0,1,1,2.5
217031,NON RARE IN EUROPE: Obesity due to MC3R deficiency,Disorder,0,0,0,
217034,Male infertility with normal virilization due to meiosis defect,Disorder,0,0,0,
217046,OBSOLETE: Autosomal recessive childhood-onset cortical cataract,Subtype of disorder,0,0,0,
217049,OBSOLETE: Rare non-syndromic cataract,Group of disorders,0,0,0,
217052,OBSOLETE: Infantile non-syndromic cataract,Disorder,0,0,0,
217055,Autosomal recessive intermediate Charcot-Marie-Tooth disease type A,Disorder,1,1,1,4.0
217059,Isolated nail clubbing,Disorder,1,1,1,0.0
217064,"5-fluorouracil poisoning",Disorder,0,1,1,2.0
217067,Pouchitis,Disorder,0,1,1,22.0
217071,Renal cell carcinoma,Group of disorders,0,1,1,25.175
217074,Rare carcinoma of pancreas,Group of disorders,0,1,1,8.598
217080,Pulmonary fungal infections in patients deemed at risk,Disorder,0,1,1,22.0
217085,"Mucopolysaccharidosis type 2, severe form",Subtype of disorder,1,1,1,0.2
217093,"Mucopolysaccharidosis type 2, attenuated form",Subtype of disorder,1,1,1,0.0
217253,NMDA receptor encephalitis,Disorder,0,1,1,0.0
217260,Progressive multifocal leukoencephalopathy,Disorder,0,1,1,0.05933333333333333
217266,BNAR syndrome,Disorder,1,1,1,4.5
217315,Cutis verticis gyrata-retinitis pigmentosa-sensorineural deafness syndrome,Disorder,0,0,0,
217330,REN-related autosomal dominant tubulointerstitial kidney disease,Subtype of disorder,1,1,1,17.5
217335,RIN2 syndrome,Disorder,1,1,1,5.0
217340,"17q21.31 microduplication syndrome",Disorder,0,1,1,0.0
217346,"19q13.11 microdeletion syndrome",Disorder,0,1,1,6.0
217371,Acute infantile liver failure due to synthesis defect of mtDNA-encoded proteins,Disorder,1,1,1,16.0
217377,Microduplication Xp11.22p11.23 syndrome,Disorder,1,1,1,6.0
217382,Neurodegenerative syndrome due to cerebral folate transport deficiency,Disorder,1,1,1,1.5
217385,"17p13.3 microduplication syndrome",Disorder,2,1,1,25.0
217390,Combined immunodeficiency due to DOCK8 deficiency,Disorder,1,1,1,5.5
217396,Progressive polyneuropathy with bilateral striatal necrosis,Disorder,1,1,1,2.0
217399,Congenital insensitivity to pain-hyperhidrosis-absence of cutaneous sensory innervation,Disorder,0,1,1,1.0
217407,Hereditary hypotrichosis with recurrent skin vesicles,Disorder,1,1,1,2.0
217410,OBSOLETE: Circumscribed lymphatic malformation,Subtype of disorder,0,0,0,
217454,Rare hereditary thrombophilia,Group of disorders,0,0,0,
217467,Hereditary thrombophilia due to congenital histidine-rich (poly-L) glycoprotein deficiency,Disorder,1,1,1,
217557,Pulmonary interstitial glycogenosis,Disorder,0,1,1,0.0
217560,Neuroendocrine cell hyperplasia of infancy,Disorder,0,1,1,0.0
217563,Neonatal acute respiratory distress syndrome,Disorder,2,1,1,0.0335
217566,Chronic respiratory distress with surfactant metabolism deficiency,Disorder,1,1,1,
217569,Rare hypertrophic cardiomyopathy,Group of disorders,0,0,0,
217572,Glycogen storage disease with hypertrophic cardiomyopathy,Group of disorders,0,0,0,
217581,Lysosomal disease with hypertrophic cardiomyopathy,Group of disorders,0,0,0,
217587,Mitochondrial disease with hypertrophic cardiomyopathy,Group of disorders,0,0,0,
217591,Fatty acid oxidation and ketogenesis disorder with hypertrophic cardiomyopathy,Group of disorders,0,0,0,
217595,Syndrome associated with hypertrophic cardiomyopathy,Group of disorders,0,0,0,
217598,Non-familial hypertrophic cardiomyopathy,Group of disorders,0,0,0,
217601,OBSOLETE: Hypertrophic cardiomyopathy due to intensive athletic training,Disorder,0,0,0,
217604,Dilated cardiomyopathy,Group of disorders,0,1,1,
217607,Familial dilated cardiomyopathy,Group of disorders,0,0,0,
217610,Neuromuscular disease with dilated cardiomyopathy,Group of disorders,0,0,0,
217613,Mitochondrial disease with dilated cardiomyopathy,Group of disorders,0,0,0,
217616,Fatty acid oxidation and ketogenesis disorder with dilated cardiomyopathy,Group of disorders,0,0,0,
217619,Syndrome associated with dilated cardiomyopathy,Group of disorders,0,0,0,
217622,Sensorineural deafness with dilated cardiomyopathy,Disorder,1,1,1,1.0
217629,Non-familial dilated cardiomyopathy,Group of disorders,0,0,0,
217632,Restrictive cardiomyopathy,Group of disorders,0,0,0,
217635,Familial restrictive cardiomyopathy,Group of disorders,0,0,0,
217638,Lysosomal disease with restrictive cardiomyopathy,Group of disorders,0,0,0,
217656,Inherited isolated arrhythmogenic cardiomyopathy,Disorder,0,1,1,0.0
217678,Unclassified cardiomyopathy,Group of disorders,0,0,0,
217720,Non-familial restrictive cardiomyopathy,Group of disorders,0,0,0,
218432,OBSOLETE: Familial restrictive cardiomyopathy type 3,Subtype of disorder,0,0,0,
218436,Rare cardiac rhythm disease,Group of disorders,0,0,0,
218439,Non-genetic cardiac rhythm disease,Group of disorders,0,0,0,
220295,Xeroderma pigmentosum-Cockayne syndrome complex,Disorder,4,1,1,15.0
220386,Semilobar holoprosencephaly,Subtype of disorder,18,1,1,0.0
220393,Diffuse cutaneous systemic sclerosis,Subtype of disorder,5,1,1,2.65
220402,Limited cutaneous systemic sclerosis,Subtype of disorder,6,1,1,
220407,Limited systemic sclerosis,Subtype of disorder,1,1,1,100.0
220436,Quebec platelet disorder,Disorder,1,1,1,0.3
220443,Bleeding diathesis due to thromboxane synthesis deficiency,Disorder,1,0,0,
220448,Macrothrombocytopenia with mitral valve insufficiency,Disorder,0,1,1,1.0
220452,Isolated hereditary giant platelet disorder,Group of disorders,0,0,0,
220460,Attenuated familial adenomatous polyposis,Disorder,1,1,1,
220465,Laron syndrome with immunodeficiency,Disorder,1,1,1,5.0
220489,Rare hereditary hemochromatosis,Group of disorders,0,1,1,0.0
220493,Joubert syndrome with ocular defect,Disorder,5,1,1,0.0
220497,Joubert syndrome with renal defect,Disorder,3,1,1,0.0
221008,Rothmund-Thomson syndrome type 1,Subtype of disorder,1,1,1,50.0
221016,Rothmund-Thomson syndrome type 2,Subtype of disorder,1,1,1,100.0
221039,"Hereditary sclerosing poikiloderma, Weary type",Disorder,0,1,1,4.5
221043,Hereditary fibrosing poikiloderma-tendon contractures-myopathy-pulmonary fibrosis syndrome,Disorder,1,1,1,7.5
221046,Poikiloderma with neutropenia,Disorder,1,1,1,25.0
221054,Acrocephalopolydactyly,Disorder,0,1,1,4.0
221061,Familial cerebral cavernous malformation,Disorder,4,1,1,15.0
221074,Marchiafava-Bignami disease,Disorder,0,1,1,125.0
221078,Combined hyperactive dysfunction syndrome of the cranial nerves,Disorder,0,0,0,
221083,Hemifacial spasm,Disorder,0,1,1,10.95
221091,Trigeminal neuralgia,Disorder,0,1,1,4.1000000000000005
221098,Glossopharyngeal neuralgia,Disorder,0,1,1,0.35
221106,OBSOLETE: Isolated facial myokymia,Disorder,0,0,0,
221109,Cranial neuralgia,Group of disorders,0,0,0,
221114,Acquired peripheral movement disorder,Group of disorders,0,0,0,
221117,Gerstmann syndrome,Disorder,0,0,0,
221120,Pseudoaminopterin syndrome,Disorder,0,1,1,5.5
221126,Fowler vasculopathy,Disorder,1,1,1,22.0
221139,Combined immunodeficiency with facio-oculo-skeletal anomalies,Disorder,2,1,1,1.0
221142,Confetti-like macular atrophy,Disorder,0,1,1,1.0
221145,"Cutis laxa with severe pulmonary, gastrointestinal and urinary anomalies",Disorder,1,1,1,10.5
221150,OBSOLETE: Pitt-Hopkins-like syndrome,Disorder,0,0,0,
222628,Hereditary poikiloderma,Group of disorders,0,0,0,
223713,Mitochondrial oxidative phosphorylation disorder,Group of disorders,0,0,0,
223727,Bone sarcoma,Group of disorders,0,0,0,5.045
223735,Lymphoma,Group of disorders,0,0,0,
225123,TFR2-related hemochromatosis,Disorder,1,1,1,16.5
225147,Sporadic infantile bilateral striatal necrosis,Disorder,0,1,1,0.0
225154,Familial infantile bilateral striatal necrosis,Disorder,4,1,1,0.0
225681,Lysosomal disease with epilepsy,Group of disorders,0,0,0,
225686,Peroxisomal disease with epilepsy,Group of disorders,0,0,0,
225689,Amino acid or protein metabolism disease with epilepsy,Group of disorders,0,0,0,
225692,Metal transport or utilization disorder with epilepsy,Group of disorders,0,0,0,
225696,Energy metabolism disorder with epilepsy,Group of disorders,0,0,0,
225700,Mitochondrial disease with epilepsy,Group of disorders,0,0,0,
225703,Mitochondrial disease with peripheral neuropathy,Group of disorders,0,0,0,
225707,Metabolic neurotransmission anomaly with epilepsy,Group of disorders,0,0,0,
225710,Sterol metabolism disorder with epilepsy,Group of disorders,0,0,0,
225713,Other metabolic disease with epilepsy,Group of disorders,0,0,0,
225968,OBSOLETE: Inherited predisposition to essential thrombocythemia,Disorder,0,0,0,
226292,Permanent congenital hypothyroidism,Group of disorders,0,1,1,16.65
226295,Primary congenital hypothyroidism,Group of disorders,0,0,0,43.04
226298,Central congenital hypothyroidism,Group of disorders,0,0,0,0.0
226307,Hypothyroidism due to deficient transcription factors involved in pituitary development or function,Disorder,5,1,1,0.0
226310,OBSOLETE: Peripheral hypothyroidism,Group of disorders,0,0,0,
226313,Congenital hypothyroidism due to maternal intake of antithyroid drugs,Disorder,0,1,1,
226316,Genetic transient congenital hypothyroidism,Disorder,1,1,1,
227510,"Multiple system atrophy, cerebellar type",Subtype of disorder,1,1,1,0.0
227535,Hereditary breast cancer,Disorder,10,1,1,
227786,OBSOLETE: Familial flecked retinopathy,Group of disorders,0,0,0,
227796,Fundus albipunctatus,Disorder,3,1,1,0.0
227972,Toxic oil syndrome,Disorder,0,1,1,10000.0
227976,"Autosomal recessive optic atrophy, OPA7 type",Disorder,1,1,1,8.5
227982,Autoimmune polyendocrinopathy type 3,Disorder,0,1,1,
227990,Autoimmune polyendocrinopathy type 4,Disorder,0,1,1,
228000,Idiopathic CD4 lymphocytopenia,Disorder,1,1,1,0.0
228003,Severe combined immunodeficiency due to CORO1A deficiency,Disorder,1,1,1,4.5
228012,Progressive sensorineural hearing loss-hypertrophic cardiomyopathy syndrome,Disorder,1,1,1,2.0
228113,Anal fistula,Disorder,0,1,1,18.15
228116,Hughes-Stovin syndrome,Disorder,0,1,1,15.0
228119,Fusariosis,Disorder,0,1,1,0.0
228123,Coccidioidomycosis,Disorder,0,1,1,0.0
228140,Idiopathic ventricular fibrillation,Disorder,2,1,1,0.0
228145,Multiple sclerosis variant,Group of disorders,0,0,0,
228157,Marburg acute multiple sclerosis,Disorder,0,1,1,0.0
228165,Baló concentric sclerosis,Disorder,0,1,1,0.0
228169,Autosomal dominant striatal neurodegeneration,Disorder,1,1,1,5.5
228174,Autosomal dominant Charcot-Marie-Tooth disease type 2N,Disorder,1,1,1,14.0
228179,Autosomal dominant Charcot-Marie-Tooth disease type 2M,Disorder,1,1,1,10.0
228184,Heart-hand syndrome,Group of disorders,0,0,0,
228190,Patent ductus arteriosus-bicuspid aortic valve-hand anomalies syndrome,Disorder,0,1,1,3.5
228215,Genetic dermis elastic tissue disorder,Group of disorders,0,0,0,
228218,Acquired dermis elastic tissue disorder,Group of disorders,0,0,0,
228221,Acquired dermis elastic tissue disorder with decreased elastic tissue,Group of disorders,0,0,0,
228224,Acquired dermis elastic tissue disorder with increased elastic tissue,Group of disorders,0,0,0,
228227,Late-onset focal dermal elastosis,Disorder,0,1,1,2.5
228236,Linear focal elastosis,Disorder,0,1,1,15.0
228240,Elastoderma,Disorder,0,1,1,2.5
228243,Elastofibroma dorsi,Disorder,0,1,1,
228247,Acquired pseudoxanthoma elasticum,Disorder,0,1,1,10.0
228254,Elastoma,Disorder,0,1,1,0.0
228264,Papular elastorrhexis,Disorder,0,1,1,0.0
228272,Primary anetoderma,Disorder,0,1,1,0.0
228277,Familial anetoderma,Disorder,0,1,1,6.0
228285,Acquired cutis laxa,Disorder,0,1,1,0.0
228290,White fibrous papulosis of the neck,Disorder,0,1,1,0.0
228293,Pseudoxanthoma elasticum-like papillary dermal elastolysis,Disorder,0,1,1,0.0
228299,Mid-dermal elastolysis,Disorder,0,1,1,0.0
228302,"Carnitine palmitoyl transferase II deficiency, myopathic form",Subtype of disorder,1,1,1,150.0
228305,"Carnitine palmitoyl transferase II deficiency, severe infantile form",Subtype of disorder,1,1,1,15.0
228308,"Carnitine palmitoyl transferase II deficiency, neonatal form",Subtype of disorder,1,1,1,10.0
228312,"Autoimmune hemolytic anemia, cold type",Group of disorders,0,1,1,0.0
228315,OBSOLETE: Idiopathic hypersomnia with long sleep time,Subtype of disorder,0,0,0,
228318,OBSOLETE: Idiopathic hypersomnia without long sleep time,Subtype of disorder,0,0,0,
228329,CLN1 disease,Disorder,0,1,1,100.0
228337,CLN10 disease,Disorder,0,1,1,5.5
228340,OBSOLETE: CLN4A disease,Subtype of disorder,0,0,0,
228343,CLN4 disease,Disorder,1,1,1,8.0
228346,CLN3 disease,Disorder,0,1,1,200.0
228349,CLN2 disease,Disorder,0,1,1,0.07
228354,CLN8 disease,Disorder,0,1,1,10.5
228357,OBSOLETE: CLN9 disease,Subtype of disorder,0,0,0,
228360,CLN5 disease,Disorder,0,1,1,42.5
228363,CLN6 disease,Disorder,0,1,1,62.5
228366,CLN7 disease,Disorder,1,1,1,35.0
228371,Foodborne botulism,Subtype of disorder,0,1,1,0.0725
228374,Charcot-Marie-Tooth disease type 2B5,Disorder,1,1,1,2.0
228379,Virus-associated trichodysplasia spinulosa,Disorder,0,1,1,3.5
228384,"5q14.3 microdeletion syndrome",Subtype of disorder,1,1,1,20.0
228387,Spondylo-megaepiphyseal-metaphyseal dysplasia,Disorder,1,1,1,9.5
228390,Frontonasal dysplasia-alopecia-genital anomalies syndrome,Disorder,1,1,1,2.5
228396,Ptosis-upper ocular movement limitation-absence of lacrimal punctum syndrome,Disorder,0,1,1,1.5
228399,"8q12 microduplication syndrome",Disorder,0,1,1,2.0
228402,"2q23.1 microdeletion syndrome",Disorder,1,1,1,9.0
228407,Craniofacial dysmorphism-skeletal anomalies-intellectual disability syndrome,Disorder,0,0,0,
228410,Cardiac anomalies-short stature-joint hypermobility-facial dysmorphism syndrome,Disorder,0,1,1,9.5
228415,"5q35 microduplication syndrome",Disorder,1,1,1,15.0
228418,OBSOLETE: Microcephaly-seizures-developmental delay syndrome,Disorder,0,0,0,
228423,GATA2 deficiency spectrum,Disorder,1,1,1,11.0
228426,Syndromic multisystem autoimmune disease due to Itch deficiency,Disorder,1,1,1,5.0
228429,Congenital generalized  lipodystrophy type 4,Subtype of disorder,1,1,1,
229717,Non-syndromic agammaglobulinemia,Disorder,0,1,1,0.3
229720,Syndromic agammaglobulinemia,Group of disorders,0,0,0,
230800,Toxin-mediated infectious botulism,Subtype of disorder,0,1,1,0.0
230839,Classical-like Ehlers-Danlos syndrome type 1,Disorder,1,1,1,8.5
230845,Vascular-like classical Ehlers-Danlos syndrome,Disorder,0,0,0,
230851,Cardiac-valvular Ehlers-Danlos syndrome,Disorder,1,1,1,3.0
230857,Ehlers-Danlos/osteogenesis imperfecta syndrome,Disorder,2,1,1,0.0
231013,Congenital trigeminal anesthesia,Disorder,0,1,1,0.0
231031,Erythema palmare hereditarium,Disorder,0,1,1,0.0
231040,Familial generalized lentiginosis,Disorder,1,1,1,0.0
231080,High-grade dysplasia in patients with Barrett esophagus,Disorder,0,1,1,36.0
231108,Rhabdoid tumor predisposition syndrome,Disorder,2,1,1,2.5
231111,Drug-induced lupus erythematosus,Disorder,0,1,1,0.0
231117,Beckwith-Wiedemann syndrome due to imprinting defect of 11p15,Subtype of disorder,3,1,1,
231120,Beckwith-Wiedemann syndrome due to CDKN1C mutation,Subtype of disorder,1,1,1,
231127,Beckwith-Wiedemann syndrome due to 11p15 microdeletion,Subtype of disorder,1,1,1,
231130,Beckwith-Wiedemann syndrome due to 11p15 translocation/inversion,Subtype of disorder,0,1,1,
231137,Silver-Russell syndrome due to 7p11.2p13 microduplication,Subtype of disorder,0,1,1,
231140,Silver-Russell syndrome due to an imprinting defect of 11p15,Subtype of disorder,2,1,1,
231144,Silver-Russell syndrome due to 11p15 microduplication,Subtype of disorder,2,1,1,
231147,Silver-Russell syndrome due to maternal uniparental disomy of chromosome 11,Subtype of disorder,0,1,1,0.0
231154,Combined immunodeficiency due to partial RAG1 deficiency,Disorder,1,1,1,4.5
231160,Familial cerebral saccular aneurysm,Disorder,5,1,1,0.0
231169,Usher syndrome type 1,Subtype of disorder,10,1,1,0.75
231178,Usher syndrome type 2,Subtype of disorder,5,1,1,1.1
231183,Usher syndrome type 3,Subtype of disorder,5,1,1,0.43333333333333335
231205,Common variable immunodeficiency without known genetic defect,Disorder,0,0,0,
231214,Beta-thalassemia major,Disorder,1,1,1,50.175
231222,Beta-thalassemia intermedia,Disorder,1,1,1,0.0
231226,Unstable beta globin chain variant disease,Disorder,1,1,1,0.0
231230,Beta-thalassemia associated with another hemoglobin anomaly,Group of disorders,0,1,1,
231237,Delta-beta-thalassemia,Disorder,3,1,1,0.0
231242,Hemoglobin C-beta-thalassemia syndrome,Disorder,1,1,1,0.0
231249,Hemoglobin E-beta-thalassemia syndrome,Disorder,1,1,1,0.0
231256,Beta-thalassemia-trichothiodystrophy syndrome,Disorder,0,0,0,
231386,Syndromic beta-thalassemia,Group of disorders,0,0,0,
231393,Beta-thalassemia-X-linked thrombocytopenia syndrome,Disorder,1,1,1,0.0
231401,Alpha-thalassemia-myelodysplastic syndrome,Disorder,1,1,1,40.0
231413,Variant of Guillain-Barré syndrome,Group of disorders,0,1,1,
231416,Regional variant of Guillain-Barré syndrome,Group of disorders,0,1,1,
231419,Functional variant of Guillain-Barré syndrome,Group of disorders,0,1,1,
231426,Pharyngeal-cervical-brachial variant of Guillain-Barré syndrome,Disorder,0,1,1,
231445,Paraparetic variant of Guillain-Barré syndrome,Disorder,0,1,1,0.0
231450,Acute pure sensory neuropathy,Disorder,0,1,1,
231457,Acute pandysautonomia,Disorder,0,1,1,
231466,Acute sensory ataxic neuropathy,Disorder,0,1,1,
231500,Hermansky-Pudlak syndrome due to BLOC-3 deficiency,Subtype of disorder,2,1,1,0.0
231512,Hermansky-Pudlak syndrome due to BLOC-2 deficiency,Subtype of disorder,3,1,1,0.0
231531,Hermansky-Pudlak syndrome due to BLOC-1 deficiency,Subtype of disorder,4,1,1,4.5
231537,Hermansky-Pudlak syndrome type 8,Subtype of disorder,0,0,0,
231556,Late-onset localized junctional epidermolysis bullosa-intellectual disability syndrome,Disorder,0,1,1,1.0
231568,Autosomal dominant generalized dystrophic epidermolysis bullosa,Disorder,1,1,1,0.0
231573,Congenital erosive and vesicular dermatosis,Disorder,0,1,1,15.5
231580,Primary unilateral adrenal hyperplasia,Disorder,0,1,1,0.0
231625,Adrenocortical carcinoma with pure aldosterone hypersecretion,Disorder,0,1,1,0.0
231632,Ectopic aldosterone-producing tumor,Disorder,0,1,1,
231637,Rare surgically correctable form of primary aldosteronism,Group of disorders,0,1,1,0.0
231641,Rare non surgically correctable form of primary aldosteronism,Group of disorders,0,1,1,
231662,Isolated growth hormone deficiency type IA,Subtype of disorder,2,1,1,
231671,Isolated growth hormone deficiency type IB,Subtype of disorder,1,1,1,
231679,Isolated growth hormone deficiency type II,Subtype of disorder,2,1,1,
231692,Isolated growth hormone deficiency type III,Subtype of disorder,0,1,1,
231720,Non-acquired combined pituitary hormone deficiency-sensorineural hearing loss-spine abnormalities syndrome,Disorder,1,1,1,6.5
231736,Microcornea-posterior megalolenticonus-persistent fetal vasculature-coloboma syndrome,Disorder,0,1,1,4.0
231742,Epibulbar lipodermoid-preauricular appendage-polythelia syndrome,Disorder,0,1,1,0.5
232035,Infectious embryofetopathy,Group of disorders,0,0,0,
232288,Syndrome with alpha-thalassemia as a major feature,Group of disorders,0,0,0,
233655,Rare genetic vascular disease,Group of disorders,0,0,0,
235832,Congenital vascular bone syndrome,Group of disorders,0,0,0,
235835,OBSOLETE: Congenital vascular bone syndrome with limb overgrowth,Group of disorders,0,0,0,
235838,OBSOLETE: Congenital vascular bone syndrome with limb shortening,Group of disorders,0,0,0,
235936,Familial hyperaldosteronism,Group of disorders,0,1,1,0.0
238269,AApoAII amyloidosis,Subtype of disorder,1,1,1,
238305,Infundibulo-neurohypophysitis,Disorder,0,0,0,
238329,Severe X-linked mitochondrial encephalomyopathy,Disorder,1,1,1,1.0
238446,"15q11q13 microduplication syndrome",Disorder,1,1,1,15.0
238455,Infantile dystonia-parkinsonism,Disorder,2,1,1,8.0
238459,SLC35A1-CDG,Disorder,1,1,1,1.5
238468,Hypohidrotic ectodermal dysplasia,Disorder,0,1,1,6.7
238475,Familial hypercholanemia,Disorder,4,1,1,11.5
238505,Combined immunodeficiency due to CD27 deficiency,Disorder,1,1,1,9.0
238510,OBSOLETE: Lymphoproliferative syndrome,Group of disorders,0,0,0,
238517,Hypotonia-cystinuria type 1 syndrome,Group of disorders,0,1,1,0.0
238523,Atypical hypotonia-cystinuria syndrome,Disorder,3,1,1,1.0
238536,Congenital secondary polycythemia,Group of disorders,0,1,1,0.0
238547,Acquired secondary polycythemia,Group of disorders,0,1,1,0.0
238557,Chuvash erythrocytosis,Disorder,1,1,1,0.0
238569,Immune dysregulation-inflammatory bowel disease-arthritis-recurrent infections syndrome,Disorder,3,1,1,40.0
238578,Familial clubfoot due to 17q23.1q23.2 microduplication,Subtype of disorder,1,1,1,2.0
238583,Hyperphenylalaninemia due to tetrahydrobiopterin deficiency,Disorder,0,1,1,0.21
238593,IgG4-related mesenteritis,Subtype of disorder,0,1,1,0.0
238606,Primary orthostatic tremor,Disorder,0,1,1,195.0
238613,OBSOLETE: Beckwith-Wiedemann syndrome due to NSD1 mutation,Subtype of disorder,0,0,0,
238616,NON RARE IN EUROPE: Alzheimer disease,Disorder,0,0,0,
238621,Ileal pouch anal anastomosis related faecal incontinence,Disorder,0,1,1,3.0
238624,Idiopathic intracranial hypertension,Disorder,0,1,1,14.0
238637,Megacystis-megaureter syndrome,Disorder,0,1,1,
238642,"Primary megaureter, adult-onset form",Subtype of disorder,0,1,1,0.0
238646,"Congenital primary megaureter, obstructed form",Subtype of disorder,0,1,1,0.0
238650,"Congenital primary megaureter, refluxing form",Subtype of disorder,0,1,1,0.0
238654,"Congenital primary megaureter, nonrefluxing and unobstructed form",Subtype of disorder,0,1,1,0.0
238666,Isolated congenital hypogonadotropic hypogonadism,Disorder,0,1,1,0.0
238670,Isolated thyrotropin-releasing hormone deficiency,Disorder,1,1,1,0.0
238688,Neonatal iodine exposure,Disorder,0,1,1,
238691,OBSOLETE: Congenital liver hemangioma,Disorder,0,0,0,
238696,Transient congenital hypothyroidism due to maternal factor,Group of disorders,0,0,0,
238699,Transient congenital hypothyroidism due to neonatal factor,Group of disorders,0,0,0,
238722,Familial congenital mirror movements,Disorder,4,1,1,37.5
238744,Mammary-digital-nail syndrome,Disorder,0,1,1,5.5
238750,"4q21 microdeletion syndrome",Disorder,0,1,1,7.0
238755,OBSOLETE: Autosomal dominant limb-girdle muscular dystrophy type 1H,Disorder,0,0,0,
238763,Glaucoma secondary to spherophakia/ectopia lentis and megalocornea,Disorder,1,1,1,6.0
238766,Ptosis-syndactyly-learning difficulties syndrome,Disorder,0,0,0,
238769,"1q44 microdeletion syndrome",Disorder,1,1,1,50.0
240071,Classic progressive supranuclear palsy syndrome,Subtype of disorder,1,1,1,0.0
240085,Progressive supranuclear palsy-predominant parkinsonism syndrome,Subtype of disorder,1,1,1,0.0
240094,Progressive supranuclear palsy-pure akinesia with gait freezing syndrome,Subtype of disorder,1,1,1,0.0
240103,Progressive supranuclear palsy-corticobasal syndrome,Subtype of disorder,1,1,1,0.6
240112,Progressive supranuclear palsy-progressive non-fluent aphasia syndrome,Subtype of disorder,1,1,1,5.0
240266,OBSOLETE: Systemic non-Langerhans cell histiocytosis,Group of disorders,0,0,0,
240371,Syndromic obesity,Group of disorders,0,0,0,
240760,Nijmegen breakage syndrome-like disorder,Disorder,2,1,1,0.5
243343,Dimethylglycine dehydrogenase deficiency,Disorder,1,1,1,0.5
243367,Acute fatty liver of pregnancy,Disorder,1,1,1,
243377,NON RARE IN EUROPE: Diabetes mellitus type 1,Disorder,0,0,0,
243761,NON RARE IN EUROPE: Essential hypertension,Disorder,0,0,0,
244242,HELLP syndrome,Disorder,4,1,1,0.0
244275,De novo thrombotic microangiopathy after kidney transplantation,Disorder,2,1,1,0.0
244283,Biliary atresia with splenic malformation syndrome,Disorder,1,1,1,0.0
244305,Dominant hypophosphatemia with nephrolithiasis or osteoporosis,Disorder,2,1,1,6.0
244310,RFT1-CDG,Disorder,1,1,1,4.0
247165,Infantile mercury poisoning,Disorder,0,1,1,0.0
247198,Progressive cerebello-cerebral atrophy,Disorder,2,1,1,3.5
247203,Collecting duct carcinoma,Disorder,0,1,1,0.0
247234,Sporadic adult-onset ataxia of unknown etiology,Disorder,0,1,1,7.633333333333333
247239,Non-hereditary degenerative ataxia,Group of disorders,0,1,1,
247242,Acquired ataxia,Group of disorders,0,0,0,
247245,Superficial siderosis,Disorder,0,1,1,150.0
247257,Inhalational anthrax,Disorder,0,1,1,0.0
247262,Hyperphosphatasia-intellectual disability syndrome,Disorder,7,1,1,12.0
247353,Generalized pustular psoriasis,Disorder,2,1,1,0.09
247378,Autosomal recessive secondary polycythemia not associated with VHL gene,Disorder,1,1,1,0.0
247511,Autosomal dominant secondary polycythemia,Disorder,6,1,1,0.0
247522,Primary ciliary dyskinesia-retinitis pigmentosa syndrome,Disorder,1,1,1,10.0
247525,Citrullinemia type I,Disorder,0,1,1,2.0300000000000002
247546,Acute neonatal citrullinemia type I,Subtype of disorder,1,1,1,
247573,Late-onset citrullinemia type I,Subtype of disorder,1,1,1,
247582,Citrin deficiency,Group of disorders,0,1,1,0.0
247585,Citrullinemia type II,Disorder,1,1,1,0.0
247598,Neonatal intrahepatic cholestasis due to citrin deficiency,Disorder,1,1,1,0.0
247604,Juvenile primary lateral sclerosis,Disorder,2,1,1,2.0
247623,Perinatal lethal hypophosphatasia,Subtype of disorder,1,1,1,0.0
247638,Prenatal benign hypophosphatasia,Subtype of disorder,1,1,1,0.0
247651,Infantile hypophosphatasia,Subtype of disorder,1,1,1,0.0
247667,Childhood-onset hypophosphatasia,Subtype of disorder,1,1,1,0.0
247676,Adult hypophosphatasia,Subtype of disorder,1,1,1,0.0
247685,Odontohypophosphatasia,Subtype of disorder,1,1,1,0.0
247691,Retinal vasculopathy with cerebral leukoencephalopathy and systemic manifestations,Disorder,1,1,1,0.0
247698,Multiple endocrine neoplasia type 2A,Subtype of disorder,1,1,1,
247709,Multiple endocrine neoplasia type 2B,Subtype of disorder,1,1,1,0.0
247718,Inflammatory myopathy with abundant macrophages,Disorder,0,1,1,
247724,Idiopathic eosinophilic myositis,Disorder,0,1,1,
247762,Lipoblastoma,Disorder,0,1,1,0.0
247765,X-linked cerebellar ataxia,Group of disorders,0,1,1,
247768,Müllerian aplasia and hyperandrogenism,Disorder,1,1,1,0.0
247775,Mayer-Rokitansky-Küster-Hauser syndrome type 1,Subtype of disorder,0,1,1,0.0
247790,FTH1-related iron overload,Disorder,1,1,1,2.0
247794,Juvenile cataract-microcornea-renal glucosuria syndrome,Disorder,1,1,1,6.0
247798,MUTYH-related polyposis,Disorder,1,1,1,
247806,OBSOLETE: APC-related attenuated familial adenomatous polyposis,Subtype of disorder,0,0,0,
247815,Autosomal recessive ataxia due to PEX10 deficiency,Disorder,1,1,1,3.0
247820,Ectodermal dysplasia-pili torti-cutaneous syndactyly syndrome,Disorder,1,1,1,11.0
247827,Ectodermal dysplasia-hyperhidrosis-cutaneous syndactyly syndrome,Disorder,0,1,1,2.0
247834,Occult macular dystrophy,Disorder,1,1,1,0.0
247839,OBSOLETE: Oligoarticular juvenile idiopathic arthritis with anti-nuclear antibodies,Subtype of disorder,0,0,0,
247846,OBSOLETE: Oligoarticular juvenile idiopathic arthritis without anti-nuclear antibodies,Subtype of disorder,0,0,0,
247854,OBSOLETE: Rheumatoid factor-negative juvenile idiopathic arthritis with anti-nuclear antibodies,Subtype of disorder,0,0,0,
247861,OBSOLETE: Rheumatoid factor-negative juvenile idiopathic arthritis without anti-nuclear antibodies,Subtype of disorder,0,0,0,
247868,NLRP12-associated hereditary periodic fever syndrome,Disorder,1,1,1,9.5
247871,OBSOLETE: Vitiligo-associated autoimmune disease,Disorder,0,0,0,
248095,Primary hypertrophic osteoarthropathy,Group of disorders,0,1,1,0.0
248111,Juvenile Huntington disease,Disorder,1,1,1,0.32
248293,Rare deficiency anemia,Group of disorders,0,0,0,
248296,Constitutional deficiency anemia,Group of disorders,0,0,0,
248302,Rare acquired deficiency anemia,Group of disorders,0,0,0,
248305,OBSOLETE: Hemolytic anemia due to glyceraldehyde-3-phosphate dehydrogenase deficiency,Disorder,0,0,0,
248308,Rare hemorrhagic disorder,Group of disorders,0,0,0,
248315,Rare hemorrhagic disorder due to a coagulation factors defect,Group of disorders,0,0,0,
248326,Rare hemorrhagic disorder due to a platelet anomaly,Group of disorders,0,0,0,
248340,Isolated delta-storage pool disease,Disorder,1,1,1,
248347,Rare hemorrhagic disorder due to an acquired platelet anomaly,Group of disorders,0,0,0,
248358,Rare thrombotic disorder due to a coagulation factors defect,Group of disorders,0,0,0,
248361,Rare thrombotic disorder due to a constitutional coagulation factors defect,Group of disorders,0,0,0,
248365,Rare thrombotic disorder due to an acquired coagulation factors defect,Group of disorders,0,0,0,
248368,Rare thrombotic disorder due to a platelet anomaly,Group of disorders,0,0,0,
248401,Rare thrombotic disorder due to a constitutional platelet anomaly,Group of disorders,0,0,0,
248404,Rare thrombotic disorder due to an acquired platelet anomaly,Group of disorders,0,0,0,
248408,Familial hypodysfibrinogenemia,Subtype of disorder,3,1,1,
250165,Genetic polycythemia,Group of disorders,0,0,0,
250805,Serpinopathy,Group of disorders,0,0,0,
250808,Serpinopathy with toxic serpin polymerization,Group of disorders,0,0,0,
250811,Serpinopathy with loss of serpin function,Group of disorders,0,0,0,
250831,Logopenic progressive aphasia,Disorder,0,1,1,
250908,Rare neoplastic disease,Group of disorders,0,0,0,
250923,Isolated aniridia,Disorder,3,1,1,1.0174999999999998
250932,Autosomal dominant optic atrophy and peripheral neuropathy,Disorder,0,1,1,
250972,Polymicrogyria with optic nerve hypoplasia,Disorder,1,1,1,2.0
250977,AICA-ribosiduria,Disorder,1,1,1,2.0
250984,Autosomal recessive Stickler syndrome,Subtype of disorder,4,1,1,7.5
250989,"1q21.1 microdeletion syndrome",Disorder,0,1,1,0.0
250994,"1q21.1 microduplication syndrome",Disorder,0,1,1,23.0
250999,"1q41q42 microdeletion syndrome",Disorder,0,1,1,0.0
251004,Paternal uniparental disomy of chromosome 1 syndrome,Disorder,0,1,1,0.0
251009,Maternal uniparental disomy of chromosome 1 syndrome,Disorder,0,1,1,0.0
251014,"2q31.1 microdeletion syndrome",Disorder,0,1,1,0.0
251019,"2q32q33 deletion syndrome",Disorder,1,1,1,12.5
251028,SATB2-associated syndrome due to a chromosomal rearrangement,Subtype of disorder,1,1,1,10.0
251038,"3q29 microduplication syndrome",Disorder,0,1,1,0.0
251043,Ring chromosome 5 syndrome,Disorder,0,1,1,0.0
251046,"6p22 microdeletion syndrome",Disorder,0,1,1,9.5
251056,"6q25.2q25.3 microdeletion syndrome",Disorder,1,1,1,2.0
251061,"7q31 microdeletion syndrome",Disorder,1,1,1,10.0
251066,"8p11.2 deletion syndrome",Disorder,1,1,1,1.5
251071,"8p23.1 microdeletion syndrome",Disorder,1,1,1,0.0
251076,"8p23.1 duplication syndrome",Disorder,0,1,1,1.72
251262,Familial osteochondritis dissecans,Disorder,1,1,1,0.0
251274,Familial hyperaldosteronism type III,Disorder,1,1,1,3.5
251279,Microphthalmia-retinitis pigmentosa-foveoschisis-optic disc drusen syndrome,Disorder,1,1,1,4.5
251282,Autosomal dominant spastic ataxia type 1,Disorder,1,1,1,26.5
251287,Benign concentric annular macular dystrophy,Disorder,1,1,1,13.5
251290,Parietal foramina with clavicular hypoplasia,Disorder,1,1,1,4.0
251295,Pigmented paravenous retinochoroidal atrophy,Disorder,1,1,1,50.0
251304,Infantile onset panniculitis with uveitis and systemic granulomatosis,Disorder,0,1,1,2.0
251307,Idiopathic recurrent pericarditis,Disorder,0,1,1,0.0
251312,Overlapping connective tissue disease,Group of disorders,0,0,0,
251316,OBSOLETE: Unclassified overlapping connective tissue disease,Disorder,0,0,0,
251325,Drug-induced vasculitis,Disorder,0,0,0,
251328,Unclassified vasculitis,Disorder,0,1,1,
251332,Unexplained long-lasting fever/inflammatory syndrome,Disorder,0,1,1,
251347,Ataxia-telangiectasia-like disorder,Disorder,1,1,1,0.0
251355,OBSOLETE: Sickle cell disease associated with another hemoglobin anomaly,Group of disorders,0,0,0,
251359,Sickle cell-beta-thalassemia disease,Disorder,0,1,1,0.0
251365,Sickle cell S-C disease,Disorder,1,1,1,0.0
251370,Sickle cell S-D Punjab disease,Subtype of disorder,1,1,1,0.0
251375,Sickle cell S-E disease,Subtype of disorder,1,1,1,0.0
251380,Hereditary persistence of fetal hemoglobin-sickle cell disease syndrome,Disorder,5,1,1,5.3
251383,CK syndrome,Disorder,1,1,1,12.0
251393,Localized junctional epidermolysis bullosa,Disorder,2,1,1,10.0
251510,"46,XY partial gonadal dysgenesis",Disorder,11,1,1,0.0
251515,Distal arthrogryposis type 10,Disorder,0,1,1,26.5
251523,Hyperzincemia and hypercalprotectinemia,Disorder,1,1,1,9.0
251529,Toxic or drug-related embryofetopathy,Group of disorders,0,0,0,
251535,Maternal disease-related embryofetopathy,Group of disorders,0,0,0,
251558,Rare tumor of neuroepithelial tissue,Group of disorders,0,0,0,
251561,High-grade astrocytoma,Group of disorders,0,0,0,
251576,Gliosarcoma,Subtype of disorder,12,1,1,0.03
251579,Giant cell glioblastoma,Subtype of disorder,13,1,1,0.02
251582,Gliomatosis cerebri,Disorder,0,1,1,0.01
251589,Anaplastic astrocytoma,Disorder,1,1,1,0.4
251592,Low-grade astrocytoma,Group of disorders,0,0,0,
251595,Diffuse astrocytoma,Disorder,0,1,1,0.48
251598,Protoplasmic astrocytoma,Subtype of disorder,1,1,1,0.01
251601,Fibrillary astrocytoma,Subtype of disorder,1,0,0,
251604,Gemistocytic astrocytoma,Subtype of disorder,1,0,0,
251607,Pleomorphic xanthoastrocytoma,Disorder,0,1,1,0.01
251612,Pilocytic astrocytoma,Disorder,0,1,1,0.36
251615,Pilomyxoid astrocytoma,Subtype of disorder,7,1,1,
251618,Subependymal giant cell astrocytoma,Disorder,0,0,0,
251623,Pituicytoma,Disorder,0,1,1,85.5
251627,Oligodendroglioma,Disorder,2,1,1,0.25
251630,Anaplastic oligodendroglioma,Disorder,2,1,1,0.1
251633,OBSOLETE: Low-grade ependymoma,Disorder,0,0,0,
251636,Ependymoma,Disorder,1,1,1,0.08
251639,Subependymoma,Disorder,0,1,1,0.0
251643,Myxopapillary ependymoma,Disorder,0,1,1,0.0
251646,Anaplastic ependymoma,Disorder,0,1,1,0.04
251651,Oligoastrocytic tumor,Group of disorders,0,0,0,0.15
251656,Oligoastrocytoma,Disorder,1,0,0,
251663,Anaplastic oligoastrocytoma,Disorder,1,1,1,
251668,Glial tumor of neuroepithelial tissue with unknown origin,Group of disorders,0,0,0,
251671,Angiocentric glioma,Disorder,2,1,1,26.0
251674,Chordoid glioma,Disorder,0,1,1,40.0
251679,Astroblastoma,Disorder,0,1,1,0.02
251852,Embryonal tumor of neuroepithelial tissue,Group of disorders,0,0,0,0.22
251855,Anaplastic/large cell medulloblastoma,Subtype of disorder,0,1,1,
251858,Medulloblastoma with extensive nodularity,Subtype of disorder,1,1,1,
251863,Desmoplastic/nodular medulloblastoma,Subtype of disorder,1,1,1,0.01
251867,Classic medulloblastoma,Subtype of disorder,0,1,1,
251870,Central nervous system embryonal tumor,Group of disorders,0,1,1,0.07
251877,Ganglioneuroblastoma,Disorder,1,1,1,212.5
251880,Ependymoblastoma,Disorder,0,0,0,
251883,Medulloepithelioma of the central nervous system,Disorder,0,0,0,
251891,OBSOLETE: Atypical teratoid/rhabdoid tumor,Disorder,0,0,0,
251896,Choroid plexus tumor,Group of disorders,0,0,0,0.05
251899,Choroid plexus carcinoma,Disorder,1,1,1,0.12
251902,Atypical papilloma of choroid plexus,Disorder,0,0,0,
251905,Pineal tumor of neuroepithelial tissue,Group of disorders,0,0,0,
251909,Pineoblastoma,Disorder,0,1,1,0.02
251912,Pineocytoma,Disorder,0,1,1,
251915,Papillary tumor of the pineal region,Disorder,0,1,1,
251919,Pineal parenchymal tumor of intermediate differentiation,Disorder,0,0,0,
251924,Neuronal tumor,Group of disorders,0,0,0,
251927,Extraventricular neurocytoma,Disorder,0,0,0,
251931,Cerebellar liponeurocytoma,Disorder,0,1,1,
251934,Mixed neuronal-glial tumor,Group of disorders,0,0,0,
251937,Gangliocytoma,Disorder,0,1,1,0.0
251940,Desmoplastic infantile astrocytoma/ganglioglioma,Disorder,0,1,1,
251946,Dysembryoplastic neuroepithelial tumor,Disorder,0,1,1,
251949,Ganglioglioma,Disorder,0,0,0,
251957,Anaplastic ganglioglioma,Disorder,0,0,0,
251962,Papillary glioneuronal tumor,Disorder,0,0,0,
251975,Rosette-forming glioneuronal tumor,Disorder,0,0,0,
251992,Ganglioneuroma,Disorder,1,1,1,
251995,Primary germ cell tumor of central nervous system,Group of disorders,0,0,0,
252006,Yolk sac tumor of central nervous system,Subtype of disorder,0,0,0,
252015,Choriocarcinoma of the central nervous system,Disorder,0,0,0,
252018,Teratoma of the central nervous system,Subtype of disorder,0,0,0,
252021,Mixed germ cell tumor of central nervous system,Subtype of disorder,0,0,0,
252025,Tumor of meninges,Group of disorders,0,0,0,
252028,Primary melanocytic tumor of central nervous system,Group of disorders,0,0,0,0.01
252031,Diffuse leptomeningeal melanocytosis,Disorder,0,0,0,
252046,Meningeal melanocytoma,Disorder,0,0,0,
252050,Primary melanoma of the central nervous system,Disorder,0,1,1,0.007
252054,Hemangioblastoma,Disorder,0,1,1,0.14
252057,Tumor of cranial and spinal nerves,Group of disorders,0,0,0,1.89
252128,Malignant peripheral nerve sheath tumor with perineurial differentiation,Subtype of disorder,2,0,0,
252131,Benign peripheral nerve sheath tumor,Group of disorders,0,0,0,
252164,Benign schwannoma,Disorder,0,1,1,6.0
252175,Vestibular schwannoma,Subtype of disorder,0,0,0,1.0
252183,Neurofibroma,Disorder,0,1,1,
252190,Inherited nervous system cancer-predisposing syndrome,Group of disorders,0,0,0,
252202,Constitutional mismatch repair deficiency syndrome,Disorder,4,1,1,100.0
252206,Melanoma and neural system tumor syndrome,Disorder,1,1,1,24.5
252212,Malignant triton tumor,Subtype of disorder,2,1,1,85.0
254334,Autosomal recessive intermediate Charcot-Marie-Tooth disease type B,Disorder,1,1,1,0.5
254343,Autosomal recessive spastic ataxia-optic atrophy-dysarthria syndrome,Disorder,1,1,1,3.0
254346,"19p13.12 microdeletion syndrome",Disorder,0,1,1,3.0
254351,Distal 7q11.23 microdeletion syndrome,Disorder,0,1,1,20.5
254361,Plectin-related limb-girdle muscular dystrophy R17,Disorder,1,1,1,3.0
254367,Rare lichen planus,Group of disorders,0,1,1,0.0
254370,Rare cutaneous lichen planus,Group of disorders,0,0,0,
254373,Rare mucosal lichen planus,Group of disorders,0,0,0,
254379,Linear lichen planus,Disorder,0,1,1,0.0
254395,Actinic lichen planus,Disorder,0,1,1,0.0
254411,Annular atrophic lichen planus,Disorder,0,1,1,5.0
254424,Annular lichen planus,Disorder,0,1,1,0.0
254449,Atrophic lichen planus,Disorder,0,1,1,0.0
254463,Lichen planus pigmentosus,Disorder,0,1,1,0.0
254478,Lichen planus pemphigoides,Disorder,0,1,1,50.0
254492,Frontal fibrosing alopecia,Disorder,0,1,1,0.0
254504,Inhalational botulism,Subtype of disorder,0,1,1,5.0
254509,Iatrogenic botulism,Subtype of disorder,0,1,1,90.0
254516,Temple syndrome,Disorder,0,1,1,26.5
254519,Kagami-Ogata syndrome,Disorder,0,1,1,42.0
254525,Temple syndrome due to paternal 14q32.2 microdeletion,Subtype of disorder,3,1,1,4.5
254528,Kagami-Ogata syndrome due to maternal 14q32.2 microdeletion,Subtype of disorder,3,1,1,4.0
254531,Temple syndrome due to paternal 14q32.2 hypomethylation,Subtype of disorder,3,1,1,6.0
254534,Kagami-Ogata syndrome due to maternal 14q32.2 hypermethylation,Subtype of disorder,3,1,1,3.5
254685,Gestational trophoblastic disease,Group of disorders,0,0,0,
254688,Complete hydatidiform mole,Subtype of disorder,4,1,1,0.0
254693,Partial hydatidiform mole,Subtype of disorder,2,1,1,0.0
254698,Epithelioid trophoblastic tumor,Disorder,0,1,1,0.0
254704,Genetic hyperferritinemia without iron overload,Disorder,1,1,1,0.0
254707,Faisalabad histiocytosis,Disorder,0,0,0,
254712,Familial sinus histiocytosis with massive lymphadenopathy,Disorder,0,0,0,
254723,Pigmented hypertrichosis with insulin-dependent diabetes mellitus syndrome,Disorder,0,0,0,
254746,Pyruvate metabolism disorder,Group of disorders,0,0,0,
254749,Tricarboxylic acid cycle disorder,Group of disorders,0,0,0,
254758,Mitochondrial oxidative phosphorylation disorder due to mitochondrial DNA anomalies,Group of disorders,0,0,0,
254767,Mitochondrial oxidative phosphorylation disorder due to a large-scale single deletion of mitochondrial DNA,Group of disorders,0,0,0,
254776,Mitochondrial oxidative phosphorylation disorder due to a point mutation of mitochondrial DNA,Group of disorders,0,0,0,
254788,Mitochondrial DNA-related mitochondrial myopathy,Group of disorders,0,1,1,
254793,OBSOLETE: Mitochondrial oxidative phosphorylation disorder due to a duplication of mitochondrial DNA,Group of disorders,0,0,0,
254803,"Mitochondrial DNA depletion syndrome, encephalomyopathic form",Group of disorders,0,1,1,
254807,Multiple mitochondrial DNA deletion syndrome,Group of disorders,0,0,0,
254818,Ataxia neuropathy spectrum,Group of disorders,0,0,0,
254822,Mitochondrial oxidative phosphorylation disorder with no known mechanism,Group of disorders,0,0,0,
254827,Mitochondrial membrane transport disorder,Group of disorders,0,0,0,
254830,Mitochondrial substrate carrier disorder,Group of disorders,0,0,0,
254834,Mitochondrial protein import disorder,Group of disorders,0,0,0,
254837,Unspecified mitochondrial disorder,Group of disorders,0,1,1,
254843,Exercise intolerance with lactic acidosis,Group of disorders,0,0,0,
254846,Isolated oxidative phosphorylation complex disorder,Group of disorders,0,0,0,
254851,Mitochondrial DNA-related dystonia,Disorder,0,1,1,0.0
254854,Pure mitochondrial myopathy,Disorder,0,1,1,
254857,Lethal infantile mitochondrial myopathy,Disorder,1,1,1,
254864,Mitochondrial myopathy with reversible cytochrome C oxidase deficiency,Disorder,2,1,1,
254871,"Mitochondrial DNA depletion syndrome, hepatocerebral form",Group of disorders,0,1,1,
254875,"Mitochondrial DNA depletion syndrome, myopathic form",Disorder,1,1,1,22.5
254881,Spinocerebellar ataxia with epilepsy,Disorder,1,1,1,
254886,Autosomal recessive progressive external ophthalmoplegia,Disorder,4,1,1,
254892,Autosomal dominant progressive external ophthalmoplegia,Disorder,5,1,1,
254898,Deafness-encephaloneuropathy-obesity-valvulopathy syndrome,Disorder,1,1,1,1.0
254902,Renal tubulopathy-encephalopathy-liver failure syndrome,Disorder,1,1,1,
254905,Isolated cytochrome C oxidase deficiency,Disorder,14,1,1,
254913,Isolated ATP synthase deficiency,Disorder,7,1,1,
254920,Combined oxidative phosphorylation defect type 2,Disorder,1,1,1,0.5
254925,Combined oxidative phosphorylation defect type 4,Disorder,1,1,1,1.0
254930,Combined oxidative phosphorylation defect type 7,Disorder,1,1,1,3.5
255117,OBSOLETE: Autosomal dominant optic atrophy and late-onset deafness,Disorder,0,0,0,
255132,Adult-onset autosomal recessive sideroblastic anemia,Disorder,1,1,1,1.0
255138,Pyruvate dehydrogenase E1-beta deficiency,Subtype of disorder,1,1,1,0.0
255182,Pyruvate dehydrogenase E3-binding protein deficiency,Subtype of disorder,1,1,1,0.0
255199,OBSOLETE: Sporadic Leigh syndrome,Disorder,0,0,0,
255210,Mitochondrial DNA-associated Leigh syndrome,Disorder,11,1,1,0.0
255225,OBSOLETE: Maternally-inherited mitochondrial hypertrophic cardiomyopathy,Disorder,0,0,0,
255229,Navajo neurohepatopathy,Disorder,1,1,1,24.5
255235,"Mitochondrial DNA depletion syndrome, encephalomyopathic form with renal tubulopathy",Disorder,1,1,1,2.5
255241,Leigh syndrome with leukodystrophy,Disorder,0,0,0,
255249,Leigh syndrome with nephrotic syndrome,Disorder,0,0,0,
260305,Autosomal recessive sideroblastic anemia,Disorder,2,1,1,
261102,Distal 7q11.23 microduplication syndrome,Disorder,0,1,1,2.5
261112,Monosomy 9p syndrome,Disorder,0,1,1,
261120,"14q11.2 microdeletion syndrome",Disorder,0,1,1,1.5
261144,FOXG1 syndrome due to 14q12 microdeletion,Subtype of disorder,1,1,1,1.5
261183,"15q11.2 microdeletion syndrome",Disorder,3,1,1,100.0
261190,Cleft palate-congenital heart defect-intellectual disability syndrome due to 15q14 microdeletion,Subtype of disorder,1,1,1,4.5
261197,Proximal 16p11.2 microdeletion syndrome,Disorder,1,1,1,20.0
261204,"16p11.2p12.2 microduplication syndrome",Disorder,0,1,1,3.5
261211,"16p11.2p12.2 microdeletion syndrome",Disorder,0,1,1,4.0
261222,Distal 16p11.2 microdeletion syndrome,Disorder,1,1,1,0.0
261229,"14q11.2 microduplication syndrome",Disorder,2,1,1,3.5
261236,"16p13.11 microdeletion syndrome",Disorder,0,1,1,3.5
261243,"16p13.11 microduplication syndrome",Disorder,0,1,1,81.0
261250,"16q24.3 microdeletion syndrome",Disorder,1,1,1,13.5
261257,Distal 17p13.3 microdeletion syndrome,Disorder,1,1,1,8.0
261265,"17q12 microdeletion syndrome",Disorder,2,1,1,34.38666666666666
261272,"17q12 microduplication syndrome",Disorder,0,1,1,39.486666666666665
261279,"17q23.1q23.2 microdeletion syndrome",Disorder,1,1,1,3.5
261290,Trisomy 17p syndrome,Disorder,0,1,1,0.0
261295,"20p12.3 microdeletion syndrome",Disorder,1,1,1,1.5
261304,Paternal 20q13.2q13.3 microdeletion syndrome,Disorder,0,1,1,1.0
261311,"20q13.33 microdeletion syndrome",Disorder,0,1,1,0.0
261318,Trisomy 20p syndrome,Disorder,0,1,1,0.0
261323,"21q22.11q22.12 microdeletion syndrome",Disorder,1,1,1,7.0
261330,Distal 22q11.2 microdeletion syndrome,Disorder,3,1,1,0.0
261337,Distal 22q11.2 microduplication syndrome,Disorder,0,1,1,0.0
261344,Trisomy 1q syndrome,Disorder,0,1,1,9.0
261349,"2p15p16.1 microdeletion syndrome",Disorder,0,1,1,5.5
261476,Xp21 deletion syndrome,Disorder,0,1,1,50.0
261483,Xq27.3q28 duplication syndrome,Disorder,1,1,1,4.0
261494,Kleefstra syndrome,Disorder,0,1,1,57.0
261501,Atypical Norrie disease due to Xp11.3 microdeletion,Disorder,0,1,1,0.0
261512,OBSOLETE: Retinitis pigmentosa and intellectual disability due to monosomy Xp11.3,Disorder,0,0,0,
261519,Maternal uniparental disomy of chromosome X syndrome,Disorder,0,1,1,0.0
261524,Paternal uniparental disomy of chromosome X syndrome,Disorder,0,1,1,0.0
261529,Ring chromosome Y syndrome,Disorder,0,1,1,0.0
261534,"49,XXXYY syndrome",Disorder,0,1,1,1.0
261537,Mowat-Wilson syndrome due to monosomy 2q22,Subtype of disorder,1,1,1,
261552,Mowat-Wilson syndrome due to a ZEB2 point mutation,Subtype of disorder,1,1,1,
261559,OBSOLETE: Blepharophimosis-epicanthus inversus-ptosis due to 3q23 rearrangement syndrome,Subtype of disorder,0,0,0,
261572,OBSOLETE: Blepharophimosis-epicanthus inversus-ptosis due to a point mutation syndrome,Subtype of disorder,0,0,0,
261579,OBSOLETE: Blepharophimosis-epicanthus inversus-ptosis due to copy number variations,Subtype of disorder,0,0,0,
261584,"5q22 microdeletion syndrome",Disorder,1,1,1,
261600,Alagille syndrome due to 20p12 microdeletion,Subtype of disorder,1,1,1,0.0
261619,Alagille syndrome due to a JAG1 point mutation,Subtype of disorder,1,1,1,
261629,Alagille syndrome due to a NOTCH2 point mutation,Subtype of disorder,1,1,1,
261638,Okihiro syndrome due to 20q13 microdeletion,Subtype of disorder,1,1,1,0.0
261647,Okihiro syndrome due to a point mutation,Subtype of disorder,1,1,1,
261652,Kleefstra syndrome due to a point mutation,Subtype of disorder,2,1,1,11.5
261697,OBSOLETE: Anomaly of chromosome 1,Group of disorders,0,0,0,
261700,OBSOLETE: Anomaly of chromosome 2,Group of disorders,0,0,0,
261703,OBSOLETE: Anomaly of chromosome 3,Group of disorders,0,0,0,
261706,OBSOLETE: Anomaly of chromosome 4,Group of disorders,0,0,0,
261709,OBSOLETE: Anomaly of chromosome 5,Group of disorders,0,0,0,
261712,OBSOLETE: Anomaly of chromosome 6,Group of disorders,0,0,0,
261715,OBSOLETE: Anomaly of chromosome 7,Group of disorders,0,0,0,
261718,OBSOLETE: Anomaly of chromosome 8,Group of disorders,0,0,0,
261721,OBSOLETE: Anomaly of chromosome 9,Group of disorders,0,0,0,
261724,OBSOLETE: Anomaly of chromosome 10,Group of disorders,0,0,0,
261730,OBSOLETE: Anomaly of chromosome 11,Group of disorders,0,0,0,
261733,OBSOLETE: Anomaly of chromosome 12,Group of disorders,0,0,0,
261736,OBSOLETE: Anomaly of chromosome 13,Group of disorders,0,0,0,
261739,OBSOLETE: Anomaly of chromosome 14,Group of disorders,0,0,0,
261742,OBSOLETE: Anomaly of chromosome 15,Group of disorders,0,0,0,
261745,OBSOLETE: Anomaly of chromosome 16,Group of disorders,0,0,0,
261748,OBSOLETE: Anomaly of chromosome 17,Group of disorders,0,0,0,
261751,OBSOLETE: Anomaly of chromosome 18,Group of disorders,0,0,0,
261754,OBSOLETE: Anomaly of chromosome 19,Group of disorders,0,0,0,
261757,OBSOLETE: Anomaly of chromosome 20,Group of disorders,0,0,0,
261760,OBSOLETE: Anomaly of chromosome 21,Group of disorders,0,0,0,
261763,OBSOLETE: Anomaly of chromosome 22,Group of disorders,0,0,0,
261766,Partial deletion of chromosome 1 syndrome,Group of disorders,0,0,0,
261771,Partial deletion of chromosome 2 syndrome,Group of disorders,0,0,0,
261776,Partial deletion of chromosome 3 syndrome,Group of disorders,0,0,0,
261781,Partial deletion of chromosome 4 syndrome,Group of disorders,0,0,0,
261786,Partial deletion of chromosome 5 syndrome,Group of disorders,0,0,0,
261791,Partial deletion of chromosome 6 syndrome,Group of disorders,0,0,0,
261796,Partial deletion of chromosome 7 syndrome,Group of disorders,0,0,0,
261801,Partial deletion of chromosome 8 syndrome,Group of disorders,0,0,0,
261806,Partial deletion of chromosome 9 syndrome,Group of disorders,0,0,0,
261811,Partial deletion of chromosome 10 syndrome,Group of disorders,0,0,0,
261816,Partial deletion of chromosome 11 syndrome,Group of disorders,0,0,0,
261821,Partial deletion of the long arm of chromosome 12 syndrome,Group of disorders,0,0,0,
261826,Partial deletion of chromosome 16 syndrome,Group of disorders,0,0,0,
261831,Partial deletion of chromosome 17 syndrome,Group of disorders,0,0,0,
261836,Partial deletion of chromosome 18 syndrome,Group of disorders,0,0,0,
261841,Partial deletion of chromosome 19 syndrome,Group of disorders,0,0,0,
261846,Partial deletion of chromosome 20 syndrome,Group of disorders,0,0,0,
261857,Partial deletion of the short arm of chromosome 1 syndrome,Group of disorders,0,0,0,
261866,Partial deletion of the short arm of chromosome 2 syndrome,Group of disorders,0,0,0,
261875,Partial deletion of the short arm of chromosome 3 syndrome,Group of disorders,0,0,0,
261884,Partial deletion of the short arm of chromosome 4 syndrome,Group of disorders,0,0,0,
261893,Partial deletion of the short arm of chromosome 5 syndrome,Group of disorders,0,0,0,
261902,Partial deletion of the short arm of chromosome 6 syndrome,Group of disorders,0,0,0,
261911,Partial deletion of the short arm of chromosome 7 syndrome,Group of disorders,0,1,1,
261920,Partial deletion of the short arm of chromosome 8 syndrome,Group of disorders,0,0,0,
261929,Partial deletion of the short arm of chromosome 9 syndrome,Group of disorders,0,0,0,
261938,Partial deletion of the short arm of chromosome 10 syndrome,Group of disorders,0,0,0,
261947,Partial deletion of the short arm of chromosome 11 syndrome,Group of disorders,0,0,0,
261956,Partial deletion of the short arm of chromosome 16 syndrome,Group of disorders,0,0,0,
261965,Partial deletion of the short arm of chromosome 17 syndrome,Group of disorders,0,0,0,
261974,Partial deletion of the short arm of chromosome 18 syndrome,Group of disorders,0,0,0,
261983,Partial deletion of the short arm of chromosome 19 syndrome,Group of disorders,0,0,0,
261992,Partial deletion of the short arm of chromosome 20 syndrome,Group of disorders,0,0,0,
262001,Partial deletion of the long arm of chromosome 1 syndrome,Group of disorders,0,0,0,
262010,Partial deletion of the long arm of chromosome 2 syndrome,Group of disorders,0,0,0,
262019,Partial deletion of the long arm of chromosome 3 syndrome,Group of disorders,0,0,0,
262029,Partial deletion of the long arm of chromosome 4 syndrome,Group of disorders,0,0,0,
262038,Partial deletion of the long arm of chromosome 5 syndrome,Group of disorders,0,0,0,
262047,Partial deletion of the long arm of chromosome 6 syndrome,Group of disorders,0,0,0,
262056,Partial deletion of the long arm of chromosome 7 syndrome,Group of disorders,0,0,0,
262065,Partial deletion of the long arm of chromosome 8 syndrome,Group of disorders,0,0,0,
262074,Partial deletion of the long arm of chromosome 9 syndrome,Group of disorders,0,0,0,
262083,Partial deletion of the long arm of chromosome 10 syndrome,Group of disorders,0,0,0,
262092,Partial deletion of the long arm of chromosome 11 syndrome,Group of disorders,0,0,0,
262101,Partial deletion of the long arm of chromosome 13 syndrome,Group of disorders,0,0,0,
262110,Partial deletion of the long arm of chromosome 14 syndrome,Group of disorders,0,0,0,
262119,Partial deletion of the long arm of chromosome 15 syndrome,Group of disorders,0,0,0,
262128,Partial deletion of the long arm of chromosome 16 syndrome,Group of disorders,0,0,0,
262137,Partial deletion of the long arm of chromosome 17 syndrome,Group of disorders,0,0,0,
262146,Partial deletion of the long arm of chromosome 18 syndrome,Group of disorders,0,0,0,
262155,Partial deletion of the long arm of chromosome 19 syndrome,Group of disorders,0,0,0,
262164,Partial deletion of the long arm of chromosome 20 syndrome,Group of disorders,0,0,0,
262173,Partial deletion of the long arm of chromosome 21 syndrome,Group of disorders,0,0,0,
262182,Partial deletion of the long arm of chromosome 22 syndrome,Group of disorders,0,0,0,
262191,Partial duplication of chromosome 1 syndrome,Group of disorders,0,0,0,
262196,Partial duplication of chromosome 2 syndrome,Group of disorders,0,0,0,
262201,Partial duplication of chromosome 3 syndrome,Group of disorders,0,0,0,
262206,Partial duplication of chromosome 4 syndrome,Group of disorders,0,0,0,
262211,Partial duplication/triplication of chromosome 5 syndrome,Group of disorders,0,0,0,
262628,Partial duplication of chromosome 6 syndrome,Group of disorders,0,0,0,
262633,Partial duplication of chromosome 7 syndrome,Group of disorders,0,0,0,
262638,Partial duplication of chromosome 8 syndrome,Group of disorders,0,0,0,
262643,Partial duplication/triplication of chromosome 9 syndrome,Group of disorders,0,0,0,
262648,Partial duplication of chromosome 10 syndrome,Group of disorders,0,0,0,
262653,Partial duplication of chromosome 11 syndrome,Group of disorders,0,0,0,
262658,Partial duplication/triplication of the short arm of chromosome 12 syndrome,Group of disorders,0,0,0,
262672,Partial duplication of chromosome 16 syndrome,Group of disorders,0,0,0,
262677,Partial duplication of chromosome 17 syndrome,Group of disorders,0,0,0,
262682,Partial duplication/triplication of chromosome 18 syndrome,Group of disorders,0,0,0,
262687,Partial duplication of chromosome 19 syndrome,Group of disorders,0,0,0,
262692,Partial duplication of chromosome 20 syndrome,Group of disorders,0,0,0,
262698,Partial duplication of the short arm of chromosome 2 syndrome,Group of disorders,0,0,0,
262707,Partial duplication of the short arm of chromosome 3 syndrome,Group of disorders,0,0,0,
262716,Partial duplication of the short arm of chromosome 4 syndrome,Group of disorders,0,0,0,
262725,Partial duplication/triplication of the short arm of chromosome 5 syndrome,Group of disorders,0,0,0,
262740,Partial duplication of the short arm of chromosome 6 syndrome,Group of disorders,0,0,0,
262749,Partial duplication of the short arm of chromosome 7 syndrome,Group of disorders,0,0,0,
262758,Partial duplication of the short arm of chromosome 8 syndrome,Group of disorders,0,0,0,
262767,Partial duplication/triplication of the short arm of chromosome 9 syndrome,Group of disorders,0,0,0,
262776,Partial duplication of the short arm of chromosome 10 syndrome,Group of disorders,0,0,0,
262785,Partial duplication of the short arm of chromosome 11 syndrome,Group of disorders,0,0,0,
262794,Partial duplication of the short arm of chromosome 16 syndrome,Group of disorders,0,0,0,
262803,Partial duplication of the short arm of chromosome 17 syndrome,Group of disorders,0,0,0,
262812,Partial duplication/triplication of the short arm of chromosome 18 syndrome,Group of disorders,0,0,0,
262833,Partial duplication of the long arm of chromosome 1 syndrome,Group of disorders,0,0,0,
262842,Partial duplication of the long arm of chromosome 2 syndrome,Group of disorders,0,0,0,
262851,Partial duplication of the long arm of chromosome 3 syndrome,Group of disorders,0,0,0,
262860,Partial duplication of the long arm of chromosome 4 syndrome,Group of disorders,0,0,0,
262869,Partial duplication of the long arm of chromosome 5 syndrome,Group of disorders,0,0,0,
262878,Partial duplication of the long arm of chromosome 6 syndrome,Group of disorders,0,0,0,
262887,Partial duplication of the long arm of chromosome 7 syndrome,Group of disorders,0,0,0,
262896,Partial duplication of the long arm of chromosome 8 syndrome,Group of disorders,0,0,0,
262905,Partial duplication of the long arm of chromosome 9 syndrome,Group of disorders,0,0,0,
262914,Partial duplication of the long arm of chromosome 10 syndrome,Group of disorders,0,0,0,
262923,Partial duplication of the long arm of chromosome 11 syndrome,Group of disorders,0,0,0,
262932,Partial duplication of the long arm of chromosome 13 syndrome,Group of disorders,0,0,0,
262941,Partial duplication of the long arm of chromosome 14 syndrome,Group of disorders,0,0,0,25.0
262950,Partial duplication of the long arm of chromosome 15 syndrome,Group of disorders,0,0,0,
262959,Partial duplication of the long arm of chromosome 16 syndrome,Group of disorders,0,0,0,
262968,Partial duplication of the long arm of chromosome 17 syndrome,Group of disorders,0,0,0,
262977,Partial duplication of the long arm of chromosome 18 syndrome,Group of disorders,0,0,0,
262986,Partial duplication of the long arm of chromosome 19 syndrome,Group of disorders,0,0,0,
262995,Partial duplication of the long arm of chromosome 20 syndrome,Group of disorders,0,0,0,
263004,Partial duplication of the long arm of chromosome 22 syndrome,Group of disorders,0,0,0,
263019,OBSOLETE: Uniparental disomy of chromosome 1,Group of disorders,0,0,0,
263024,OBSOLETE: Uniparental disomy of chromosome 6,Group of disorders,0,0,0,
263029,OBSOLETE: Uniparental disomy of chromosome 7,Group of disorders,0,0,0,
263034,OBSOLETE: Uniparental disomy of chromosome 11,Group of disorders,0,0,0,
263044,OBSOLETE: Uniparental disomy of chromosome 13,Group of disorders,0,0,0,
263049,OBSOLETE: Uniparental disomy of chromosome 14,Group of disorders,0,0,0,
263054,OBSOLETE: Uniparental disomy of chromosome 15,Group of disorders,0,0,0,
263059,OBSOLETE: Uniparental disomy of chromosome 20,Group of disorders,0,0,0,
263064,OBSOLETE: Uniparental disomy of chromosome 21,Group of disorders,0,0,0,
263297,Glycogen storage disease with severe cardiomyopathy due to glycogenin deficiency,Disorder,1,1,1,0.5
263310,Thymoma type A,Subtype of disorder,0,1,1,0.0
263317,Thymoma type B,Subtype of disorder,0,1,1,0.0
263324,Thymoma type AB,Subtype of disorder,0,1,1,0.0
263331,Well-differentiated thymic neuroendocrine carcinoma,Subtype of disorder,0,1,1,0.0
263335,Moderately-differentiated thymic neuroendocrine carcinoma,Subtype of disorder,0,1,1,0.0
263339,Poorly differentiated thymic neuroendocrine carcinoma,Subtype of disorder,0,1,1,0.0
263347,MRCS syndrome,Disorder,1,1,1,3.5
263352,Postcardiotomy right ventricular failure,Disorder,0,1,1,0.0
263355,OBSOLETE: ATR-X-related syndrome,Group of disorders,0,0,0,
263410,Infantile spasms-psychomotor retardation-progressive brain atrophy-basal ganglia disease syndrome,Disorder,1,1,1,2.0
263413,Angiosarcoma,Disorder,0,1,1,0.006666666666666667
263417,Bartter syndrome with hypocalcemia,Subtype of disorder,0,0,0,
263425,Nevus of Ota,Disorder,0,1,1,0.0
263432,Nevus of Ito,Disorder,0,1,1,0.585
263435,Congenital smooth muscle hamartoma,Disorder,0,1,1,19.25
263440,Neuroacanthocytosis,Group of disorders,0,0,0,0.0
263455,Congenital hyperinsulinism due to HNF4A deficiency,Disorder,1,1,1,0.0
263458,Hyperinsulinism due to INSR deficiency,Disorder,1,1,1,5.0
263463,CHST3-related skeletal dysplasia,Disorder,1,1,1,1.0
263479,Fuchs heterochromic iridocyclitis,Disorder,0,1,1,0.2333333333333333
263482,"Spondyloepimetaphyseal dysplasia, Maroteaux type",Disorder,1,1,1,5.0
263487,COG5-CDG,Disorder,1,1,1,4.5
263494,DPM3-CDG,Disorder,1,1,1,0.5
263501,COG4-CDG,Disorder,1,1,1,1.0
263508,COG1-CDG,Disorder,1,1,1,1.5
263516,Progressive myoclonic epilepsy type 3,Disorder,1,1,1,4.5
263524,Acute necrotizing encephalopathy of childhood,Disorder,2,1,1,0.0
263534,Acral peeling skin syndrome,Disorder,2,1,1,20.0
263543,Generalized peeling skin syndrome,Disorder,0,1,1,0.0
263548,Peeling skin syndrome type A,Subtype of disorder,3,1,1,20.0
263553,Peeling skin syndrome type B,Subtype of disorder,1,1,1,15.0
263558,OBSOLETE: Peeling skin syndrome type C,Subtype of disorder,0,0,0,
263662,Familial multiple meningioma,Disorder,5,1,1,0.0
263665,NK-cell enteropathy,Disorder,0,1,1,4.0
263676,OBSOLETE: Hereditary epidermolysis bullosa associated with ocular features,Group of disorders,0,0,0,
263708,Complex chromosomal rearrangement syndrome,Group of disorders,0,0,0,
263711,OBSOLETE: X chromosome anomaly,Group of disorders,0,0,0,
263714,X chromosome number anomaly syndrome,Group of disorders,0,0,0,
263717,X chromosome number anomaly with female phenotype syndrome,Group of disorders,0,0,0,
263720,X chromosome number anomaly with male phenotype syndrome,Group of disorders,0,0,0,
263723,Polysomy of X chromosome syndrome,Group of disorders,0,0,0,
263726,Partial deletion of chromosome X syndrome,Group of disorders,0,0,0,
263731,Partial deletion of the short arm of the chromosome X syndrome,Group of disorders,0,0,0,
263746,Y chromosome number anomaly syndrome,Group of disorders,0,0,0,
263749,X and Y chromosomal anomaly syndrome,Group of disorders,0,0,0,
263756,Partial deletion of the long arm of chromosome X syndrome,Group of disorders,0,0,0,
263768,Partial duplication of chromosome X syndrome,Group of disorders,0,0,0,
263775,Partial duplication of the short arm of chromosome X syndrome,Group of disorders,0,0,0,
263783,Partial duplication of the long arm of chromosome X syndrome,Group of disorders,0,0,0,
263793,Uniparental disomy of chromosome X syndrome,Group of disorders,0,0,0,
263798,OBSOLETE: Y chromosomal anomaly,Group of disorders,0,0,0,
264200,"14q22q23 microdeletion syndrome",Disorder,0,1,1,2.5
264431,Partial duplication of the short arm of chromosome 1 syndrome,Group of disorders,0,0,0,
264450,Trisomy 8p syndrome,Disorder,0,1,1,0.85
264580,Glycogen storage disease due to liver phosphorylase kinase deficiency,Disorder,2,1,1,0.5
264656,Interstitial lung disease specific to childhood,Group of disorders,0,0,0,
264665,Primary interstitial lung disease specific to childhood,Group of disorders,0,0,0,
264670,Primary interstitial lung disease specific to childhood due to alveolar structure disorder,Group of disorders,0,0,0,
264675,Hereditary pulmonary alveolar proteinosis,Disorder,2,1,1,0.0
264683,Primary interstitial lung disease specific to childhood due to alveolar vascular disorder,Group of disorders,0,0,0,
264688,Congenital chylothorax,Disorder,0,1,1,2.085
264691,Isolated pulmonary capillaritis,Disorder,0,1,1,0.0
264694,Interstitial lung disease specific to infancy,Group of disorders,0,0,0,
264699,Secondary interstitial lung disease specific to childhood associated with a systemic disease,Group of disorders,0,0,0,
264704,Secondary interstitial lung disease specific to childhood associated with a connective tissue disease,Group of disorders,0,0,0,
264709,Secondary interstitial lung disease specific to childhood associated with a systemic vasculitis,Group of disorders,0,0,0,
264714,Secondary interstitial lung disease specific to childhood associated with a granulomatous disease,Group of disorders,0,0,0,
264719,Secondary interstitial lung disease specific to childhood associated with a metabolic disease,Group of disorders,0,0,0,
264724,OBSOLETE: Langerhans cell histiocytosis specific to childhood,Group of disorders,0,0,0,
264735,Interstitial lung disease specific to adulthood,Group of disorders,0,0,0,
264740,Primary interstitial lung disease specific to adulthood,Group of disorders,0,0,0,
264745,Secondary interstitial lung disease specific to adulthood associated with a systemic disease,Group of disorders,0,0,0,
264750,OBSOLETE: Langerhans cell histiocytosis specific to adulthood,Group of disorders,0,0,0,
264757,Interstitial lung disease in childhood and adulthood,Group of disorders,0,0,0,
264762,Primary interstitial lung disease in childhood and adulthood,Group of disorders,0,0,0,
264930,Primary interstitial lung disease in childhood and adulthood due to alveolar structure disorder,Group of disorders,0,0,0,
264935,Primary interstitial lung disease in childhood and adulthood due to alveolar vascular disorder,Group of disorders,0,0,0,
264944,Secondary interstitial lung disease in childhood and adulthood,Group of disorders,0,0,0,
264949,Secondary interstitial lung disease in childhood and adulthood associated with a systemic disease,Group of disorders,0,0,0,
264955,OBSOLETE: Langerhans cell histiocytosis in childhood and adulthood,Group of disorders,0,0,0,
264968,Secondary interstitial lung disease in childhood and adulthood associated with a metabolic disease,Group of disorders,0,0,0,
264973,Secondary interstitial lung disease in childhood and adulthood associated with a systemic vasculitis,Group of disorders,0,0,0,
264978,Drug or radiation exposure-related interstitial lung disease,Disorder,0,1,1,0.0
264984,Exposure-related interstitial lung disease,Group of disorders,0,0,0,
264992,Genetic interstitial lung disease,Group of disorders,0,0,0,
268114,RAS-associated autoimmune leukoproliferative disease,Disorder,2,1,1,10.0
268129,Spheroid body myopathy,Disorder,1,1,1,0.0
268139,Intraocular medulloepithelioma,Disorder,0,1,1,0.0
268145,Classic maple syrup urine disease,Subtype of disorder,3,1,1,0.0
268162,Intermediate maple syrup urine disease,Subtype of disorder,4,1,1,0.0
268173,Intermittent maple syrup urine disease,Subtype of disorder,3,1,1,0.0
268184,Thiamine-responsive maple syrup urine disease,Subtype of disorder,1,1,1,0.0
268249,Mycophenolate mofetil embryopathy,Disorder,0,1,1,12.5
268261,DYRK1A-related intellectual disability syndrome due to 21q22.13q22.2 microdeletion,Subtype of disorder,1,1,1,9.5
268316,Complication in hemodialysis,Disorder,0,1,1,6.5
268322,Hereditary thrombocytopenia with normal platelets,Disorder,0,1,1,0.0
268337,Autosomal recessive intermediate Charcot-Marie-Tooth disease,Group of disorders,0,1,1,
268357,Neural tube closure defect,Group of disorders,0,0,0,0.0
268363,Open iniencephaly,Subtype of disorder,0,1,1,0.0
268366,Closed iniencephaly,Subtype of disorder,0,1,1,0.0
268369,Open spinal dysraphism,Group of disorders,0,1,1,160.58333333333334
268377,OBSOLETE: Total spina bifida aperta,Subtype of disorder,0,0,0,
268384,OBSOLETE: Thoracolumbosacral spina bifida aperta,Subtype of disorder,0,0,0,
268388,OBSOLETE: Lumbosacral spina bifida aperta,Subtype of disorder,0,0,0,
268392,OBSOLETE: Cervical spina bifida aperta,Subtype of disorder,0,0,0,
268397,OBSOLETE: Cervicothoracic spina bifida aperta,Subtype of disorder,0,0,0,
268740,OBSOLETE: Upper thoracic spina bifida aperta,Subtype of disorder,0,0,0,
268744,Spinal dysraphism with a posterior meningocele,Group of disorders,0,1,1,16.5
268748,OBSOLETE: Total spina bifida cystica,Subtype of disorder,0,0,0,
268752,OBSOLETE: Thoracolumbosacral spina bifida cystica,Subtype of disorder,0,0,0,
268758,OBSOLETE: Lumbosacral spina bifida cystica,Subtype of disorder,0,0,0,
268762,OBSOLETE: Cervical spina bifida cystica,Subtype of disorder,0,0,0,
268766,OBSOLETE: Cervicothoracic spina bifida cystica,Subtype of disorder,0,0,0,
268770,OBSOLETE: Upper thoracic spina bifida cystica,Subtype of disorder,0,0,0,
268810,Isolated posterior meningocele,Disorder,0,1,1,0.0
268813,Myelocystocele,Group of disorders,0,1,1,0.0
268817,Cephalocele,Group of disorders,0,0,0,0.0
268820,Cranial meningocele,Disorder,0,1,1,0.0
268823,Occipital encephalocele,Subtype of disorder,1,1,1,0.0
268826,Parietal encephalocele,Subtype of disorder,0,0,0,0.0
268829,Basal encephalocele,Subtype of disorder,0,0,0,0.0
268832,OBSOLETE: Lipoma associated with neurospinal dysraphism,Group of disorders,0,0,0,
268835,Lipomyelomeningocele,Disorder,0,0,0,
268838,OBSOLETE: Leptomyelolipoma,Disorder,0,0,0,
268843,"Malformation of the neurenteric canal, spinal cord and column",Group of disorders,0,0,0,0.0
268861,Primary tethered cord syndrome,Disorder,0,1,1,0.0
268865,Neurenteric cyst,Disorder,0,1,1,0.0
268868,Isolated amyelia,Disorder,0,1,1,0.0
268871,OBSOLETE: Primary syringomyelia/hydromyelia,Disorder,0,0,0,
268874,OBSOLETE: Congenital hydromyelia,Subtype of disorder,0,0,0,
268882,Arnold-Chiari malformation type I,Disorder,1,1,1,0.0
268920,OBSOLETE: Isolated megalencephaly,Subtype of disorder,0,0,0,
268926,Midline cerebral malformation,Group of disorders,0,0,0,0.0
268936,Isolated arhinencephaly,Disorder,0,1,1,0.0
268940,Bilateral polymicrogyria,Disorder,0,1,1,0.0
268943,Unilateral polymicrogyria,Disorder,0,1,1,0.0
268947,Unilateral focal polymicrogyria,Subtype of disorder,0,1,1,0.0
268950,Cerebral cortical dysplasia,Group of disorders,0,0,0,0.0
268961,Isolated focal cortical dysplasia type I,Subtype of disorder,0,0,0,0.0
268973,Isolated focal cortical dysplasia type Ia,Subtype of disorder,1,1,1,0.0
268980,Isolated focal cortical dysplasia type Ib,Subtype of disorder,0,0,0,0.0
268987,Isolated focal cortical dysplasia type Ic,Subtype of disorder,0,0,0,0.0
268994,Isolated focal cortical dysplasia type II,Subtype of disorder,0,0,0,0.0
269001,Isolated focal cortical dysplasia type IIa,Subtype of disorder,2,1,1,0.0
269008,Isolated focal cortical dysplasia type IIb,Subtype of disorder,3,1,1,0.0
269190,Encephaloclastic disorder,Group of disorders,0,0,0,
269194,Central nervous system cystic malformation,Group of disorders,0,0,0,
269197,Glioependymal/ependymal cyst,Disorder,0,1,1,0.0
269200,OBSOLETE: Retrocerebellar cyst,Disorder,0,0,0,
269203,Isolated cerebellar vermis agenesis,Disorder,0,1,1,0.0
269206,Isolated total cerebellar vermis agenesis,Subtype of disorder,0,0,0,0.0
269209,Isolated partial cerebellar vermis agenesis,Subtype of disorder,0,0,0,0.0
269212,Isolated Dandy-Walker malformation with hydrocephalus,Subtype of disorder,2,0,0,0.0
269215,Isolated Dandy-Walker malformation without hydrocephalus,Subtype of disorder,3,1,1,0.0
269218,Isolated unilateral hemispheric cerebellar hypoplasia,Disorder,0,1,1,0.0
269221,Isolated bilateral hemispheric cerebellar hypoplasia,Disorder,0,1,1,0.0
269224,Global cerebellar malformation,Group of disorders,0,0,0,0.0
269229,Pontine tegmental cap dysplasia,Disorder,0,1,1,11.0
269505,Congenital communicating hydrocephalus,Subtype of disorder,3,1,1,0.0
269510,Congenital non-communicating hydrocephalus,Subtype of disorder,2,1,1,0.0
269523,Syndrome with a cerebellar malformation as a major feature,Group of disorders,0,0,0,
269528,Syndrome with microcephaly as a major feature,Group of disorders,0,0,0,
269531,Other syndrome with a central nervous system malformation as a major feature,Group of disorders,0,0,0,
269546,Syndrome with a Dandy-Walker malformation as a major feature,Group of disorders,0,0,0,
269550,Genetic non-syndromic central nervous system malformation,Group of disorders,0,0,0,
269553,Genetic cerebral malformation,Group of disorders,0,0,0,
269557,Genetic posterior fossa malformation,Group of disorders,0,0,0,
269560,Genetic cerebellar malformation,Group of disorders,0,0,0,
269564,Genetic syndrome with a central nervous system malformation as a major feature,Group of disorders,0,0,0,
269567,Genetic syndrome with a cerebellar malformation as a major feature,Group of disorders,0,0,0,
269570,Genetic syndrome with a Dandy-Walker malformation as a major feature,Group of disorders,0,0,0,
269573,Genetic syndrome with corpus callosum agenesis/dysgenesis as a major feature,Group of disorders,0,0,0,
271832,Genetic soft tissue tumor,Group of disorders,0,0,0,
271835,Genetic digestive tract tumor,Group of disorders,0,0,0,
271841,Genetic cardiac tumor,Group of disorders,0,0,0,
271844,Genetic urogenital tumor,Group of disorders,0,0,0,
271847,Genetic neuroendocrine tumor,Group of disorders,0,0,0,
271853,Genetic cardiac anomaly,Group of disorders,0,0,0,
271861,Hereditary ATTR amyloidosis,Disorder,0,1,1,0.8340878048780488
271870,Rare genetic systemic or rheumatologic disease,Group of disorders,0,0,0,
275517,Autoimmune lymphoproliferative syndrome-recurrent viral infections due to CASP8 deficiency,Disorder,1,1,1,0.5
275523,Dianzani autoimmune lymphoproliferative disease,Disorder,0,1,1,15.0
275534,OBSOLETE: Myostatin-related muscle hypertrophy,Disorder,0,0,0,
275543,L1 syndrome,Disorder,0,1,1,0.0
275555,Preeclampsia,Disorder,3,1,1,45.0
275729,Rare hemorrhagic disorder due to a constitutional thrombocytopenia,Group of disorders,0,0,0,
275736,Rare hemorrhagic disorder due to a qualitative platelet defect,Group of disorders,0,0,0,
275742,Genetic infertility,Group of disorders,0,0,0,
275745,Alpha-thalassemia and related disorders,Group of disorders,0,0,0,
275749,Beta-thalassemia and related disorders,Group of disorders,0,0,0,
275752,Sickle cell disease,Group of disorders,0,0,0,
275761,Lysosomal acid lipase deficiency,Disorder,0,1,1,1.135
275766,Idiopathic pulmonary arterial hypertension,Subtype of disorder,0,1,1,0.54
275777,Heritable pulmonary arterial hypertension,Subtype of disorder,11,1,1,0.32
275786,Drug- or toxin-induced pulmonary arterial hypertension,Group of disorders,1,1,1,0.0
275791,Pulmonary arterial hypertension associated with another disease,Group of disorders,0,1,1,0.0
275798,Pulmonary arterial hypertension associated with connective tissue disease,Group of disorders,1,1,1,0.3295
275803,Pulmonary arterial hypertension associated with congenital heart disease,Group of disorders,0,1,1,0.3217777777777778
275808,Pulmonary arterial hypertension associated with HIV infection,Group of disorders,0,1,1,0.0
275813,Pulmonary arterial hypertension associated with portal hypertension,Group of disorders,0,1,1,0.0
275823,Pulmonary arterial hypertension associated with schistosomiasis,Group of disorders,0,1,1,0.0
275828,Pulmonary arterial hypertension associated with chronic hemolytic anemia,Group of disorders,0,1,1,0.0
275837,Pulmonary hypertension owing to lung disease and/or hypoxia,Group of disorders,0,0,0,
275844,Pulmonary hypertension with unclear multifactorial mechanism,Group of disorders,0,0,0,
275853,Syndrome with pulmonary hypertension as a major feature,Group of disorders,0,0,0,
275864,Behavioral variant of frontotemporal dementia,Disorder,9,1,1,4.0
275872,Frontotemporal dementia with motor neuron disease,Disorder,7,1,1,0.0
275938,Hemolytic disease due to fetomaternal alloimmunization,Group of disorders,0,0,0,
275944,Hemolytic disease of the newborn with Kell alloimmunization,Disorder,0,1,1,58.0
276058,Genetic neurodegenerative disease with dementia,Group of disorders,0,0,0,
276061,Genetic frontotemporal degeneration with dementia,Group of disorders,0,0,0,
276066,Bile acid CoA ligase deficiency and defective amidation,Disorder,0,1,1,0.0
276142,Rare tumor of salivary glands,Group of disorders,0,0,0,
276145,Malignant epithelial tumor of salivary glands,Disorder,1,1,1,0.9564166666666667
276148,Benign epithelial tumor of salivary glands,Disorder,2,1,1,
276152,Multiple endocrine neoplasia type 4,Disorder,1,1,1,0.0
276161,Multiple endocrine neoplasia,Group of disorders,0,1,1,0.025
276174,Idiopathic recurrent stupor,Disorder,0,1,1,0.0
276183,Spinocerebellar ataxia type 32,Disorder,1,1,1,0.5
276193,Spinocerebellar ataxia type 35,Disorder,1,1,1,14.0
276198,Spinocerebellar ataxia type 36,Disorder,1,1,1,50.0
276212,"Mucopolysaccharidosis type 6, rapidly progressing",Subtype of disorder,1,1,1,
276223,"Mucopolysaccharidosis type 6, slowly progressing",Subtype of disorder,1,1,1,
276234,Non-syndromic male infertility due to sperm motility disorder,Disorder,25,1,1,0.0
276238,Machado-Joseph disease type 1,Subtype of disorder,1,1,1,0.0
276241,Machado-Joseph disease type 2,Subtype of disorder,1,1,1,0.0
276244,Machado-Joseph disease type 3,Subtype of disorder,1,1,1,0.0
276249,OBSOLETE: Xeroderma pigmentosum complementation group A,Subtype of disorder,0,0,0,
276252,OBSOLETE: Xeroderma pigmentosum complementation group B,Subtype of disorder,0,0,0,
276255,OBSOLETE: Xeroderma pigmentosum complementation group C,Subtype of disorder,0,0,0,
276258,OBSOLETE: Xeroderma pigmentosum complementation group D,Subtype of disorder,0,0,0,
276261,OBSOLETE: Xeroderma pigmentosum complementation group E,Subtype of disorder,0,0,0,
276264,OBSOLETE: Xeroderma pigmentosum complementation group F,Subtype of disorder,0,0,0,
276267,OBSOLETE: Xeroderma pigmentosum complementation group G,Subtype of disorder,0,0,0,
276271,NON RARE IN EUROPE: Familial dysalbuminemic hyperthyroxinemia,Disorder,0,0,0,
276280,Hemihyperplasia-multiple lipomatosis syndrome,Disorder,1,1,1,5.0
276399,Familial multinodular goiter,Disorder,2,1,1,0.0
276402,OBSOLETE: Limbic encephalitis with caspr2 antibodies,Disorder,0,0,0,
276405,Hyperbiliverdinemia,Disorder,1,1,1,1.0
276413,"10q22.3q23.3 microdeletion syndrome",Disorder,0,1,1,0.0
276422,"10q22.3q23.3 microduplication syndrome",Disorder,0,1,1,0.0
276429,Hypnic headache,Disorder,0,1,1,0.0
276432,Ogden syndrome,Disorder,1,1,1,4.0
276435,Lower motor neuron syndrome with late-adult onset,Disorder,1,1,1,27.5
276525,Familial hyperinsulinism,Group of disorders,0,0,0,
276556,Hyperinsulinism due to UCP2 deficiency,Disorder,1,1,1,1.0
276575,Autosomal dominant hyperinsulinism due to SUR1 deficiency,Disorder,1,1,1,0.0
276580,Autosomal dominant hyperinsulinism due to Kir6.2 deficiency,Disorder,1,1,1,0.0
276585,Diazoxide-resistant hyperinsulinism,Group of disorders,0,0,0,
276598,Diazoxide-resistant focal hyperinsulinism due to SUR1 deficiency,Disorder,1,1,1,0.0
276603,Diazoxide-resistant focal hyperinsulinism due to Kir6.2 deficiency,Disorder,1,1,1,0.0
276608,Non-insulinoma pancreatogenous hypoglycemia syndrome,Disorder,0,1,1,0.0
276621,Sporadic pheochromocytoma/secreting paraganglioma,Disorder,6,1,1,0.0
276624,OBSOLETE: Sporadic pheochromocytoma,Subtype of disorder,0,0,0,
276627,OBSOLETE: Sporadic secreting paraganglioma,Subtype of disorder,0,0,0,
276630,Symptomatic form of Coffin-Lowry syndrome in female carriers,Disorder,1,1,1,0.0
279882,Spasmus nutans,Disorder,0,1,1,0.0
279888,Acute endophthalmitis,Subtype of disorder,0,1,1,0.0
279891,Chronic endophthalmitis,Subtype of disorder,0,1,1,0.0
279894,Toxic maculopathy due to antimalarial drugs,Disorder,0,1,1,0.0
279897,Primary oculocerebral lymphoma,Disorder,0,1,1,0.0
279904,OBSOLETE: Primary intraocular lymphoma,Disorder,0,1,1,0.0
279911,Primary organ-specific lymphoma,Group of disorders,0,0,0,
279914,Intermediate uveitis,Disorder,0,1,1,0.0
279919,Infectious posterior uveitis,Disorder,0,1,1,11.7
279922,Infectious anterior uveitis,Disorder,0,1,1,13.85
279925,Infectious panuveitis,Disorder,0,1,1,2.2
279928,Paraneoplastic uveitis,Disorder,0,1,1,5.0
279934,"Mitochondrial DNA depletion syndrome, hepatocerebral form due to DGUOK deficiency",Disorder,1,1,1,50.0
279943,Hereditary neutrophilia,Disorder,1,1,1,8.0
279947,Postorgasmic illness syndrome,Disorder,0,1,1,22.5
280062,Calciphylaxis,Disorder,0,1,1,0.0
280065,Calciphylaxis cutis,Subtype of disorder,0,0,0,
280068,Visceral calciphylaxis,Subtype of disorder,0,0,0,
280071,ALG11-CDG,Disorder,1,1,1,4.0
280110,NON RARE IN EUROPE: Paget disease of bone,Disorder,0,0,0,
280133,Complement component 3 deficiency,Disorder,1,1,1,13.5
280142,Combined immunodeficiency due to LCK deficiency,Disorder,1,1,1,2.0
280183,Methylmalonic aciduria due to transcobalamin receptor defect,Disorder,1,1,1,2.5
280195,Septopreoptic holoprosencephaly,Subtype of disorder,15,1,1,0.0
280200,Microform holoprosencephaly,Disorder,16,1,1,0.0
280205,Laryngotracheoesophageal cleft type 0,Subtype of disorder,0,0,0,0.0
280210,"Pelizaeus-Merzbacher disease, connatal form",Subtype of disorder,1,1,1,0.03
280219,"Pelizaeus-Merzbacher disease, classic form",Subtype of disorder,1,1,1,0.17
280224,"Pelizaeus-Merzbacher disease, transitional form",Subtype of disorder,1,1,1,0.03
280229,Pelizaeus-Merzbacher disease in female carriers,Subtype of disorder,1,1,1,0.0
280234,Null syndrome,Subtype of disorder,1,1,1,0.0
280270,Pelizaeus-Merzbacher-like disease,Disorder,1,1,1,0.0
280282,Pelizaeus-Merzbacher-like disease due to GJC2 mutation,Subtype of disorder,1,1,1,0.0
280288,Pelizaeus-Merzbacher-like disease due to HSPD1 mutation,Subtype of disorder,1,1,1,0.0
280293,Pelizaeus-Merzbacher-like disease due to AIMP1 mutation,Subtype of disorder,1,1,1,0.0
280302,Autoimmune pancreatitis type 1,Subtype of disorder,0,1,1,0.0
280315,Autoimmune pancreatitis type 2,Disorder,0,1,1,0.5
280325,Distal deletion 12p syndrome,Disorder,1,1,1,4.0
280333,Alpha-dystroglycan-related limb-girdle muscular dystrophy R16,Disorder,1,1,1,0.5
280342,Rare systemic or rheumatological disease of childhood,Group of disorders,0,0,0,
280356,PLIN1-related familial partial lipodystrophy,Disorder,1,1,1,1.5
280365,Autosomal semi-dominant severe lipodystrophic laminopathy,Disorder,1,1,1,3.5
280369,Rare pediatric vasculitis,Group of disorders,0,0,0,
280373,Rare pediatric systemic disease,Group of disorders,0,0,0,
280379,Erythropoietic uroporphyria associated with myeloid malignancy,Disorder,0,1,1,0.0
280384,Recessive intellectual disability-motor dysfunction-multiple joint contractures syndrome,Disorder,1,1,1,6.0
280397,Familial Alzheimer-like prion disease,Disorder,1,1,1,1.0
280400,Inherited human prion disease,Group of disorders,0,0,0,
280403,Familial omphalocele syndrome with facial dysmorphism,Disorder,0,1,1,2.5
280406,Familial steroid-resistant nephrotic syndrome with sensorineural deafness,Disorder,1,1,1,6.5
280553,Fatal infantile hypertonic myofibrillar myopathy,Disorder,1,1,1,5.5
280558,Warsaw breakage syndrome,Disorder,1,1,1,2.0
280569,OBSOLETE: Rapidly progressive glomerulonephritis,Disorder,0,0,0,
280576,Nestor-Guillermo progeria syndrome,Disorder,1,1,1,1.0
280586,"Chondrodysplasia with joint dislocations, gPAPP type",Disorder,1,1,1,2.0
280598,Hereditary sensorimotor neuropathy with hyperelastic skin,Disorder,1,1,1,2.0
280615,Low oxygen affinity gamma chain hemoglobin disease,Subtype of disorder,1,1,1,5.0
280620,Progressive myoclonic epilepsy type 6,Disorder,1,1,1,6.0
280628,Familial progressive hyper- and hypopigmentation,Disorder,1,1,1,1.5
280633,Multiple congenital anomalies-hypotonia-seizures syndrome,Disorder,1,1,1,7.5
280640,Occipital pachygyria and polymicrogyria,Disorder,1,1,1,1.5
280651,OBSOLETE: Acrodysostosis with multiple hormone resistance,Disorder,0,0,0,
280654,Autosomal recessive nail dysplasia,Disorder,1,1,1,2.0
280663,Hermansky-Pudlak syndrome type 9,Subtype of disorder,0,0,0,
280671,Megaconial congenital muscular dystrophy,Disorder,1,1,1,9.5
280679,Moyamoya angiopathy-short stature-facial dysmorphism-hypergonadotropic hypogonadism syndrome,Disorder,1,1,1,4.5
280763,Severe intellectual disability and progressive spastic paraplegia,Disorder,4,1,1,7.5
280774,Generalized essential telangiectasia,Disorder,0,1,1,0.0
280779,Cutaneous collagenous vasculopathy,Disorder,0,1,1,10.0
280785,Bullous diffuse cutaneous mastocytosis,Subtype of disorder,1,1,1,20.0
280794,Pseudoxanthomatous diffuse cutaneous mastocytosis,Subtype of disorder,1,1,1,5.0
280802,Intralobar congenital pulmonary sequestration,Subtype of disorder,0,0,0,
280811,Extralobar congenital pulmonary sequestration,Subtype of disorder,0,0,0,
280821,Communicating congenital bronchopulmonary-foregut malformation,Subtype of disorder,0,0,0,
280827,Congenital pulmonary airway malformation type 0,Subtype of disorder,0,1,1,
280832,Congenital pulmonary airway malformation type 1,Subtype of disorder,0,1,1,
280840,Congenital pulmonary airway malformation type 2,Subtype of disorder,0,1,1,
280847,Congenital pulmonary airway malformation type 3,Subtype of disorder,0,1,1,
280854,Congenital pulmonary airway malformation type 4,Subtype of disorder,0,1,1,
280886,Anterior uveitis,Group of disorders,0,1,1,92.5
280892,Posterior uveitis,Group of disorders,0,1,1,0.0
280898,Panuveitis,Group of disorders,0,1,1,0.0
280914,Isolated idiopathic anterior uveitis,Disorder,0,0,0,
280917,Idiopathic posterior uveitis,Disorder,0,0,0,
280921,Idiopathic panuveitis,Disorder,0,1,1,5.531125
280926,Systemic diseases with anterior uveitis,Group of disorders,0,1,1,
280930,Systemic diseases with posterior uveitis,Group of disorders,0,0,0,
280933,Systemic diseases with panuveitis,Group of disorders,0,0,0,
281082,Inherited non-syndromic ichthyosis,Group of disorders,0,0,0,1.13
281085,Inherited ichthyosis syndromic form,Group of disorders,0,0,0,0.19
281090,Syndromic recessive X-linked ichthyosis,Disorder,1,1,1,1.3
281097,Autosomal recessive congenital ichthyosis,Group of disorders,0,1,1,0.7175
281103,Keratinopathic ichthyosis,Group of disorders,0,0,0,0.11
281122,Self-improving collodion baby,Disorder,3,1,1,12.5
281127,Acral self-healing collodion baby,Disorder,1,1,1,1.0
281139,Annular epidermolytic ichthyosis,Disorder,2,1,1,3.5
281190,Congenital reticular ichthyosiform erythroderma,Disorder,2,1,1,20.0
281201,Keratosis linearis-ichthyosis congenita-sclerosing keratoderma syndrome,Disorder,1,1,1,0.0
281210,X-linked ichthyosis syndrome,Group of disorders,0,1,1,
281217,Autosomal ichthyosis syndrome,Group of disorders,0,0,0,
281222,Autosomal ichthyosis syndrome with prominent hair abnormalities,Group of disorders,0,0,0,
281234,OBSOLETE: Congenital ichthyosis with trichothiodystrophy,Group of disorders,0,0,0,
281238,Autosomal ichthyosis syndrome with prominent neurologic signs,Group of disorders,0,0,0,
281241,Autosomal ichthyosis syndrome with fatal disease course,Group of disorders,0,0,0,
281244,Autosomal ichthyosis syndrome with other associated signs,Group of disorders,0,0,0,
282124,Partial deletion of chromosome 12 syndrome,Group of disorders,0,0,0,
282166,Inherited Creutzfeldt-Jakob disease,Disorder,1,1,1,0.0
282196,Autoimmune polyendocrinopathy,Group of disorders,0,0,0,
284130,NON RARE IN EUROPE: Rheumatoid arthritis,Disorder,0,0,0,
284139,"Larsen-like syndrome, B3GAT3 type",Disorder,1,1,1,7.0
284149,Craniosynostosis-dental anomalies,Disorder,1,1,1,0.0
284160,"8q21.11 microdeletion syndrome",Disorder,0,1,1,6.5
284169,Facial dysmorphism-developmental delay-behavioral abnormalities syndrome due to 10p11.21p12.31 microdeletion,Subtype of disorder,1,1,1,9.5
284180,Xp22.13p22.2 duplication syndrome,Disorder,0,1,1,0.0
284227,TEMPI syndrome,Disorder,0,1,1,5.0
284232,Autosomal dominant Charcot-Marie-Tooth disease type 2O,Disorder,1,1,1,0.0
284247,Familial retinal arterial macroaneurysm,Disorder,1,1,1,0.0
284264,IgG4-related disease,Group of disorders,0,1,1,0.0
284271,Autosomal recessive cerebellar ataxia-psychomotor delay syndrome,Disorder,1,1,1,0.0
284282,Autosomal recessive cerebellar ataxia-epilepsy-intellectual disability syndrome due to WWOX deficiency,Disorder,1,1,1,0.0
284289,Adult-onset autosomal recessive cerebellar ataxia,Disorder,1,1,1,7.0
284324,Childhood-onset autosomal recessive slowly progressive spinocerebellar ataxia,Disorder,1,1,1,0.0
284332,Infantile-onset autosomal recessive nonprogressive cerebellar ataxia,Disorder,0,1,1,0.0
284339,Pontocerebellar hypoplasia type 7,Disorder,2,1,1,2.0
284343,DICER1 tumor-predisposition syndrome,Disorder,1,1,1,0.007
284362,Fetal lung interstitial tumor,Subtype of disorder,0,1,1,
284385,Familial intrahepatic cholestasis,Group of disorders,0,0,0,
284388,Reversible cerebral vasoconstriction syndrome,Disorder,0,1,1,0.0
284395,Well-differentiated fetal adenocarcinoma of the lung,Disorder,0,1,1,0.0
284400,Small cell carcinoma of the bladder,Disorder,0,1,1,0.04666666666666667
284408,"OBSOLETE: Glycerol kinase deficiency, infantile form",Subtype of disorder,0,0,0,
284411,"Glycerol kinase deficiency, juvenile form",Subtype of disorder,1,1,1,
284414,"Glycerol kinase deficiency, adult form",Subtype of disorder,1,1,1,
284417,"Phosphoserine aminotransferase deficiency, infantile/juvenile form",Subtype of disorder,1,1,1,0.0
284426,Glycogen storage disease due to lactate dehydrogenase M-subunit deficiency,Subtype of disorder,1,1,1,0.0
284435,Glycogen storage disease due to lactate dehydrogenase H-subunit deficiency,Subtype of disorder,1,1,1,0.0
284448,CLIPPERS,Disorder,0,1,1,25.0
284454,Acute zonal occult outer retinopathy,Disorder,0,1,1,75.0
284460,Acute annular outer retinopathy,Disorder,0,1,1,6.0
284786,Qualitative or quantitative defects of troponin,Group of disorders,0,0,0,
284790,Qualitative or quantitative defects of tropomyosin,Group of disorders,0,0,0,
284804,Ocular albinism,Group of disorders,0,0,0,
284811,Syndromic oculocutaneous albinism,Group of disorders,0,0,0,
284814,Disorder of phenylalanine metabolism,Group of disorders,0,0,0,
284818,Disorder of tyrosine metabolism,Group of disorders,0,0,0,
284963,Marfan syndrome type 1,Subtype of disorder,1,1,1,
284973,Marfan syndrome type 2,Subtype of disorder,2,1,1,
284979,Neonatal Marfan syndrome,Disorder,1,1,1,0.0
284984,Aneurysm-osteoarthritis syndrome,Disorder,1,1,1,22.5
284993,Marfan syndrome and Marfan-related disorders,Group of disorders,0,0,0,
285014,Rare disease with thoracic aortic aneurysm and aortic dissection,Group of disorders,0,0,0,
285657,Disorder of folate metabolism and transport,Group of disorders,0,0,0,
289098,Disorders of vitamin D metabolism,Group of disorders,0,0,0,
289103,Hypocalcemic rickets,Group of disorders,0,0,0,
289157,Hypocalcemic vitamin D-dependent rickets,Disorder,2,1,1,0.0
289176,Autosomal recessive hypophosphatemic rickets,Disorder,2,1,1,0.0
289266,Early-onset epileptic encephalopathy and intellectual disability due to GRIN2A mutation,Disorder,1,1,1,0.0
289290,Hypermethioninemia encephalopathy due to adenosine kinase deficiency,Disorder,1,1,1,0.0
289307,Developmental delay due to methylmalonate semialdehyde dehydrogenase deficiency,Disorder,1,1,1,0.0
289326,Tropical spastic paraparesis,Disorder,0,1,1,0.0
289347,Infective dermatitis associated with HTLV-1,Disorder,0,1,1,0.0
289356,Primary non-gestational choriocarcinoma of ovary,Disorder,0,1,1,0.0
289362,Non-central nervous system-localized embryonal carcinoma,Subtype of disorder,0,0,0,
289365,Familial vesicoureteral reflux,Disorder,3,1,1,0.0
289377,Early-onset myopathy with fatal cardiomyopathy,Disorder,1,1,1,0.0
289380,Myosclerosis,Disorder,1,1,1,0.0
289385,Malignancy diagnosed during pregnancy,Disorder,0,1,1,0.0
289390,Primary Sjögren disease,Disorder,0,1,1,50.95614285714286
289395,NON RARE IN EUROPE: Secondary Sjögren syndrome,Disorder,0,0,0,
289465,Isolated congenital adermatoglyphia,Disorder,1,1,1,0.0
289478,PASH syndrome,Disorder,1,1,1,18.0
289483,Intellectual disability-alacrima-achalasia syndrome,Disorder,0,1,1,0.0
289494,"4H leukodystrophy",Disorder,0,1,1,100.0
289499,Congenital cataract microcornea with corneal opacity,Disorder,2,1,1,0.0
289504,Combined malonic and methylmalonic acidemia,Disorder,1,1,1,1.65
289513,"12q15q21 microdeletion syndrome",Subtype of disorder,1,1,1,3.0
289522,Microtriplication 11q24.1 syndrome,Disorder,0,1,1,1.0
289527,OBSOLETE: Fatal infantile hypertrophic cardiomyopathy due to mitochondrial complex I deficiency,Disorder,0,0,0,
289539,BAP1-related tumor predisposition syndrome,Disorder,1,1,1,0.0
289548,Inherited isolated adrenal insufficiency due to partial CYP11A1 deficiency,Disorder,1,1,1,0.0
289553,Dysmorphism-conductive hearing loss-heart defect syndrome,Disorder,0,1,1,0.0
289560,Mitochondrial membrane protein-associated neurodegeneration,Disorder,1,1,1,0.1
289573,Multiple mitochondrial dysfunctions syndrome,Group of disorders,0,1,1,
289586,Exfoliative ichthyosis,Disorder,2,1,1,0.0
289596,Juvenile nasopharyngeal angiofibroma,Disorder,0,1,1,0.3333
289601,Hereditary arterial and articular multiple calcification syndrome,Disorder,1,1,1,8.0
289635,Rare virus associated tumor,Group of disorders,0,0,0,
289638,Epstein-Barr Virus-related tumor,Group of disorders,0,0,0,
289644,Epstein-Barr virus-associated malignant lymphoproliferative disorder,Group of disorders,0,0,0,
289651,Epstein-Barr Virus-associated carcinoma,Group of disorders,0,0,0,
289656,Epstein-Barr Virus-associated mesenchymal tumor,Group of disorders,0,0,0,
289661,Epstein-Barr virus-positive diffuse large B-cell lymphoma,Disorder,0,1,1,0.0
289666,Plasmablastic lymphoma,Disorder,0,0,0,
289682,Lymphoepithelial-like carcinoma,Disorder,0,0,0,
289685,Myopericytoma,Disorder,0,0,0,
289825,Late-onset primary lymphedema without systemic or visceral involvement,Group of disorders,0,0,0,
289829,Disorder of tryptophan metabolism,Group of disorders,0,0,0,
289832,Disorder of lysine and hydroxylysine metabolism,Group of disorders,0,0,0,
289841,Disorder of glutamine metabolism,Group of disorders,0,0,0,
289846,Glutathione synthetase deficiency with 5-oxoprolinuria,Subtype of disorder,1,1,1,
289849,Glutathione synthetase deficiency without 5-oxoprolinuria,Subtype of disorder,1,1,1,
289857,Neonatal glycine encephalopathy,Subtype of disorder,3,1,1,0.0
289860,Infantile glycine encephalopathy,Subtype of disorder,4,1,1,0.0
289863,Atypical glycine encephalopathy,Subtype of disorder,4,1,1,10.0
289866,Disorder of proline metabolism,Group of disorders,0,0,0,
289869,Disorder of ornithine metabolism,Group of disorders,0,0,0,
289877,Transient hyperammonemia of the newborn,Disorder,0,1,1,0.0
289891,Hypermethioninemia due to glycine N-methyltransferase deficiency,Disorder,1,1,1,
289899,Organic aciduria,Group of disorders,0,0,0,
289902,"3-methylglutaconic aciduria",Group of disorders,0,0,0,
289916,Vitamin B12-unresponsive methylmalonic acidemia type mut0,Subtype of disorder,1,1,1,0.0
290836,Systemic disease with skin involvement,Group of disorders,0,0,0,
290839,Autoinflammatory syndrome with immune deficiency,Group of disorders,0,0,0,
290842,Autoinflammatory syndrome with skin involvement,Group of disorders,0,0,0,
290849,Rare head and neck tumor,Group of disorders,0,0,0,
293144,Familial clubfoot due to 5q31 microdeletion,Subtype of disorder,1,1,1,
293150,Familial clubfoot due to PITX1 point mutation,Subtype of disorder,1,1,1,
293165,Skin fragility-woolly hair-palmoplantar keratoderma syndrome,Disorder,1,1,1,3.5
293168,Infantile-onset ascending hereditary spastic paralysis,Disorder,1,1,1,8.5
293173,Acute generalized exanthematous pustulosis,Disorder,0,1,1,0.11166666666666665
293181,Epilepsy of infancy with migrating focal seizures,Disorder,9,1,1,28.627499999999998
293190,OBSOLETE: Pleomorphic undifferentiated sarcoma,Disorder,0,0,0,
293199,Pleomorphic rhabdomyosarcoma,Subtype of disorder,2,1,1,0.0
293202,Epithelioid sarcoma,Disorder,0,1,1,0.013333333333333334
293208,Celiac artery compression syndrome,Disorder,0,1,1,0.0
293284,Tetrahydrobiopterin-responsive phenylketonuria,Subtype of disorder,1,1,1,0.0
293355,Methylmalonic acidemia without homocystinuria,Group of disorders,0,1,1,0.02775
293375,Grayson-Wilbrandt corneal dystrophy,Disorder,0,1,1,0.5
293381,Epithelial recurrent erosion dystrophy,Disorder,1,1,1,93.0
293462,Pre-Descemet corneal dystrophy,Disorder,0,1,1,2.5
293603,Congenital hereditary endothelial dystrophy type II,Disorder,1,1,1,0.0
293621,X-linked endothelial corneal dystrophy,Disorder,0,1,1,17.5
293633,PYCR1-related De Barsy syndrome,Subtype of disorder,1,1,1,
293642,Blepharophimosis-intellectual disability syndrome,Group of disorders,0,1,1,29.0
293707,"Blepharophimosis-intellectual disability syndrome, MKB type",Disorder,1,1,1,0.0
293725,"Blepharophimosis-intellectual disability syndrome, Verloes type",Disorder,0,1,1,0.0
293807,Ketamine-induced biliary dilatation,Disorder,0,1,1,1.0
293812,Fixed drug eruption,Disorder,0,1,1,0.0
293815,Toxic dermatosis,Group of disorders,0,1,1,
293822,MITF-related melanoma and renal cell carcinoma predisposition syndrome,Disorder,1,1,1,15.0
293825,Congenital dyserythropoietic anemia type IV,Disorder,1,1,1,2.0
293830,Constitutional dyserythropoietic anemia,Group of disorders,0,1,1,
293838,Fatal infantile encephalopathy-pulmonary hypertension syndrome,Disorder,0,0,0,
293843,"3MC syndrome",Disorder,3,1,1,16.0
293848,"Frontotemporal dementia, right temporal atrophy variant",Disorder,0,0,0,
293864,Hypoplastic pancreas-intestinal atresia-hypoplastic gallbladder syndrome,Disorder,1,1,1,8.0
293888,"Inherited isolated arrhythmogenic cardiomyopathy, dominant-left variant",Subtype of disorder,12,1,1,
293899,"Inherited isolated arrhythmogenic ventricular dysplasia, biventricular variant",Subtype of disorder,12,1,1,
293910,"Inherited isolated arrhythmogenic cardiomyopathy, dominant-right variant",Subtype of disorder,14,1,1,
293925,Lethal occipital encephalocele-skeletal dysplasia syndrome,Disorder,1,1,1,2.5
293936,EDICT syndrome,Disorder,1,1,1,2.0
293939,Distal Xq28 microduplication syndrome,Disorder,0,1,1,4.5
293948,"1p21.3 microdeletion syndrome",Disorder,1,1,1,4.5
293955,Childhood encephalopathy due to thiamine pyrophosphokinase deficiency,Disorder,1,1,1,2.5
293958,Hypertelorism-preauricular sinus-punctual pits-deafness syndrome,Disorder,0,1,1,6.5
293964,Hypoinsulinemic hypoglycemia and body hemihypertrophy,Disorder,1,1,1,2.5
293967,Hypogonadotropic hypogonadism-severe microcephaly-sensorineural hearing loss-dysmorphism syndrome,Disorder,0,1,1,2.0
293978,Deficiency in anterior pituitary function-variable immunodeficiency syndrome,Disorder,1,1,1,3.5
293987,Rapid-onset childhood obesity-hypothalamic dysfunction-hypoventilation-autonomic dysregulation syndrome,Disorder,0,1,1,48.0
294016,Microcephaly-capillary malformation syndrome,Disorder,1,1,1,5.0
294023,Neonatal erythroderma-autoinflammation-inflammatory bowel disease syndrome,Disorder,1,1,1,1.5
294026,Syndactyly-nystagmus syndrome due to 2q31.1 microduplication,Disorder,0,1,1,1.0
294049,Reunion Island Larsen-like syndrome,Disorder,0,0,0,
294057,Rare nevus,Group of disorders,0,0,0,
294060,Multiple pterygium syndrome,Group of disorders,0,0,0,
294415,Renal-hepatic-pancreatic dysplasia,Disorder,2,1,1,
294422,Chronic intestinal failure,Disorder,0,1,1,64.23455
294925,Non-syndromic amelia,Group of disorders,0,0,0,
294927,Non-syndromic intercalary limb defects,Group of disorders,0,0,0,
294929,OBSOLETE: Terminal limb defects,Group of disorders,0,0,0,
294931,OBSOLETE: Adactyly of hand,Group of disorders,0,0,0,
294935,OBSOLETE: Split hand or/and split foot malformation,Group of disorders,0,0,0,
294937,OBSOLETE: Brachydactyly,Group of disorders,0,0,0,
294939,OBSOLETE: Preaxial polydactyly of fingers,Group of disorders,0,0,0,
294942,OBSOLETE: Postaxial polydactyly of fingers,Group of disorders,0,0,0,
294944,Congenital deformities of limbs,Group of disorders,0,0,0,
294947,Congenital deformities of fingers,Group of disorders,0,0,0,
294949,Non-syndromic joint formation defects,Group of disorders,0,0,0,
294951,Congenital joint dislocations,Group of disorders,0,0,0,
294953,Non-syndromic limb overgrowth,Group of disorders,0,0,0,
294955,Syndrome with limb reduction defects,Group of disorders,0,0,0,
294957,Dysostosis with combined reduction defects of upper and lower limbs,Group of disorders,0,0,0,
294959,"Syndrome with limb duplication, polydactyly, syndactyly, and/or hyperphalangy",Group of disorders,0,0,0,
294961,OBSOLETE: Syndromes with synostoses of limbs,Group of disorders,0,0,0,
294963,Popliteal pterygium syndrome,Group of disorders,0,1,1,0.3
294965,Lethal congenital contracture syndrome,Group of disorders,0,0,0,
294967,Isolated amelia of upper limb,Disorder,0,0,0,
294969,Isolated amelia of lower limb,Disorder,0,0,0,
294971,Isolated tetra-amelia,Disorder,0,1,1,0.0
294973,Isolated humeral agenesis/hypoplasia,Disorder,0,0,0,
294975,Isolated absence of upper arm and forearm with hand present,Disorder,0,1,1,0.31
294977,Isolated absence of thigh and lower leg with foot present,Disorder,0,0,0,
294979,Isolated absence of both forearm and hand,Disorder,0,0,0,
294981,Isolated absence of both lower leg and foot,Disorder,0,0,0,
294983,Isolated acheiria,Disorder,0,0,0,
294986,Isolated apodia,Disorder,0,0,0,
294988,Isolated hypoplasia of thumb,Disorder,0,0,0,
294990,OBSOLETE: Congenital absence/hypoplasia of fingers excluding thumb,Disorder,0,0,0,
294992,OBSOLETE: Split hand,Disorder,0,0,0,
294994,OBSOLETE: Split foot,Disorder,0,0,0,
294996,OBSOLETE: Brachydactyly of fingers,Disorder,0,0,0,
294998,OBSOLETE: Brachydactyly of toes,Disorder,0,0,0,
295000,Amniotic band syndrome,Disorder,0,1,1,2.65
295002,Isolated hyperphalangy,Disorder,0,0,0,
295004,Central polydactyly,Disorder,0,0,0,
295006,OBSOLETE: Preaxial polydactyly of toes,Disorder,0,0,0,
295008,OBSOLETE: Postaxial polydactyly of toes,Disorder,0,0,0,
295010,OBSOLETE: Central polydactyly of toes,Disorder,0,0,0,
295012,Syndactyly type 6,Disorder,0,0,0,
295014,Familial isolated clinodactyly of fingers,Disorder,0,0,0,
295016,Camptodactyly of fingers,Disorder,0,0,0,
295018,Congenital pseudoarthrosis of the tibia,Subtype of disorder,0,0,0,
295020,Congenital pseudoarthrosis of the femur,Subtype of disorder,0,0,0,
295022,Congenital pseudoarthrosis of the fibula,Subtype of disorder,0,0,0,
295024,Congenital pseudoarthrosis of the radius,Subtype of disorder,0,0,0,
295026,Congenital pseudoarthrosis of the ulna,Subtype of disorder,0,0,0,
295028,Isolated tibio-fibular synostosis,Disorder,0,0,0,
295030,True congenital shoulder dislocation,Disorder,0,0,0,
295032,Isolated congenital radial head dislocation,Disorder,0,0,0,
295034,Congenital knee dislocation,Disorder,0,0,0,
295036,Congenital patella dislocation,Disorder,0,1,1,3.5
295038,"OBSOLETE: Patella aplasia/hypoplasia, unilateral",Subtype of disorder,0,0,0,
295041,"OBSOLETE: Patella aplasia/hypoplasia, bilateral",Subtype of disorder,0,0,0,
295044,Macrodactyly of fingers,Disorder,0,1,1,1.0
295047,Macrodactyly of toes,Disorder,0,1,1,3.8
295049,Upper limb hypertrophy,Disorder,0,0,0,
295051,Lower limb hypertrophy,Disorder,0,0,0,
295053,"OBSOLETE: Amelia of upper limb, unilateral",Subtype of disorder,0,0,0,
295055,"OBSOLETE: Amelia of upper limb, bilateral",Subtype of disorder,0,0,0,
295057,"OBSOLETE: Amelia of lower limb, unilateral",Subtype of disorder,0,0,0,
295059,"OBSOLETE: Amelia of lower limb, bilateral",Subtype of disorder,0,0,0,
295061,"OBSOLETE: Humeral agenesis/hypoplasia, unilateral",Subtype of disorder,0,0,0,
295063,"OBSOLETE: Humeral agenesis/hypoplasia, bilateral",Subtype of disorder,0,0,0,
295065,"OBSOLETE: Femoral agenesis/hypoplasia, unilateral",Subtype of disorder,0,0,0,
295067,"OBSOLETE: Femoral agenesis/hypoplasia, bilateral",Subtype of disorder,0,0,0,
295069,"OBSOLETE: Radial hemimelia, unilateral",Subtype of disorder,0,0,0,
295071,"OBSOLETE: Radial hemimelia, bilateral",Subtype of disorder,0,0,0,
295073,"OBSOLETE: Ulnar hemimelia, bilateral",Subtype of disorder,0,0,0,
295075,"OBSOLETE: Ulnar hemimelia, unilateral",Subtype of disorder,0,0,0,
295077,"OBSOLETE: Tibial hemimelia, unilateral",Subtype of disorder,0,0,0,
295079,"OBSOLETE: Tibial hemimelia, bilateral",Subtype of disorder,0,0,0,
295081,"OBSOLETE: Fibular hemimelia, unilateral",Subtype of disorder,0,0,0,
295083,"OBSOLETE: Fibular hemimelia, bilateral",Subtype of disorder,0,0,0,
295085,"OBSOLETE: Congenital absence of upper arm and forearm with hand present, unilateral",Subtype of disorder,0,0,0,
295087,"OBSOLETE: Congenital absence of upper arm and forearm with hand present, bilateral",Subtype of disorder,0,0,0,
295089,"OBSOLETE: Congenital absence of thigh and lower leg with foot present, unilateral",Subtype of disorder,0,0,0,
295091,"OBSOLETE: Congenital absence of thigh and lower leg with foot present, bilateral",Subtype of disorder,0,0,0,
295093,"OBSOLETE: Congenital absence of both forearm and hand, unilateral",Subtype of disorder,0,0,0,
295095,"OBSOLETE: Congenital absence of both forearm and hand, bilateral",Subtype of disorder,0,0,0,
295097,"OBSOLETE: Congenital absence of both lower leg and foot, unilateral",Subtype of disorder,0,0,0,
295099,"OBSOLETE: Congenital absence of both lower leg and foot, bilateral",Subtype of disorder,0,0,0,
295101,"OBSOLETE: Acheiria, unilateral",Subtype of disorder,0,0,0,
295103,"OBSOLETE: Acheiria, bilateral",Subtype of disorder,0,0,0,
295105,"OBSOLETE: Apodia, unilateral",Subtype of disorder,0,0,0,
295107,"OBSOLETE: Apodia, bilateral",Subtype of disorder,0,0,0,
295110,"OBSOLETE: Congenital absence/hypoplasia of thumb, unilateral",Subtype of disorder,0,0,0,
295112,"OBSOLETE: Congenital absence/hypoplasia of thumb, bilateral",Subtype of disorder,0,0,0,
295114,"OBSOLETE: Congenital absence/hypoplasia of fingers excluding thumb, bilateral",Subtype of disorder,0,0,0,
295116,"OBSOLETE: Adactyly of foot, unilateral",Subtype of disorder,0,0,0,
295118,"OBSOLETE: Adactyly of foot, bilateral",Subtype of disorder,0,0,0,
295120,"OBSOLETE: Split hand, unilateral",Subtype of disorder,0,0,0,
295122,"OBSOLETE: Split hand, bilateral",Subtype of disorder,0,0,0,
295124,"OBSOLETE: Split foot, unilateral",Subtype of disorder,0,0,0,
295126,"OBSOLETE: Split foot, bilateral",Subtype of disorder,0,0,0,
295128,"OBSOLETE: Brachydactyly of fingers, unilateral",Subtype of disorder,0,0,0,
295130,"OBSOLETE: Brachydactyly of fingers, bilateral",Subtype of disorder,0,0,0,
295132,"OBSOLETE: Brachydactyly of toes, unilateral",Subtype of disorder,0,0,0,
295134,"OBSOLETE: Brachydactyly of toes, bilateral",Subtype of disorder,0,0,0,
295136,"OBSOLETE: Symbrachydactyly of hand and foot, unilateral",Subtype of disorder,0,0,0,
295138,"OBSOLETE: Symbrachydactyly of hand and foot, bilateral",Subtype of disorder,0,0,0,
295140,"OBSOLETE: Hyperphalangy, unilateral",Subtype of disorder,0,0,0,
295142,"OBSOLETE: Hyperphalangy, bilateral",Subtype of disorder,0,0,0,
295144,"OBSOLETE: Polydactyly of a biphalangeal thumb, unilateral",Subtype of disorder,0,0,0,
295146,"OBSOLETE: Polydactyly of a biphalangeal thumb, bilateral",Subtype of disorder,0,0,0,
295148,"OBSOLETE: Polydactyly of a triphalangeal thumb, unilateral",Subtype of disorder,0,0,0,
295150,"OBSOLETE: Polydactyly of a triphalangeal thumb, bilateral",Subtype of disorder,0,0,0,
295152,"OBSOLETE: Polydactyly of an index finger, unilateral",Subtype of disorder,0,0,0,
295154,"OBSOLETE: Polydactyly of an index finger, bilateral",Subtype of disorder,0,0,0,
295159,"OBSOLETE: Polysyndactyly, unilateral",Subtype of disorder,0,0,0,
295161,"OBSOLETE: Polysyndactyly, bilateral",Subtype of disorder,0,0,0,
295163,"OBSOLETE: Postaxial polydactyly type A, unilateral",Subtype of disorder,0,0,0,
295165,"OBSOLETE: Postaxial polydactyly type A, bilateral",Subtype of disorder,0,0,0,
295167,"OBSOLETE: Postaxial polydactyly type B, unilateral",Subtype of disorder,0,0,0,
295169,"OBSOLETE: Postaxial polydactyly type B, bilateral",Subtype of disorder,0,0,0,
295171,"OBSOLETE: Central polydactyly of fingers, unilateral",Subtype of disorder,0,0,0,
295173,"OBSOLETE: Central polydactyly of fingers, bilateral",Subtype of disorder,0,0,0,
295175,"OBSOLETE: Preaxial polydactyly of toes, unilateral",Subtype of disorder,0,0,0,
295177,"OBSOLETE: Preaxial polydactyly of toes, bilateral",Subtype of disorder,0,0,0,
295179,"OBSOLETE: Postaxial polydactyly of toes, unilateral",Subtype of disorder,0,0,0,
295181,"OBSOLETE: Postaxial polydactyly of toes, bilateral",Subtype of disorder,0,0,0,
295183,"OBSOLETE: Central polydactyly of toes, unilateral",Subtype of disorder,0,0,0,
295185,"OBSOLETE: Central polydactyly of toes, bilateral",Subtype of disorder,0,0,0,
295187,Zygodactyly type 1,Subtype of disorder,0,0,0,
295189,Zygodactyly type 2,Subtype of disorder,0,0,0,
295191,Zygodactyly type 3,Subtype of disorder,1,1,1,
295193,Zygodactyly type 4,Subtype of disorder,0,0,0,
295195,Synpolydactyly type 1,Subtype of disorder,1,1,1,
295197,Synpolydactyly type 2,Subtype of disorder,1,1,1,
295199,Synpolydactyly type 3,Subtype of disorder,0,0,0,
295201,"Congenital vertical talus, unilateral",Subtype of disorder,1,1,1,
295203,"Congenital vertical talus, bilateral",Subtype of disorder,1,1,1,
295205,"OBSOLETE: Humero-radio-ulnar synostosis, unilateral",Subtype of disorder,0,0,0,
295207,"OBSOLETE: Humero-radio-ulnar synostosis, bilateral",Subtype of disorder,0,0,0,
295209,"OBSOLETE: Humero-radial synostosis, unilateral",Subtype of disorder,0,0,0,
295211,"OBSOLETE: Humero-radial synostosis, bilateral",Subtype of disorder,0,0,0,
295213,"OBSOLETE: Humero-ulnar synostosis, unilateral",Subtype of disorder,0,0,0,
295215,"OBSOLETE: Humero-ulnar synostosis, bilateral",Subtype of disorder,0,0,0,
295217,"OBSOLETE: Radio-ulnar synostosis, unilateral",Subtype of disorder,0,0,0,
295219,"OBSOLETE: Radio-ulnar synostosis, bilateral",Subtype of disorder,0,0,0,
295221,"OBSOLETE: Madelung deformity, unilateral",Subtype of disorder,0,0,0,
295223,"OBSOLETE: Madelung deformity, bilateral",Subtype of disorder,0,0,0,
295225,"Congenital elbow dislocation, unilateral",Subtype of disorder,0,0,0,
295227,"Congenital elbow dislocation, bilateral",Subtype of disorder,0,0,0,
295229,Congenital genu recurvatum,Subtype of disorder,0,0,0,
295232,Congenital genu flexum,Subtype of disorder,0,0,0,
295234,"OBSOLETE: Congenital patella dislocation, unilateral",Subtype of disorder,0,0,0,
295237,"OBSOLETE: Congenital patella dislocation, bilateral",Subtype of disorder,0,0,0,
295239,"Macrodactyly of fingers, unilateral",Subtype of disorder,1,1,1,
295241,"Macrodactyly of fingers, bilateral",Subtype of disorder,0,0,0,
295243,"Macrodactyly of toes, unilateral",Subtype of disorder,1,1,1,
295245,"Macrodactyly of toes, bilateral",Subtype of disorder,0,0,0,
298644,Disorder of thiamine metabolism and transport,Group of disorders,0,1,1,0.0
300179,Kyphoscoliotic Ehlers-Danlos syndrome due to FKBP22 deficiency,Subtype of disorder,1,1,1,4.5
300284,Connective tissue disorder due to lysyl hydroxylase-3 deficiency,Disorder,1,1,1,1.0
300293,Transient infantile hypertriglyceridemia and hepatosteatosis,Disorder,2,1,1,5.5
300298,Severe congenital hypochromic anemia with ringed sideroblasts,Disorder,1,1,1,1.5
300305,"11p15.4 microduplication syndrome",Disorder,0,1,1,0.5
300313,Congenital cataract-hearing loss-severe developmental delay syndrome,Disorder,1,1,1,2.5
300319,Charcot-Marie-Tooth disease type 2P,Disorder,1,1,1,9.0
300324,Persistent polyclonal B-cell lymphocytosis,Disorder,1,1,1,77.0
300333,Nephrotic syndrome-epidermolysis bullosa-sensorineural deafness syndrome,Disorder,1,1,1,1.5
300337,OBSOLETE: Congenital blindness due to retinal non-attachment,Disorder,0,0,0,
300345,Autosomal systemic lupus erythematosus,Disorder,5,1,1,3.5
300359,PLCG2-associated antibody deficiency and immune dysregulation,Disorder,1,1,1,1.5
300373,X-linked acrogigantism,Disorder,0,1,1,16.5
300382,Progeroid and marfanoid aspect-lipodystrophy syndrome,Disorder,1,1,1,3.5
300385,Pituitary carcinoma,Disorder,0,1,1,0.07696153846153846
300493,Sagliker syndrome,Disorder,0,1,1,30.0
300496,Multiple congenital anomalies-hypotonia-seizures syndrome type 2,Disorder,1,1,1,12.0
300501,Painful orbital and systemic neurofibromas-marfanoid habitus syndrome,Disorder,0,1,1,2.0
300504,Onychocytic matricoma,Disorder,0,1,1,2.5
300512,Onychomatricoma,Disorder,0,1,1,25.0
300515,Rare nail tumor,Group of disorders,0,0,0,
300525,Pseudohypoaldosteronism type 2D,Subtype of disorder,1,1,1,12.0
300530,Pseudohypoaldosteronism type 2E,Subtype of disorder,1,1,1,8.5
300536,DDOST-CDG,Disorder,1,1,1,0.5
300547,Autosomal recessive infantile hypercalcemia,Disorder,2,1,1,6.0
300552,Follicular cholangitis and pancreatitis,Disorder,0,1,1,2.5
300557,Carcinoma of the ampulla of Vater,Disorder,0,1,1,0.38666666666666666
300564,Combined pulmonary fibrosis-emphysema syndrome,Disorder,0,1,1,0.0
300570,Cortical dysgenesis with pontocerebellar hypoplasia due to TUBB3 mutation,Disorder,1,1,1,6.0
300573,Polymicrogyria due to TUBB2B mutation,Disorder,1,1,1,18.0
300576,Oligodontia-cancer predisposition syndrome,Disorder,0,0,0,
300579,Staphylococcal toxemia,Group of disorders,0,1,1,
300605,Juvenile amyotrophic lateral sclerosis,Disorder,5,1,1,0.0
300751,Familial dilated cardiomyopathy with conduction defect due to LMNA mutation,Disorder,1,1,1,0.0
300755,Laminopathy with striated muscle involvement,Group of disorders,0,0,0,0.0
300758,Laminopathy with peripheral neuropathy,Group of disorders,0,0,0,0.0
300763,Laminopathy with lipodystrophy,Group of disorders,0,0,0,0.0
300766,Laminopathy with premature aging,Group of disorders,0,0,0,0.0
300842,Indolent B-cell non-Hodgkin lymphoma,Group of disorders,0,1,1,0.0
300846,Aggressive B-cell non-Hodgkin lymphoma,Group of disorders,0,1,1,
300849,Diffuse large B-cell lymphoma of the central nervous system,Disorder,0,1,1,
300857,T-cell/histiocyte rich large B cell lymphoma,Disorder,0,1,1,0.023
300865,Primary cutaneous anaplastic large cell lymphoma,Disorder,2,1,1,0.0
300869,Splenic diffuse red pulp small B-cell lymphoma,Disorder,0,0,0,
300878,Hairy cell leukemia variant,Disorder,1,1,1,0.11
300888,Diffuse large B-cell lymphoma with chronic inflammation,Disorder,0,0,0,
300895,ALK-positive anaplastic large cell lymphoma,Subtype of disorder,1,1,1,0.0
300903,ALK-negative anaplastic large cell lymphoma,Subtype of disorder,0,1,1,0.0
300912,Marginal zone lymphoma,Group of disorders,0,1,1,3.3666666666666667
304055,Pituitary tumor,Group of disorders,0,0,0,
306431,Adult-onset immunodeficiency with anti-interferon-gamma autoantibodies,Disorder,0,1,1,0.0
306436,OBSOLETE: Congenital sucrase-isomaltase deficiency with starch intolerance,Subtype of disorder,0,0,0,
306446,OBSOLETE: Congenital sucrase-isomaltase deficiency with minimal starch tolerance,Subtype of disorder,0,0,0,
306462,OBSOLETE: Congenital sucrase-isomaltase deficiency without starch intolerance,Subtype of disorder,0,0,0,
306474,OBSOLETE: Congenital sucrase-isomaltase deficiency with starch and lactose intolerance,Subtype of disorder,0,0,0,
306486,OBSOLETE: Congenital sucrase-isomaltase deficiency without sucrose intolerance,Subtype of disorder,0,0,0,
306498,PTEN hamartoma tumor syndrome,Disorder,0,1,1,9.0
306504,Interstitial lung disease-nephrotic syndrome-epidermolysis bullosa syndrome,Disorder,1,1,1,1.5
306507,LAMB2-related infantile-onset nephrotic syndrome,Disorder,0,0,0,
306511,Autosomal recessive spastic paraplegia type 48,Disorder,1,1,1,1.0
306516,Primary hypomagnesemia with hypercalciuria and nephrocalcinosis,Disorder,0,1,1,100.0
306519,OBSOLETE: Genetic primary hypomagnesemia with hypocalciuria,Group of disorders,0,0,0,
306522,OBSOLETE: Genetic primary hypomagnesemia with normocalciuria,Group of disorders,0,0,0,
306527,Isolated hereditary congenital facial paralysis,Disorder,0,1,1,4.0
306530,Congenital hereditary facial paralysis-variable hearing loss syndrome,Disorder,1,1,1,6.5
306539,OBSOLETE: Hereditary acrokeratotic poikiloderma of Kindler-Weary,Disorder,0,0,0,
306542,Frontonasal dysplasia-severe microphthalmia-severe facial clefting syndrome,Disorder,1,1,1,1.5
306547,Porencephaly-microcephaly-bilateral congenital cataract syndrome,Disorder,1,1,1,4.0
306550,FADD-related immunodeficiency,Disorder,1,1,1,2.0
306553,Myospherulosis,Disorder,0,1,1,0.0
306558,Primary microcephaly-epilepsy-permanent neonatal diabetes syndrome,Disorder,2,1,1,4.0
306561,OBSOLETE: Autosomal dominant childhood-onset cortical cataract,Subtype of disorder,0,0,0,
306577,Hereditary sodium channelopathy-related small fibers neuropathy,Disorder,3,1,1,4.0
306588,OBSOLETE: Autosomal dominant Opitz G/BBB syndrome,Subtype of disorder,0,0,0,
306597,OBSOLETE: X-linked Opitz G/BBB syndrome,Subtype of disorder,0,0,0,
306617,X-linked complicated spastic paraplegia type 1,Subtype of disorder,1,1,1,
306633,Rare tumor of gallbladder and extrahepatic biliary tract,Group of disorders,0,0,0,
306636,Rare tumor of liver and intrahepatic biliary tract,Group of disorders,0,0,0,
306640,Rare intoxication due to medical products,Group of disorders,0,0,0,
306644,Complication after organ transplantation,Disorder,0,1,1,9.0
306648,Non-infectious anterior uveitis,Group of disorders,0,0,0,
306658,Familial normophosphatemic tumoral calcinosis,Subtype of disorder,1,1,1,
306661,Familial hyperphosphatemic tumoral calcinosis/Hyperphosphatemic hyperostosis syndrome,Subtype of disorder,3,1,1,
306666,Rare parkinsonian syndrome due to neurodegenerative disease,Group of disorders,0,0,0,
306669,Hemiparkinsonism-hemiatrophy syndrome,Disorder,0,1,1,34.0
306674,Kufor-Rakeb syndrome,Disorder,1,1,1,8.0
306679,Rare parkinsonian syndrome due to intoxication,Group of disorders,0,0,0,
306682,Manganese poisoning,Disorder,0,1,1,
306686,Delayed encephalopathy due to carbon monoxide poisoning,Disorder,0,1,1,
306692,Cyanide-induced parkinsonism-dystonia,Disorder,0,1,1,
306695,Miscellaneous movement disorder due to neurodegenerative disease,Group of disorders,0,0,0,
306708,Frontotemporal neurodegeneration with movement disorder,Group of disorders,0,0,0,
306712,Rare tremor disorder,Group of disorders,0,0,0,
306715,Rare choreic movement disorder,Group of disorders,0,0,0,
306719,Neurodegenerative disease with chorea,Group of disorders,0,0,0,
306727,Postinfectious autoimmune disease with chorea,Group of disorders,0,0,0,
306731,Sydenham chorea,Disorder,0,1,1,0.0
306734,"Primary dystonia, DYT21 type",Disorder,1,1,1,8.0
306741,Hemidystonia-hemiatrophy syndrome,Disorder,0,1,1,50.0
306747,Rare myoclonus,Group of disorders,0,0,0,
306750,Primary myoclonus,Group of disorders,0,0,0,
306753,Rare disease with myoclonus as a major feature,Group of disorders,0,0,0,
306756,Epilepsy and/or ataxia with myoclonus as a major feature,Group of disorders,0,0,0,
306759,Non progressive epilepsy and/or ataxia with myoclonus as a major feature,Group of disorders,0,0,0,
306762,OBSOLETE: Progressive epilepsy and/or ataxia with myoclonus as a major feature,Group of disorders,0,0,0,
306765,Motor stereotypies,Group of disorders,0,0,0,
306768,Rare paroxysmal movement disorder,Group of disorders,0,0,0,
306773,Hyperekplexia,Group of disorders,0,0,0,
306776,Sporadic hyperekplexia,Disorder,0,0,0,
307052,Rare genetic parkinsonian disorder,Group of disorders,0,0,0,
307055,Rare parkinsonian syndrome due to genetic neurodegenerative disease,Group of disorders,0,0,0,
307058,Miscellaneous movement disorder due to genetic neurodegenerative disease,Group of disorders,0,0,0,
307061,Rare genetic tremor disorder,Group of disorders,0,0,0,
307064,Rare genetic myoclonus,Group of disorders,0,0,0,
307067,Rare genetic disease with myoclonus as a major feature,Group of disorders,0,0,0,
307141,Diffuse palmoplantar keratoderma,Group of disorders,0,0,0,
307148,Isolated diffuse palmoplantar keratoderma,Group of disorders,0,0,0,
307711,Disease with diffuse palmoplantar keratoderma as a major feature,Group of disorders,0,0,0,
307766,Curly hair-acral keratoderma-caries syndrome,Disorder,0,1,1,7.0
307773,Autosomal dominant diffuse mutilating palmoplantar keratoderma,Group of disorders,0,1,1,
307804,Autosomal recessive disease with diffuse palmoplantar keratoderma as a major feature,Group of disorders,0,1,1,
307837,Focal palmoplantar keratoderma,Group of disorders,0,0,0,
307846,Isolated focal palmoplantar keratoderma,Group of disorders,0,0,0,
307871,Disease with focal palmoplantar keratoderma as a major feature,Group of disorders,0,0,0,
307936,Hypotrichosis-osteolysis-periodontitis-palmoplantar keratoderma syndrome,Disorder,0,1,1,1.0
307967,Punctate palmoplantar keratoderma,Group of disorders,0,0,0,
307995,Marginal papular palmoplantar keratoderma,Group of disorders,0,1,1,
308013,Focal acral hyperkeratosis,Disorder,0,0,0,
308023,Disease with punctate palmoplantar keratoderma as a major feature,Group of disorders,0,0,0,
308031,Autosomal dominant disease associated with punctate palmoplantar keratoderma as a major feature,Group of disorders,0,1,1,
308041,Autosomal recessive disease associated with punctate palmoplantar keratoderma as a major feature,Group of disorders,0,1,1,
308166,Erythrokeratoderma variabilis progressiva,Group of disorders,0,1,1,0.046
308380,Methylcobalamin deficiency type cblDv1,Subtype of disorder,1,1,1,
308386,Sulfite oxidase deficiency due to molybdenum cofactor deficiency type A,Subtype of disorder,1,1,1,0.0
308393,Sulfite oxidase deficiency due to molybdenum cofactor deficiency type B,Subtype of disorder,1,1,1,
308400,Sulfite oxidase deficiency due to molybdenum cofactor deficiency type C,Subtype of disorder,1,1,1,
308407,Disorder of beta and omega amino acid metabolism,Group of disorders,0,0,0,
308410,Autism-epilepsy syndrome due to branched chain ketoacid dehydrogenase kinase deficiency,Disorder,1,1,1,2.5
308425,Methylmalonic acidemia due to methylmalonyl-CoA epimerase deficiency,Disorder,1,1,1,3.5
308442,"Vitamin B12-responsive methylmalonic acidemia, type cblDv2",Subtype of disorder,1,1,1,
308448,Aminoacylase deficiency,Group of disorders,0,0,0,
308451,Disorder of neutral amino acid transport,Group of disorders,0,0,0,
308459,Disorder of glycolysis,Group of disorders,0,0,0,
308463,Disorder of fructose metabolism,Group of disorders,0,0,0,
308467,Disorder of galactose metabolism,Group of disorders,0,0,0,
308473,Erythrocyte galactose epimerase deficiency,Subtype of disorder,1,1,1,
308487,Generalized galactose epimerase deficiency,Subtype of disorder,1,1,1,
308520,Glycogen storage disease due to glycogen synthase deficiency,Group of disorders,0,0,0,
308552,"Glycogen storage disease due to acid maltase deficiency, infantile onset",Subtype of disorder,1,1,1,1.24
308573,"OBSOLETE: Glycogen storage disease due to acid maltase deficiency, juvenile onset",Subtype of disorder,0,0,0,
308604,"OBSOLETE: Glycogen storage disease due to acid maltase deficiency, adult onset",Subtype of disorder,0,0,0,
308621,"Glycogen storage disease due to glycogen branching enzyme deficiency, progressive hepatic form",Subtype of disorder,1,1,1,
308638,"Glycogen storage disease due to glycogen branching enzyme deficiency, non progressive hepatic form",Subtype of disorder,1,1,1,
308655,"Glycogen storage disease due to glycogen branching enzyme deficiency, fatal perinatal neuromuscular form",Subtype of disorder,1,1,1,
308670,"Glycogen storage disease due to glycogen branching enzyme deficiency, congenital neuromuscular form",Subtype of disorder,1,1,1,
308684,"Glycogen storage disease due to glycogen branching enzyme deficiency, childhood combined hepatic and myopathic form",Subtype of disorder,1,1,1,
308698,"Glycogen storage disease due to glycogen branching enzyme deficiency, childhood neuromuscular form",Subtype of disorder,1,1,1,
308712,"Glycogen storage disease due to glycogen branching enzyme deficiency, adult neuromuscular form",Subtype of disorder,1,1,1,
308993,Glycerol kinase deficiency,Group of disorders,0,0,0,
308998,Disorder of glyoxylate metabolism,Group of disorders,0,0,0,
309001,Disorder of carbohydrate absorption and transport,Group of disorders,0,0,0,
309005,Disorder of lipid metabolism,Group of disorders,0,0,0,
309015,Familial lipoprotein lipase deficiency,Subtype of disorder,1,1,1,0.05
309020,Familial apolipoprotein C-II deficiency,Subtype of disorder,1,1,1,5.0
309025,Mevalonate kinase deficiency,Disorder,0,1,1,150.0
309028,Disorder of lipid absorption and transport,Group of disorders,0,0,0,
309031,Pancreatic triacylglycerol lipase deficiency,Disorder,0,1,1,0.0
309108,Pancreatic colipase deficiency,Disorder,0,1,1,1.0
309111,Combined pancreatic lipase-colipase deficiency,Disorder,0,1,1,1.5
309115,Disorder of fatty acid oxidation and ketogenesis,Group of disorders,0,0,0,
309120,Acyl-CoA dehydrogenase deficiency,Group of disorders,0,0,0,
309127,"3-hydroxyacyl-CoA dehydrogenase deficiency",Group of disorders,0,0,0,
309130,Disorder of carnitine cycle and carnitine transport,Group of disorders,0,0,0,
309133,Metabolic disease due to other fatty acid oxidation disorder,Group of disorders,0,0,0,
309136,Mitochondrial disorder due to a defect in assembly or maturation of the respiratory chain complexes,Group of disorders,0,0,0,
309139,OBSOLETE: Mitochondrial disorder due to a transcription or a translation defect of mitochondrial DNA,Group of disorders,0,0,0,
309144,Gangliosidosis,Group of disorders,0,0,0,
309147,Hyper-beta-alaninemia,Disorder,0,1,1,1.5
309152,GM2 gangliosidosis,Group of disorders,0,0,0,2.935
309155,"Sandhoff disease, infantile form",Subtype of disorder,1,1,1,
309162,"Sandhoff disease, juvenile form",Subtype of disorder,1,1,1,
309169,"Sandhoff disease, adult form",Subtype of disorder,1,1,1,
309178,"Tay-Sachs disease, infantile form",Subtype of disorder,1,1,1,
309185,"Tay-Sachs disease, juvenile form",Subtype of disorder,1,1,1,
309192,"Tay-Sachs disease, adult form",Subtype of disorder,1,1,1,
309239,"OBSOLETE: Tay-Sachs disease, B1 variant",Subtype of disorder,0,0,0,
309246,"GM2 gangliosidosis, AB variant",Disorder,1,1,1,5.0
309252,Atypical Gaucher disease due to saposin C deficiency,Subtype of disorder,1,1,1,
309256,"Metachromatic leukodystrophy, late infantile form",Subtype of disorder,2,1,1,0.0
309263,"Metachromatic leukodystrophy, juvenile form",Subtype of disorder,2,1,1,0.0
309271,"Metachromatic leukodystrophy, adult form",Subtype of disorder,2,1,1,0.0
309279,Glycoproteinosis,Group of disorders,0,0,0,
309282,"Alpha-mannosidosis, infantile form",Subtype of disorder,1,1,1,
309288,"Alpha-mannosidosis, adult form",Subtype of disorder,1,1,1,
309294,Sialidosis,Group of disorders,0,1,1,0.04833333333333334
309297,Mucopolysaccharidosis type 4A,Subtype of disorder,1,1,1,1.4733692307692308
309310,Mucopolysaccharidosis type 4B,Subtype of disorder,1,1,1,0.0025
309319,Disorder of sialic acid metabolism,Group of disorders,0,0,0,
309324,"Free sialic acid storage disease, infantile form",Subtype of disorder,1,1,1,0.07
309331,Intermediate severe Salla disease,Subtype of disorder,1,1,1,
309334,Salla disease,Subtype of disorder,1,1,1,0.795
309337,Lysosomal glycogen storage disease,Group of disorders,0,0,0,
309340,Disorder of lysosomal-related organelles,Group of disorders,0,0,0,
309347,Disorder of protein N-glycosylation,Group of disorders,0,0,0,
309447,Disorder of protein O-glycosylation,Group of disorders,0,0,0,
309450,Disorder of O-xylosylglycan synthesis,Group of disorders,0,0,0,
309458,Disorder of O-N-acetylgalactosaminylglycan synthesis,Group of disorders,0,0,0,
309463,Disorder of O-xylosyl/N-acetylgalactosaminylglycan synthesis,Group of disorders,0,0,0,
309469,Disorder of O-mannosylglycan synthesis,Group of disorders,0,0,0,
309505,Disorder of fucoglycosan synthesis,Group of disorders,0,0,0,
309515,Disorder of glycosphingolipid and glycosylphosphatidylinositol anchor glycosylation,Group of disorders,0,0,0,
309526,Disorder of multiple glycosylation,Group of disorders,0,0,0,
309568,Defect in conserved oligomeric Golgi complex,Group of disorders,0,0,0,
309778,Defect in V-ATPase,Group of disorders,0,0,0,
309789,Rhizomelic chondrodysplasia punctata type 1,Subtype of disorder,1,1,1,
309796,Rhizomelic chondrodysplasia punctata type 2,Subtype of disorder,1,1,1,
309803,Rhizomelic chondrodysplasia punctata type 3,Subtype of disorder,1,1,1,
309810,"Disorder of peroxisomal alpha-, beta- and omega-oxidation",Group of disorders,0,0,0,
309813,Disorder of porphyrin and heme metabolism,Group of disorders,0,0,0,
309816,Disorder of bilirubin metabolism and excretion,Group of disorders,0,0,0,
309819,Disorder of pterin metabolism,Group of disorders,0,0,0,
309824,Disorder of metabolite absorption and transport,Group of disorders,0,0,0,
309827,Disorder of vitamin and non-protein cofactor absorption and transport,Group of disorders,0,0,0,
309830,Disorder of catecholamine synthesis,Group of disorders,0,0,0,
309833,Disorder of other vitamins and cofactors metabolism and transport,Group of disorders,0,0,0,
309836,Disorder of mineral absorption and transport,Group of disorders,0,0,0,
309839,Disorder of copper metabolism,Group of disorders,0,0,0,
309842,Disorder of iron metabolism and transport,Group of disorders,0,0,0,
309845,Disorder of zinc metabolism and transport,Group of disorders,0,0,0,
309848,Disorder of magnesium transport,Group of disorders,0,0,0,
309851,Disorder of manganese transport,Group of disorders,0,0,0,
309854,Cirrhosis-dystonia-polycythemia-hypermanganesemia syndrome,Disorder,1,1,1,10.0
310050,Acquired immunodeficiency,Group of disorders,0,0,0,
313772,Early-onset spastic ataxia-myoclonic epilepsy-neuropathy syndrome,Disorder,1,1,1,1.0
313781,"20p13 microdeletion syndrome",Disorder,0,1,1,2.0
313795,Jawad syndrome,Disorder,1,1,1,2.0
313800,Retinal dystrophy-optic nerve edema-splenomegaly-anhidrosis-migraine headache syndrome,Disorder,1,1,1,1.5
313808,Adult-onset leukoencephalopathy with axonal spheroids and pigmented glia,Disorder,2,1,1,13.5
313838,Coats plus syndrome,Disorder,2,1,1,0.0
313846,Familial cutaneous telangiectasia and oropharyngeal cancer predisposition syndrome,Disorder,1,1,1,12.0
313850,Infantile cerebellar-retinal degeneration,Disorder,1,1,1,5.5
313855,FGFR2-related bent bone dysplasia,Disorder,1,1,1,5.5
313884,"12p12.1 microdeletion syndrome",Subtype of disorder,1,1,1,5.5
313892,Developmental and speech delay due to SOX5 deficiency,Subtype of disorder,1,1,1,7.0
313906,Congenital pancreatic cyst,Disorder,0,1,1,5.0
313920,Epstein-Barr virus-associated gastric carcinoma,Disorder,0,1,1,0.6
313936,PENS syndrome,Disorder,0,1,1,6.5
313947,"2q23.1 microduplication syndrome",Disorder,0,1,1,1.0
314002,Contractures-webbed neck-micrognathia-hypoplastic nipples syndrome,Disorder,0,1,1,1.0
314017,Idiopathic linear interstitial keratitis,Disorder,0,1,1,0.0
314022,Gastric adenocarcinoma and proximal polyposis of the stomach,Disorder,1,1,1,14.0
314029,High bone mass osteogenesis imperfecta,Disorder,3,1,1,1.0
314034,"7p22.1 microduplication syndrome",Disorder,0,1,1,2.5
314041,Marfanoid habitus-inguinal hernia-advanced bone age syndrome,Disorder,0,1,1,1.0
314051,Leukoencephalopathy-thalamus and brainstem anomalies-high lactate syndrome,Disorder,1,1,1,7.0
314373,Chronic infantile diarrhea due to guanylate cyclase 2C overactivity,Disorder,1,1,1,16.0
314376,Intestinal obstruction in the newborn due to guanylate cyclase 2C deficiency,Disorder,1,1,1,8.0
314381,Hereditary sensory and autonomic neuropathy type 6,Disorder,1,1,1,2.0
314389,Xq12-q13.3 duplication syndrome,Disorder,0,1,1,1.5
314394,Short stature-onychodysplasia-facial dysmorphism-hypotrichosis syndrome,Disorder,1,1,1,7.0
314399,Autosomal dominant aplasia and myelodysplasia,Disorder,1,1,1,3.0
314404,Autosomal dominant cerebellar ataxia-deafness-narcolepsy syndrome,Disorder,1,1,1,40.0
314419,Ameloblastoma,Disorder,0,1,1,0.0
314422,Ameloblastic carcinoma,Disorder,0,1,1,20.0
314425,Rare odontogenic tumor,Group of disorders,0,0,0,
314432,Spigelian hernia-cryptorchidism syndrome,Disorder,0,1,1,7.5
314451,Meigs syndrome,Disorder,0,1,1,0.0
314459,Pseudo-Meigs syndrome,Disorder,0,1,1,0.0
314466,Atypical Meigs syndrome,Disorder,0,1,1,4.5
314473,Ovarian fibroma,Disorder,0,1,1,0.0
314478,Ovarian fibrothecoma,Disorder,0,1,1,0.0
314485,Young adult-onset distal hereditary motor neuropathy,Disorder,2,1,1,1.5
314555,Facial dysmorphism-ocular anomalies-osteopenia-intellectual disability-dental anomalies syndrome,Disorder,1,1,1,2.5
314566,Primary progressive apraxia of speech,Disorder,0,1,1,8.0
314572,Autosomal recessive leukoencephalopathy-ischemic stroke-retinitis pigmentosa syndrome,Disorder,0,1,1,1.5
314575,Intellectual disability-hypotonia-brachycephaly-pyloric stenosis-cryptorchidism syndrome,Disorder,0,1,1,1.0
314585,"15q overgrowth syndrome",Disorder,0,1,1,6.0
314588,Distal triplication 15q syndrome,Subtype of disorder,0,1,1,11.5
314597,Chudley-McCullough syndrome,Disorder,1,1,1,12.5
314603,Autosomal recessive spastic ataxia with leukoencephalopathy,Disorder,1,1,1,27.0
314613,Growing teratoma syndrome,Disorder,0,1,1,0.0
314621,Duplication of the pituitary gland,Disorder,0,1,1,19.0
314629,CLN11 disease,Disorder,1,1,1,11.0
314632,CLN12 disease,Disorder,1,1,1,2.0
314637,Mitochondrial hypertrophic cardiomyopathy with lactic acidosis due to MTO1 deficiency,Disorder,1,1,1,4.0
314647,Non-progressive cerebellar ataxia with intellectual disability,Disorder,2,1,1,7.5
314652,Variant ABeta2M amyloidosis,Disorder,1,1,1,2.5
314655,Severe neonatal hypotonia-seizures-encephalopathy syndrome due to 5q31.3 microdeletion,Subtype of disorder,1,1,1,3.5
314662,Segmental progressive overgrowth syndrome with fibroadipose hyperplasia,Disorder,1,1,1,5.0
314667,TMEM165-CDG,Disorder,1,1,1,3.0
314679,Cerebrofacioarticular syndrome,Disorder,2,1,1,4.5
314684,Primary bone lymphoma,Disorder,0,1,1,0.0
314689,Combined immunodeficiency due to STK4 deficiency,Disorder,1,1,1,3.5
314697,Acquired porencephaly,Subtype of disorder,0,0,0,
314701,Primary systemic amyloidosis,Subtype of disorder,0,1,1,30.0
314709,Primary localized amyloidosis,Subtype of disorder,0,1,1,
314718,Lethal arteriopathy syndrome due to fibulin-4 deficiency,Disorder,1,1,1,11.0
314721,Atypical dentin dysplasia due to SMOC2 deficiency,Subtype of disorder,1,1,1,2.0
314749,Rare disease with adrenal Cushing syndrome as a major feature,Group of disorders,0,0,0,
314753,Functioning pituitary adenoma,Group of disorders,0,0,0,
314759,Mixed functioning pituitary adenoma,Group of disorders,0,0,0,
314769,Somatomammotropinoma,Disorder,0,1,1,0.0
314777,Familial isolated pituitary adenoma,Disorder,2,1,1,75.0
314786,Silent pituitary adenoma,Subtype of disorder,2,1,1,
314790,Null pituitary adenoma,Subtype of disorder,2,1,1,
314795,SHOX-related short stature,Disorder,1,1,1,0.0
314802,Short stature due to partial GHR deficiency,Disorder,1,1,1,0.0
314811,Short stature due to GHSR deficiency,Disorder,1,1,1,4.0
314822,Primary renal tubular acidosis,Group of disorders,0,0,0,
314889,Autosomal dominant proximal renal tubular acidosis,Subtype of disorder,0,1,1,0.5
314911,Severe Canavan disease,Subtype of disorder,1,1,1,0.0
314918,Mild Canavan disease,Subtype of disorder,1,1,1,0.0
314928,NON RARE IN EUROPE: Normal pressure hydrocephalus,Disorder,0,0,0,
314946,OBSOLETE: Mycobacterium xenopi infection,Disorder,0,0,0,
314950,Primary hypereosinophilic syndrome,Disorder,5,1,1,0.0
314962,Secondary hypereosinophilic syndrome,Disorder,0,1,1,0.0
314970,Lymphocytic hypereosinophilic syndrome,Subtype of disorder,0,1,1,0.0
314978,X-linked non progressive cerebellar ataxia,Disorder,1,1,1,1.5
314993,Cataract-congenital heart disease-neural tube defect syndrome,Disorder,0,1,1,1.0
315306,"Classic congenital adrenal hyperplasia due to 21-hydroxylase deficiency, salt wasting form",Subtype of disorder,1,1,1,7.5
315311,"Classic congenital adrenal hyperplasia due to 21-hydroxylase deficiency, simple virilizing form",Subtype of disorder,1,1,1,2.5
315350,Autoimmune disease with skin involvement,Group of disorders,0,0,0,
316226,Spastic ataxia,Group of disorders,0,0,0,
316235,Autosomal dominant spastic ataxia,Group of disorders,0,1,1,
316240,Autosomal recessive spastic ataxia,Group of disorders,0,1,1,
316244,Partial deletion of the short arm of chromosome 12 syndrome,Group of disorders,0,0,0,
317416,T-B+ severe combined immunodeficiency,Group of disorders,0,0,0,
317419,T-B- severe combined immunodeficiency,Group of disorders,0,0,0,
317425,Severe combined immunodeficiency due to DNA-PKcs deficiency,Disorder,1,1,1,1.0
317428,Combined immunodeficiency due to ORAI1 deficiency,Subtype of disorder,1,1,1,3.0
317430,Combined immunodeficiency due to STIM1 deficiency,Subtype of disorder,1,1,1,0.0
317473,Common variable immunodeficiency phenotype due to IKAROS functional haploinsufficiency,Disorder,1,1,1,19.5
317476,XMEN,Disorder,1,1,1,3.5
319160,Congenital myopathy with internal nuclei and atypical cores,Disorder,1,1,1,2.5
319171,Distal 17p13.1 microdeletion syndrome,Disorder,0,1,1,8.0
319182,Wiedemann-Steiner syndrome,Disorder,1,1,1,42.0
319189,Familial cortical myoclonus,Disorder,1,1,1,5.5
319192,Diencephalic-mesencephalic junction dysplasia,Disorder,2,1,1,16.5
319195,Chondroectodermal dysplasia with night blindness,Disorder,0,1,1,2.0
319199,Autosomal recessive spastic paraplegia type 53,Disorder,1,1,1,4.5
319205,Bilateral massive adrenal hemorrhage,Subtype of disorder,0,0,0,
319213,Lujo hemorrhagic fever,Disorder,0,1,1,2.5
319218,Ebola hemorrhagic fever,Disorder,0,1,1,9406.666666666666
319223,Argentine hemorrhagic fever,Disorder,0,1,1,
319229,Bolivian hemorrhagic fever,Disorder,0,1,1,
319234,Venezuelan hemorrhagic fever,Disorder,0,1,1,
319239,Brazilian hemorrhagic fever,Disorder,0,1,1,
319244,Chapare hemorrhagic fever,Disorder,0,1,1,
319247,Hantavirus pulmonary syndrome,Disorder,0,0,0,
319251,Rift valley fever,Disorder,0,1,1,0.0
319254,Kyasanur forest disease,Disorder,0,1,1,
319266,Omsk hemorrhagic fever,Disorder,0,1,1,
319276,Clear cell renal carcinoma,Disorder,0,1,1,1.99
319287,Multilocular cystic renal neoplasm of low malignant potential,Subtype of disorder,0,0,0,
319298,Papillary renal cell carcinoma,Disorder,2,1,1,0.14
319303,Chromophobe renal cell carcinoma,Disorder,1,1,1,0.01
319308,MiT family translocation renal cell carcinoma,Disorder,7,1,1,
319314,OBSOLETE: Renal cell carcinoma associated with neuroblastoma,Disorder,0,0,0,
319319,Renal medullary carcinoma,Disorder,0,1,1,0.0
319322,Mucinous tubular and spindle cell renal carcinoma,Disorder,0,1,1,
319325,Tubulocystic renal cell carcinoma,Disorder,0,1,1,
319328,Inherited renal cancer-predisposing syndrome,Group of disorders,0,0,0,
319332,Autosomal recessive myogenic arthrogryposis multiplex congenita,Disorder,1,1,1,0.5
319340,Carney complex-trismus-pseudocamptodactyly syndrome,Disorder,1,1,1,1.5
319462,Inherited cancer-predisposing syndrome due to biallelic BRCA2 mutations,Disorder,1,1,1,
319465,Inherited acute myeloid leukemia,Disorder,3,1,1,
319480,Acute myeloid leukemia with CEBPA somatic mutations,Disorder,1,1,1,
319487,Familial papillary or follicular thyroid carcinoma,Disorder,3,1,1,
319494,Familial nonmedullary thyroid carcinoma,Group of disorders,0,0,0,
319504,Combined oxidative phosphorylation defect type 8,Disorder,1,1,1,3.5
319509,Combined oxidative phosphorylation defect type 9,Disorder,1,1,1,2.0
319514,Combined oxidative phosphorylation defect type 13,Disorder,1,1,1,1.0
319519,Combined oxidative phosphorylation defect type 14,Disorder,1,1,1,2.5
319524,Combined oxidative phosphorylation defect type 15,Disorder,1,1,1,8.0
319535,Autosomal recessive mendelian susceptibility to mycobacterial diseases due to a complete deficiency,Group of disorders,0,1,1,0.0
319539,Autosomal recessive mendelian susceptibility to mycobacterial diseases due to a partial deficiency,Group of disorders,0,1,1,0.0
319543,Autosomal dominant mendelian susceptibility to mycobacterial diseases due to a partial deficiency,Group of disorders,0,1,1,0.0
319547,Mendelian susceptibility to mycobacterial diseases due to complete IFNgammaR2 deficiency,Disorder,1,1,1,6.5
319552,Mendelian susceptibility to mycobacterial diseases due to complete IL12RB1 deficiency,Disorder,1,1,1,90.0
319558,Mendelian susceptibility to mycobacterial diseases due to complete IL12B deficiency,Disorder,1,1,1,24.5
319563,Mendelian susceptibility to mycobacterial diseases due to complete ISG15 deficiency,Disorder,1,1,1,3.0
319569,Autosomal recessive mendelian susceptibility to mycobacterial diseases due to partial IFNgammaR1 deficiency,Disorder,1,1,1,9.0
319574,Autosomal recessive mendelian susceptibility to mycobacterial diseases due to partial IFNgammaR2 deficiency,Disorder,1,1,1,3.0
319581,Autosomal dominant mendelian susceptibility to mycobacterial diseases due to partial IFNgammaR1 deficiency,Disorder,1,1,1,34.0
319589,Autosomal dominant mendelian susceptibility to mycobacterial diseases due to partial IFNgammaR2 deficiency,Disorder,1,1,1,1.0
319595,Mendelian susceptibility to mycobacterial diseases due to partial STAT1 deficiency,Disorder,1,1,1,8.5
319600,Mendelian susceptibility to mycobacterial diseases due to partial IRF8 deficiency,Disorder,1,1,1,1.0
319605,X-linked mendelian susceptibility to mycobacterial diseases,Disorder,1,1,1,6.5
319612,OBSOLETE: X-linked mendelian susceptibility to mycobacterial diseases due to IKBKG deficiency,Subtype of disorder,0,0,0,
319623,OBSOLETE: X-linked mendelian susceptibility to mycobacterial diseases due to CYBB deficiency,Subtype of disorder,0,0,0,
319635,Amyloidosis cutis dyschromia,Disorder,1,1,1,13.5
319640,Retinal macular dystrophy type 2,Disorder,1,1,1,2.5
319646,PGM1-CDG,Disorder,1,1,1,23.0
319651,Constitutional megaloblastic anemia with severe neurologic disease,Disorder,1,1,1,3.0
319658,NON RARE IN EUROPE: Unexplained intellectual disability,Disorder,0,0,0,
319667,Primary lymphoma of the conjunctiva,Disorder,0,0,0,
319671,Alazami syndrome,Disorder,1,1,1,5.0
319675,"Microcephalic primordial dwarfism, Dauber type",Disorder,1,1,1,1.0
319678,Encephalopathy-hypertrophic cardiomyopathy-renal tubular disease syndrome,Disorder,2,1,1,0.5
319681,NON RARE IN EUROPE: Lactase non-persistence in adulthood,Disorder,0,0,0,
319684,NON RARE IN EUROPE: Inosine triphosphate pyrophosphatase deficiency,Disorder,0,0,0,
319691,"NON RARE IN EUROPE: Partial color blindness, protan type",Disorder,0,0,0,
319698,"NON RARE IN EUROPE: Partial color blindness, deutan type",Disorder,0,0,0,
319705,NON RARE IN EUROPE: Parkinson disease,Disorder,0,0,0,
319719,Autoinflammatory syndrome of childhood,Group of disorders,0,0,0,
320317,OBSOLETE: Cleft lip/palate-ectodermal dysplasia syndrome,Group of disorders,0,0,0,
320332,X-linked pure spastic paraplegia,Group of disorders,0,0,0,
320335,Pure or complex hereditary spastic paraplegia,Group of disorders,0,0,0,
320342,Pure or complex autosomal dominant spastic paraplegia,Group of disorders,0,1,1,
320346,Pure or complex autosomal recessive spastic paraplegia,Group of disorders,0,1,1,
320350,Pure or complex X-linked spastic paraplegia,Group of disorders,0,0,0,
320355,Autosomal dominant spastic paraplegia type 41,Disorder,1,1,1,3.5
320360,MT-ATP6-related mitochondrial spastic paraplegia,Disorder,1,1,1,2.5
320365,Autosomal dominant spastic paraplegia type 36,Disorder,1,1,1,0.5
320370,Autosomal recessive spastic paraplegia type 43,Disorder,1,1,1,1.0
320375,Autosomal recessive spastic paraplegia type 55,Disorder,1,1,1,7.0
320380,Autosomal recessive spastic paraplegia type 54,Disorder,1,1,1,3.0
320385,Hereditary sensory and autonomic neuropathy due to TECPR2 mutation,Disorder,1,1,1,2.5
320391,Autosomal recessive spastic paraplegia type 46,Disorder,1,1,1,2.5
320396,Autosomal recessive spastic paraplegia type 45,Disorder,1,1,1,3.5
320401,Autosomal recessive spastic paraplegia type 44,Disorder,1,1,1,1.5
320406,Spastic paraplegia-optic atrophy-neuropathy syndrome,Disorder,2,1,1,37.5
320411,Autosomal recessive spastic paraplegia type 56,Disorder,1,1,1,2.5
322126,Genetic tumor of hematopoietic and lymphoid tissues,Group of disorders,0,0,0,
324262,Autosomal recessive congenital cerebellar ataxia due to MGLUR1 deficiency,Subtype of disorder,1,1,1,5.0
324290,PRDM8-related progressive myoclonus epilepsy,Disorder,1,1,1,1.5
324294,T-cell immunodeficiency with epidermodysplasia verruciformis,Disorder,1,1,1,1.0
324299,Multiple paragangliomas associated with polycythemia,Disorder,1,1,1,1.0
324307,Severe lateral tibial bowing-short stature-mild winged scapula-mild facial dysmorphism syndrome,Disorder,0,1,1,1.0
324313,"9p13 microdeletion syndrome",Disorder,0,1,1,2.0
324321,Sinoatrial node dysfunction and deafness,Disorder,1,1,1,4.0
324353,Congenital achiasma,Disorder,0,1,1,0.0
324364,Mixed sclerosing bone dystrophy with extra-skeletal manifestations,Disorder,0,1,1,1.0
324381,Hereditary inclusion body myopathy type 4,Disorder,0,1,1,8.5
324410,X-linked intellectual disability-cardiomegaly-congestive heart failure syndrome,Disorder,1,1,1,1.0
324416,Muscular hypertrophy-hepatomegaly-polyhydramnios syndrome,Disorder,0,1,1,1.0
324422,ALG13-CDG,Disorder,1,1,1,0.5
324442,Autosomal recessive axonal neuropathy with neuromyotonia,Disorder,1,1,1,16.5
324525,Hypertrophic cardiomyopathy with kidney anomalies due to mitochondrial DNA mutation,Disorder,1,1,1,1.5
324530,Autoinflammation-PLCG2-associated antibody deficiency-immune dysregulation,Disorder,1,1,1,1.0
324535,Combined oxidative phosphorylation defect type 11,Disorder,1,1,1,16.0
324540,Aphonia-deafness-retinal dystrophy-bifid halluces-intellectual disability syndrome,Disorder,0,1,1,1.0
324561,Hypopigmentation-punctate palmoplantar keratoderma syndrome,Disorder,1,1,1,3.0
324569,Pontocerebellar hypoplasia type 8,Disorder,1,1,1,3.0
324575,Hyperinsulinism due to HNF1A deficiency,Disorder,1,1,1,1.0
324581,Benign Samaritan congenital myopathy,Disorder,1,1,1,2.0
324585,Autosomal dominant intermediate Charcot-Marie-Tooth disease with neuropathic pain,Disorder,1,1,1,4.5
324588,Familial dyskinesia and facial myokymia,Disorder,1,1,1,9.0
324601,X-linked cleft palate and ankyloglossia,Disorder,1,1,1,0.0
324604,Classic multiminicore myopathy,Subtype of disorder,3,1,1,
324611,Autosomal dominant Charcot-Marie-Tooth disease type 2 due to KIF5A mutation,Disorder,1,1,1,0.0
324625,Chikungunya,Disorder,0,1,1,0.12588235294117647
324632,Hendra virus infection,Disorder,0,1,1,3.5
324636,Autoerythrocyte sensitization syndrome,Disorder,0,1,1,85.0
324648,Invasive non-typhoidal salmonellosis,Disorder,0,1,1,0.0
324703,ABetaL34V amyloidosis,Subtype of disorder,1,1,1,0.5
324708,"ABeta amyloidosis, Iowa type",Subtype of disorder,1,1,1,1.0
324713,"ABeta amyloidosis, Italian type",Subtype of disorder,1,1,1,3.5
324718,ABetaA21G amyloidosis,Subtype of disorder,1,1,1,1.0
324723,"ABeta amyloidosis, Arctic type",Subtype of disorder,1,1,1,0.5
324737,SRD5A3-CDG,Disorder,1,1,1,3.5
324761,Microcephalic primordial dwarfism,Group of disorders,0,0,0,
324764,Trichorhinophalangeal syndrome,Group of disorders,0,0,0,
324767,Non-familial rare disease with dilated cardiomyopathy,Group of disorders,0,0,0,
324924,Hereditary periodic fever syndrome,Group of disorders,0,0,0,
324927,Pyogenic autoinflammatory syndrome,Group of disorders,0,0,0,
324930,Granulomatous autoinflammatory syndrome,Group of disorders,0,0,0,
324933,Mixed autoinflammatory and autoimmune syndrome,Group of disorders,0,0,0,
324936,Unclassified autoinflammatory syndrome,Group of disorders,0,1,1,
324939,Periodic fever syndrome of childhood,Group of disorders,0,0,0,
324942,Pyogenic autoinflammatory syndrome of childhood,Group of disorders,0,0,0,
324950,Granulomatous autoinflammatory syndrome of childhood,Group of disorders,0,0,0,
324953,Unclassified autoinflammatory syndrome of childhood,Group of disorders,0,0,0,
324960,Unexplained periodic fever syndrome of childhood,Group of disorders,0,0,0,
324964,Chronic nonbacterial osteomyelitis/Chronic recurrent multifocal osteomyelitis,Disorder,0,1,1,1.4
324972,MAGIC syndrome,Disorder,0,1,1,10.5
324977,Proteasome-associated autoinflammatory syndrome,Disorder,1,1,1,20.0
324982,OBSOLETE: Adult-onset SAPHO syndrome,Subtype of disorder,0,0,0,
324989,OBSOLETE: Juvenile-onset SAPHO syndrome,Subtype of disorder,0,0,0,
324999,JMP syndrome,Subtype of disorder,0,0,0,
325004,CANDLE syndrome,Subtype of disorder,0,0,0,
325055,"46,XX disorder of gonadal development",Group of disorders,0,0,0,
325061,"46,XX difference of sex development induced by fetoplacental androgens excess",Group of disorders,0,0,0,
325093,"46,XX difference of sex development induced by endogenous maternal-derived androgen",Group of disorders,0,0,0,
325099,"46,XX difference of sex development induced by exogenous maternal-derived androgen",Group of disorders,0,0,0,
325109,"Syndrome with 46,XX difference of sex development",Group of disorders,0,0,0,
325118,"46,XY disorder of gonadal development",Group of disorders,0,0,0,
325124,Testicular agenesis,Disorder,0,1,1,2.5
325345,"46,XY ovotesticular difference of sex development",Disorder,0,1,1,1.3
325351,"46,XY difference of sex development of endocrine origin",Group of disorders,0,0,0,
325357,"46,XY difference of sex development due to impaired androgen production",Group of disorders,0,0,0,
325448,Leydig cell hypoplasia due to LHB deficiency,Subtype of disorder,1,1,1,
325511,"46,XY difference of sex development due to a cholesterol synthesis defect",Group of disorders,0,0,0,
325524,Classic congenital lipoid adrenal hyperplasia due to STAR deficency,Subtype of disorder,1,1,1,
325529,Non-classic congenital lipoid adrenal hyperplasia due to STAR deficency,Subtype of disorder,1,1,1,
325537,"46,XY difference of sex development induced by maternal exposure to endocrine disruptors",Group of disorders,0,0,0,
325546,Sex chromosome difference of sex development,Group of disorders,0,0,0,
325620,Difference of sex development of gynecological interest,Group of disorders,0,0,0,
325632,"46,XY difference of sex development of gynecological interest",Group of disorders,0,0,0,
325638,Syndrome with difference of sex development of gynecological interest,Group of disorders,0,0,0,
325665,Genetic difference of sex development of gynecological interest,Group of disorders,0,0,0,
325690,Genetic difference of sex development,Group of disorders,0,0,0,
325697,"Genetic 46,XX difference of sex development",Group of disorders,0,0,0,
325706,"Genetic 46,XY difference of sex development",Group of disorders,0,0,0,
325713,"Genetic 46,XY difference of sex development of endocrine origin",Group of disorders,0,0,0,
328269,OBSOLETE: Rare bone disease with limb reduction defect,Group of disorders,0,0,0,
329173,Autoinflammatory syndrome with pyogenic bacterial infection and amylopectinosis,Disorder,2,1,1,2.5
329178,Congenital muscular dystrophy with intellectual disability and severe epilepsy,Disorder,1,1,1,1.5
329191,Tall stature-long halluces-multiple extra-epiphyses syndrome,Disorder,1,1,1,1.0
329195,Developmental delay with autism spectrum disorder and gait instability,Disorder,1,1,1,11.0
329206,OBSOLETE: Congenital muscular dystrophy-muscle hypertrophy-severe intellectual disability syndrome,Disorder,0,0,0,
329211,Autosomal dominant neovascular inflammatory vitreoretinopathy,Disorder,1,1,1,49.5
329217,Cerebral sinovenous thrombosis,Disorder,3,1,1,0.0
329224,Schuurs-Hoeijmakers syndrome,Disorder,1,1,1,1.0
329228,Microcephalic primordial dwarfism due to ZNF335 deficiency,Disorder,1,1,1,5.0
329235,X-linked central congenital hypothyroidism with late-onset testicular enlargement,Disorder,1,1,1,13.5
329242,Congenital chronic diarrhea with protein-losing enteropathy,Disorder,2,1,1,1.0
329249,Severe early-onset obesity-insulin resistance syndrome due to SH2B1 deficiency,Subtype of disorder,1,1,1,6.5
329252,OBSOLETE: Spondylocostal dysostosis-hypospadias-intellectual disability syndrome,Disorder,0,0,0,
329255,Blepharophimosis-intellectual disability syndrome due to UBE3B deficiency,Disorder,0,0,0,
329258,Autosomal dominant Charcot-Marie-Tooth disease type 2Q,Disorder,1,1,1,4.0
329284,Beta-propeller protein-associated neurodegeneration,Disorder,1,1,1,34.0
329303,PLA2G6-associated neurodegeneration,Group of disorders,0,0,0,
329308,Fatty acid hydroxylase-associated neurodegeneration,Disorder,1,1,1,0.0
329314,Adult-onset multiple mitochondrial DNA deletion syndrome due to DGUOK deficiency,Disorder,1,1,1,0.0
329319,Thrombocythemia with distal limb defects,Disorder,1,1,1,1.5
329324,Inverse Klippel-Trénaunay syndrome,Disorder,0,0,0,
329329,Autosomal recessive frontotemporal pachygyria,Disorder,0,1,1,3.5
329332,Microcephaly-cerebellar hypoplasia-cardiac conduction defect syndrome,Disorder,0,1,1,2.0
329336,Adult-onset chronic progressive external ophthalmoplegia with mitochondrial myopathy,Disorder,2,1,1,0.0
329341,OBSOLETE: Limbic encephalitis with DPP6 antibodies,Disorder,0,0,0,
329457,Distal arthrogryposis type 5D,Disorder,1,1,1,16.5
329466,"Autosomal dominant focal dystonia, DYT25 type",Disorder,1,1,1,14.0
329469,Acute megakaryoblastic leukemia in children without Down syndrome,Subtype of disorder,2,1,1,0.0
329475,Spastic paraplegia-Paget disease of bone syndrome,Disorder,1,1,1,0.5
329478,Adult-onset distal myopathy due to VCP mutation,Disorder,1,1,1,4.5
329481,Lipoprotein glomerulopathy,Disorder,1,1,1,75.0
329802,"5p13 microduplication syndrome",Disorder,1,1,1,3.5
329813,Mosaic genome-wide paternal uniparental disomy syndrome,Disorder,0,1,1,6.5
329874,Idiopathic giant cell myocarditis,Disorder,0,1,1,0.0
329883,Non-hypoproteinemic hypertrophic gastropathy,Disorder,0,1,1,0.5
329888,Juvenile idiopathic inflammatory myopathy,Group of disorders,0,0,0,
329894,Juvenile overlap myositis,Disorder,0,1,1,
329903,Immunoglobulin-mediated membranoproliferative glomerulonephritis,Subtype of disorder,2,1,1,0.0
329918,C3 glomerulopathy,Subtype of disorder,0,1,1,0.15
329931,C3 glomerulonephritis,Subtype of disorder,4,1,1,
329942,Transient neonatal multiple acyl-CoA dehydrogenase deficiency,Disorder,0,1,1,0.5
329967,Intermittent hydrarthrosis,Disorder,2,1,1,0.0
329971,Generalized juvenile polyposis/juvenile polyposis coli,Subtype of disorder,3,1,1,0.0
329977,Classic neuroendocrine tumor of appendix,Subtype of disorder,0,1,1,0.125
329984,Goblet cell carcinoma,Subtype of disorder,0,1,1,0.0125
329998,OBSOLETE: Lymphomatous meningitis,Disorder,0,0,0,
330001,Wild type ATTR amyloidosis,Disorder,0,1,1,1.72
330006,NON RARE IN EUROPE: Macular telangiectasia type 2,Disorder,0,0,0,
330009,OBSOLETE: Poliomyelitis in patients with immunodeficiencies deemed at risk,Disorder,0,0,0,
330012,High altitude pulmonary edema,Disorder,0,1,1,0.0
330015,Lead poisoning,Disorder,0,1,1,1.49
330021,Mercury poisoning,Disorder,0,1,1,0.0
330029,Hypotrichosis-deafness syndrome,Disorder,0,1,1,0.5
330032,Hemoglobin Lepore-beta-thalassemia syndrome,Disorder,1,1,1,0.0
330041,Hemoglobin M disease,Disorder,3,1,1,0.0
330050,DNM1L-related encephalopathy due to mitochondrial and peroxisomal fission defect,Subtype of disorder,1,1,1,5.5
330054,Congenital cataract-progressive muscular hypotonia-hearing loss-developmental delay syndrome,Disorder,1,1,1,1.5
330058,Hydroa vacciniforme,Disorder,0,1,1,0.17
330061,Actinic prurigo,Disorder,0,1,1,0.0
330064,Chronic actinic dermatitis,Disorder,0,1,1,8.35
330197,OBSOLETE: Genetic multiple congenital anomalies/dysmorphic syndrome-variable intellectual disability syndrome,Group of disorders,0,0,0,
330206,Genetic multiple congenital anomalies/dysmorphic syndrome without intellectual disability,Group of disorders,0,0,0,
331176,Severe congenital neutropenia due to G6PC3 deficiency,Disorder,1,1,1,28.5
331184,Syndrome with congenital neutropenia as a major feature,Group of disorders,0,0,0,
331187,Immunodeficiency due to MASP-2 deficiency,Disorder,1,1,1,0.5
331190,Immunodeficiency due to ficolin3 deficiency,Disorder,1,1,1,0.5
331193,Other immunodeficiency syndromes due to defects in innate immunity,Group of disorders,0,0,0,
331206,Severe combined immunodeficiency due to complete RAG1/2 deficiency,Disorder,2,1,1,1.0
331217,Syndrome with combined immunodeficiency,Group of disorders,0,0,0,
331220,Syndome with combined immunodeficiency due to thymic defect,Group of disorders,0,0,0,
331223,Hyper-IgE syndrome,Group of disorders,0,0,0,
331226,Susceptibility to infection due to TYK2 deficiency,Disorder,1,1,1,4.0
331232,Immunodeficiency with isotype or light chain deficiencies with normal number of B-cells,Group of disorders,0,0,0,
331235,Selective IgM deficiency,Disorder,0,1,1,0.0
331240,Immunodeficiency with severe reduction in serum IgG and IgA with normal/elevated IgM and normal number of B-cells,Group of disorders,0,0,0,
331244,OBSOLETE: Other immunodeficiency syndrome with predominantly antibody defects,Group of disorders,0,0,0,
331249,Primary hemophagocytic lymphohistiocytosis with hypopigmentation,Group of disorders,0,0,0,
352298,OBSOLETE: Genetic muscular channelopathy,Group of disorders,0,0,0,
352301,"Disorder of phospholipids, sphingolipids and fatty acids biosynthesis",Group of disorders,0,0,0,
352306,"Disorder of phospholipids, sphingolipids and fatty acids biosynthesis with central nervous system predominant involvement",Group of disorders,0,0,0,
352309,"Disorder of phospholipids, sphingolipids and fatty acids biosynthesis with peripheral nerves predominant involvement",Group of disorders,0,0,0,
352312,"Disorder of phospholipids, sphingolipids and fatty acids biosynthesis with skeletal muscle predominant involvement",Group of disorders,0,0,0,
352328,MEGDEL syndrome,Disorder,1,1,1,33.5
352333,Congenital ichthyosis-intellectual disability-spastic quadriplegia syndrome,Disorder,1,1,1,1.0
352403,Spectrin-associated autosomal recessive cerebellar ataxia,Disorder,1,1,1,1.0
352447,Progressive external ophthalmoplegia-myopathy-emaciation syndrome,Disorder,1,1,1,3.0
352456,Mitochondrial DNA maintenance syndrome,Group of disorders,0,0,0,
352470,DNA2-related mitochondrial DNA deletion syndrome,Disorder,1,1,1,2.0
352479,ISPD-related limb-girdle muscular dystrophy R20,Disorder,1,1,1,4.0
352482,OBSOLETE: Autosomal recessive limb-girdle muscular dystrophy with cerebellar involvement,Disorder,0,0,0,
352487,Digital anomalies-intellectual disability-short stature syndrome,Disorder,0,0,0,
352490,Autism spectrum disorder due to AUTS2 deficiency,Disorder,1,1,1,30.0
352497,OBSOLETE: Juvenile parkinsonism with intellectual disability due to DNAJC6 deficiency,Disorder,0,0,0,
352504,OBSOLETE: Levodopa-unresponsive juvenile parkinsonism,Disorder,0,0,0,
352530,Intellectual disability-obesity-brain malformations-facial dysmorphism syndrome,Disorder,1,1,1,1.0
352540,Oncogenic osteomalacia,Disorder,0,1,1,200.35
352563,Infantile hypertrophic cardiomyopathy due to MRPL44 deficiency,Disorder,1,1,1,1.0
352577,Bainbridge-Ropers syndrome,Disorder,1,1,1,38.5
352582,Familial infantile myoclonic epilepsy,Disorder,3,1,1,3.5
352587,Focal epilepsy-intellectual disability-cerebro-cerebellar malformation,Disorder,1,1,1,3.5
352596,Progressive myoclonic epilepsy with dystonia,Disorder,1,1,1,2.5
352613,Male infertility due to NANOS1 mutation,Disorder,0,0,0,
352629,"16q24.1 microdeletion syndrome",Disorder,0,1,1,21.0
352636,Phalangeal microgeodic syndrome,Disorder,0,1,1,25.0
352641,Autosomal recessive cerebellar ataxia with late-onset spasticity,Disorder,1,1,1,5.0
352649,Brain dopamine-serotonin vesicular transport disease,Disorder,1,1,1,4.0
352654,Early-onset progressive neurodegeneration-blindness-ataxia-spasticity syndrome,Disorder,1,1,1,3.0
352657,Hereditary benign intraepithelial dyskeratosis,Disorder,0,1,1,0.0
352662,Corneal intraepithelial dyskeratosis-palmoplantar hyperkeratosis-laryngeal dyskeratosis syndrome,Disorder,1,1,1,9.5
352665,Neurodevelopmental disorder-craniofacial dysmorphism-cardiac defect-skeletal anomalies syndrome due to 9q21.3 microdeletion,Subtype of disorder,1,1,1,1.0
352670,Autosomal dominant intermediate Charcot-Marie-Tooth disease type F,Disorder,1,1,1,4.0
352675,X-linked Charcot-Marie-Tooth disease type 6,Disorder,1,1,1,4.0
352682,Cobblestone lissencephaly without muscular or ocular involvement,Disorder,2,1,1,3.0
352687,Congenital muscular alpha-dystroglycanopathy with brain and eye anomalies,Group of disorders,0,0,0,
352694,OBSOLETE: Cobblestone lissencephaly type A,Group of disorders,0,0,0,
352699,OBSOLETE: Cobblestone lissencephaly type C,Group of disorders,0,0,0,
352704,OBSOLETE: Cobblestone lissencephaly type B,Disorder,0,0,0,
352709,CLN13 disease,Disorder,1,1,1,3.0
352712,Facial dysmorphism-immunodeficiency-livedo-short stature syndrome,Disorder,1,1,1,5.5
352718,Progressive retinal dystrophy due to retinol transport defect,Disorder,1,1,1,2.5
352723,Attenuated Chédiak-Higashi syndrome,Disorder,1,1,1,50.0
352728,Disorder of melanin metabolism,Group of disorders,0,0,0,
352731,Oculocutaneous albinism type 1,Disorder,0,1,1,2.5
352734,Minimal pigment oculocutaneous albinism type 1,Subtype of disorder,1,1,1,5.0
352737,Temperature-sensitive oculocutaneous albinism type 1,Subtype of disorder,1,1,1,5.0
352740,Ocular albinism with congenital sensorineural deafness,Disorder,0,0,0,
352745,Oculocutaneous albinism type 7,Disorder,1,1,1,4.5
352763,Scleredema,Disorder,0,1,1,0.0
353217,Epileptic encephalopathy with global cerebral demyelination,Disorder,1,1,1,2.0
353220,Familial primary localized cutaneous amyloidosis,Disorder,2,1,1,0.0
353225,NON RARE IN EUROPE: Primary adult open-angle glaucoma,Disorder,0,0,0,
353253,Burning mouth syndrome,Disorder,0,1,1,0.0
353277,Rubinstein-Taybi syndrome due to CREBBP mutations,Subtype of disorder,1,1,1,
353281,Rubinstein-Taybi syndrome due to 16p13.3 microdeletion,Subtype of disorder,1,1,1,
353284,Rubinstein-Taybi syndrome due to EP300 haploinsufficiency,Subtype of disorder,1,1,1,17.0
353298,Roifman syndrome,Disorder,1,1,1,8.5
353308,"Pyruvate carboxylase deficiency, infantile type",Subtype of disorder,1,1,1,0.0
353314,"Pyruvate carboxylase deficiency, severe neonatal type",Subtype of disorder,1,1,1,0.0
353320,"Pyruvate carboxylase deficiency, benign type",Subtype of disorder,1,1,1,2.5
353327,Congenital myasthenic syndrome with glycosylation defect,Subtype of disorder,5,1,1,0.0
353334,Congenital retinal arteriovenous communication,Disorder,0,1,1,0.0
353344,Idiopathic macular telangiectasia type 1,Disorder,0,1,1,12.0
353351,Idiopathic macular telangiectasia type 3,Disorder,0,1,1,4.5
353356,Vasoproliferative tumor of the retina,Disorder,0,0,0,
356947,"3q26q27 microdeletion syndrome",Disorder,0,0,0,
356961,SLC35A2-CDG,Disorder,1,1,1,2.0
356978,"D,L-2-hydroxyglutaric aciduria",Disorder,1,1,1,6.5
356996,ANK3-related intellectual disability-sleep disturbance syndrome,Disorder,1,1,1,2.5
357001,"19p13.13 microdeletion syndrome",Disorder,0,1,1,3.5
357008,Hemolytic uremic syndrome with DGKE deficiency,Disorder,1,1,1,23.5
357027,Hereditary retinoblastoma,Subtype of disorder,2,1,1,0.0
357034,Non-hereditary retinoblastoma,Subtype of disorder,2,1,1,0.019
357043,Amyotrophic lateral sclerosis type 4,Disorder,1,1,1,35.0
357058,Autosomal recessive cutis laxa type 2A,Disorder,0,1,1,13.0
357064,Autosomal recessive cutis laxa type 2B,Disorder,1,1,1,8.0
357074,"Autosomal recessive cutis laxa type 2, classic type",Subtype of disorder,3,1,1,
357107,Arterial thoracic outlet syndrome,Subtype of disorder,0,0,0,
357131,Venous thoracic outlet syndrome,Subtype of disorder,0,0,0,
357154,Oral submucous fibrosis,Disorder,0,1,1,0.0
357158,Mandibulofacial dysostosis-macroblepharon-macrostomia syndrome,Disorder,0,1,1,1.0
357175,Short ulna-dysmorphism-hypotonia-intellectual disability syndrome,Disorder,0,1,1,2.0
357220,Primary essential cutis verticis gyrata,Disorder,0,1,1,0.0
357225,Primary non-essential cutis verticis gyrata,Disorder,0,1,1,
357237,Combined immunodeficiency due to CARD11 deficiency,Disorder,1,1,1,1.5
357329,Combined immunodeficiency due to IL21R deficiency,Disorder,1,1,1,3.0
357332,Syndactyly-camptodactyly and clinodactyly of fifth fingers-bifid toes syndrome,Disorder,0,1,1,13.0
357502,Idiopathic nephrotic syndrome,Group of disorders,0,1,1,0.0
357506,Genetic non-syndromic renal or urinary tract malformation,Group of disorders,0,0,0,
363189,Congenital anomaly of the great veins,Group of disorders,0,0,0,
363203,Ring chromosome syndrome,Group of disorders,0,0,0,2.0
363245,Genetic progeroid syndrome,Group of disorders,0,0,0,
363250,Ciliopathy,Group of disorders,0,0,0,
363266,OBSOLETE: Rare hereditary iron overload disease,Group of disorders,0,0,0,
363294,Genetic syndromic Pierre Robin syndrome,Group of disorders,0,0,0,
363300,Genetic intractable diarrhea of infancy,Group of disorders,0,0,0,
363306,Genetic intestinal disease due to fat malabsorption,Group of disorders,0,0,0,
363314,Genetic intestinal polyposis,Group of disorders,0,0,0,
363396,High myopia-sensorineural deafness syndrome,Disorder,1,1,1,3.5
363400,Progressive encephalopathy-severe neurodegeneration-lipodystrophy syndrome,Disorder,1,1,1,5.0
363409,Fetal akinesia-cerebral and retinal hemorrhage syndrome,Disorder,1,1,1,1.5
363412,Hypomyelination with brain stem and spinal cord involvement and leg spasticity,Disorder,1,1,1,6.5
363417,Temtamy preaxial brachydactyly syndrome,Disorder,1,1,1,9.0
363424,Multiple mitochondrial dysfunctions syndrome type 3,Disorder,1,1,1,1.0
363429,Autosomal recessive cerebellar ataxia-pyramidal signs-nystagmus-oculomotor apraxia syndrome,Disorder,0,1,1,8.5
363432,Autosomal recessive congenital cerebellar ataxia due to GRID2 deficiency,Subtype of disorder,1,1,1,3.5
363444,THOC6-related developmental delay-microcephaly-facial dysmorphism syndrome,Disorder,1,1,1,2.0
363447,Autosomal dominant childhood-onset proximal spinal muscular atrophy,Disorder,0,1,1,48.5
363454,BICD2-related autosomal dominant childhood-onset proximal spinal muscular atrophy,Subtype of disorder,1,1,1,30.0
363472,Tumor of testis and paratestis,Group of disorders,0,0,0,30.30666666666667
363478,Paratesticular adenocarcinoma,Disorder,0,1,1,0.0026428571428571425
363483,Testicular teratoma,Disorder,0,1,1,0.02
363489,Sex cord-stromal tumor of testis,Disorder,0,1,1,0.03926086956521739
363494,Non-seminomatous germ cell tumor of testis,Disorder,2,1,1,17.37
363504,Germ cell tumor of testis,Group of disorders,0,0,0,
363523,Hypohidrosis-enamel hypoplasia-palmoplantar keratoderma-intellectual disability syndrome,Disorder,1,1,1,6.0
363528,Intellectual disability-strabismus syndrome,Disorder,1,1,1,17.0
363534,"Mitochondrial DNA depletion syndrome, hepatocerebrorenal form",Disorder,1,1,1,1.5
363540,Leukoencephalopathy with mild cerebellar ataxia and white matter edema,Disorder,1,1,1,3.0
363543,Autosomal recessive limb-girdle muscular dystrophy type 2R,Disorder,0,0,0,
363549,Acute encephalopathy with biphasic seizures and late reduced diffusion,Disorder,1,1,1,141.5
363558,New-onset refractory status epilepticus,Disorder,0,1,1,0.0
363567,Acute encephalopathy with inflammation-mediated status epilepticus,Group of disorders,0,1,1,0.0
363579,Extragonadal germ cell tumor,Group of disorders,0,0,0,0.13
363582,Gonadal germ cell tumor,Group of disorders,0,0,0,
363611,CTCF-related neurodevelopmental disorder,Disorder,1,1,1,2.5
363618,LMNA-related cardiocutaneous progeria syndrome,Disorder,1,1,1,2.5
363623,GMPPB-related limb-girdle muscular dystrophy R19,Disorder,1,1,1,1.0
363629,OBSOLETE: GMPPB-related congenital muscular dystrophy,Disorder,0,0,0,
363649,Mandibular hypoplasia-deafness-progeroid features-lipodystrophy syndrome,Disorder,1,1,1,10.5
363654,X-linked parkinsonism-spasticity syndrome,Disorder,1,1,1,2.5
363659,"20q11.2 microduplication syndrome",Disorder,0,1,1,0.0
363665,Acroosteolysis-keloid-like lesions-premature aging syndrome,Disorder,1,1,1,2.5
363677,Childhood-onset autosomal recessive myopathy with external ophthalmoplegia,Disorder,1,1,1,11.0
363680,"2p13.2 microdeletion syndrome",Disorder,0,1,1,1.0
363686,Severe intellectual disability-poor language-strabismus-grimacing face-long fingers syndrome,Disorder,1,1,1,2.0
363694,Hyperuricemia-pulmonary hypertension-renal failure-alkalosis syndrome,Disorder,1,1,1,2.0
363700,Neurofibromatosis type 1 due to NF1 mutation or intragenic deletion,Subtype of disorder,1,1,1,
363705,Craniofaciofrontodigital syndrome,Disorder,0,1,1,2.0
363710,Spinocerebellar ataxia type 37,Disorder,2,1,1,4.5
363717,Alexander disease type I,Subtype of disorder,1,1,1,0.0
363722,Alexander disease type II,Subtype of disorder,1,1,1,0.0
363727,X-linked dyserythropoietic anemia with abnormal platelets and neutropenia,Disorder,1,1,1,0.5
363741,Colobomatous microphthalmia-obesity-hypogenitalism-intellectual disability syndrome,Disorder,0,1,1,0.0
363746,Balint syndrome,Disorder,0,1,1,0.0
363958,"17q21.31 microdeletion syndrome",Subtype of disorder,1,1,1,1.82
363965,Koolen-De Vries syndrome due to a point mutation,Subtype of disorder,1,1,1,2.0
363969,Autosomal recessive cerebral atrophy,Disorder,1,1,1,2.0
363972,Noonan syndrome-like disorder with juvenile myelomonocytic leukemia,Disorder,1,1,1,
363976,Giant cell tumor of bone,Disorder,0,1,1,0.0702
363981,Charcot-Marie-Tooth disease type 4B3,Disorder,1,1,1,1.5
363989,Familial benign flecked retina,Disorder,1,1,1,6.0
363992,Ichthyosis-short stature-brachydactyly-microspherophakia syndrome,Disorder,2,1,1,3.5
363999,Non-immune hydrops fetalis,Subtype of disorder,3,1,1,114.0
364013,Immune hydrops fetalis,Subtype of disorder,0,1,1,16.65
364028,X-linked intellectual disability due to GRIA3 mutations,Disorder,1,1,1,7.0
364033,Systemic Epstein-Barr virus-positive T-cell lymphoproliferative disease of childhood,Disorder,0,1,1,0.0
364039,Hydroa vacciniforme-like lymphoma,Disorder,0,1,1,
364043,ALK-positive large B-cell lymphoma,Disorder,1,1,1,
364055,Severe early-childhood-onset retinal dystrophy,Disorder,4,1,1,0.0
364063,Infantile epileptic-dyskinetic encephalopathy,Disorder,1,1,1,
364198,Bipartite talus,Disorder,0,1,1,11.5
364526,Primary bone dysplasia,Group of disorders,0,0,0,
364531,"Primary bone dysplasia with progressive ossification of skin, skeletal muscle, fascia, tendons and ligaments",Group of disorders,0,0,0,
364536,Primary bone dysplasia with micromelia,Group of disorders,0,0,0,
364541,Otopalatodigital syndrome spectrum disorder,Group of disorders,0,0,0,
364559,Dysostosis,Group of disorders,0,0,0,
364568,Dysostosis with limb anomaly as a major feature,Group of disorders,0,0,0,
364571,Dysostosis with limb and face anomalies as a major feature,Group of disorders,0,0,0,
364574,Acrofacial dysostosis,Group of disorders,0,0,0,
364577,Intellectual disability-brachydactyly-Pierre Robin syndrome,Disorder,0,1,1,2.0
364803,Rare bone disease related to a common gene or pathway defect,Group of disorders,0,0,0,
364817,OBSOLETE: Aggrecan-related bone disorder,Group of disorders,0,0,0,
364820,TRPV4-related bone disorder,Group of disorders,0,0,0,
365563,Primary short bowel syndrome,Group of disorders,0,0,0,
369837,Intellectual disability-seizures-hypophosphatasia-ophthalmic-skeletal anomalies syndrome,Disorder,1,1,1,2.0
369840,TRAPPC11-related limb-girdle muscular dystrophy R18,Disorder,1,1,1,1.5
369847,Intellectual disability-hyperkinetic movement-truncal ataxia syndrome,Disorder,1,1,1,2.5
369852,Congenital neutropenia-myelofibrosis-nephromegaly syndrome,Disorder,1,1,1,8.0
369861,Congenital sideroblastic anemia-B-cell immunodeficiency-periodic fever-developmental delay syndrome,Disorder,1,1,1,8.0
369867,Autosomal recessive intermediate Charcot-Marie-Tooth disease type C,Disorder,1,1,1,1.5
369873,Obesity due to SIM1 deficiency,Subtype of disorder,1,1,1,0.0
369881,"2p21 microdeletion syndrome without cystinuria",Disorder,2,1,1,1.0
369886,Homozygous 2p21 microdeletion syndrome,Group of disorders,0,1,1,0.0
369891,Developmental delay-facial dysmorphism syndrome due to MED13L deficiency,Disorder,1,1,1,35.0
369894,OBSOLETE: Early infantile epileptic encephalopathy without suppression burst,Disorder,0,0,0,
369897,"Mitochondrial DNA depletion syndrome, encephalomyopathic form with variable craniofacial anomalies",Disorder,1,1,1,10.0
369902,OBSOLETE: DDX59-related orofaciodigital syndrome,Disorder,0,0,0,
369913,Combined oxidative phosphorylation defect type 17,Disorder,1,1,1,10.0
369920,Pontocerebellar hypoplasia type 9,Disorder,1,1,1,7.0
369929,Primary hyperaldosteronism-seizures-neurological abnormalities syndrome,Disorder,1,1,1,1.0
369939,Severe motor and intellectual disabilities-sensorineural deafness-dystonia syndrome,Disorder,1,1,1,3.5
369942,CADDS,Disorder,2,1,1,2.0
369950,Intellectual disability-seizures-macrocephaly-obesity syndrome,Disorder,0,1,1,3.5
369955,"Methylmalonic acidemia with homocystinuria, type cblJ",Subtype of disorder,1,1,1,1.0
369962,"Methylmalonic acidemia with homocystinuria, type cblX",Subtype of disorder,1,1,1,9.0
369970,Microcornea-myopic chorioretinal atrophy-telecanthus syndrome,Disorder,1,1,1,7.0
369979,Finger hyperphalangy-toe anomalies-severe pectus excavatum syndrome,Disorder,0,1,1,1.0
369992,Severe dermatitis-multiple allergies-metabolic wasting syndrome,Disorder,2,1,1,1.5
369999,Diffuse palmoplantar keratoderma with painful fissures,Disorder,1,1,1,0.0
370002,Focal palmoplantar keratoderma with joint keratoses,Disorder,1,1,1,0.0
370006,Hypothalamic insufficiency-secondary microcephaly-visual impairment-urinary anomalies syndrome,Disorder,0,0,0,
370010,Intellectual disability-facial dysmorphism-hand anomalies syndrome,Disorder,0,1,1,1.5
370015,"Spondyloepimetaphyseal dysplasia, Isidor-Toutain type",Disorder,1,1,1,1.0
370019,"Spondylometaphyseal dysplasia, Czarny-Ratajczak type",Disorder,0,0,0,
370022,Ataxia-intellectual disability-oculomotor apraxia-cerebellar cysts syndrome,Disorder,1,1,1,3.5
370026,Acute myeloid leukemia with t(8;16)(p11;p13) translocation,Disorder,2,1,1,0.0
370034,Familial syringomyelia,Subtype of disorder,0,1,1,0.0
370039,Angora hair nevus,Disorder,0,1,1,1.0
370046,Didymosis aplasticosebacea,Disorder,0,1,1,9.0
370052,SCALP syndrome,Disorder,0,1,1,2.0
370059,NEVADA syndrome,Disorder,0,0,0,
370068,Fetal anticonvulsant syndrome,Group of disorders,0,0,0,
370076,Fetal carbamazepine syndrome,Disorder,0,1,1,0.0
370079,Proximal 16p11.2 microduplication syndrome,Disorder,0,1,1,10.5
370088,Acute infantile liver failure-multisystemic involvement syndrome,Disorder,1,1,1,3.0
370091,Oculocutaneous albinism type 5,Disorder,0,1,1,0.5
370097,Oculocutaneous albinism type 6,Disorder,1,1,1,0.5
370103,"Primary dystonia, DYT17 type",Disorder,1,1,1,1.5
370106,Rare disorder with dystonia and other neurologic or systemic manifestation,Group of disorders,0,0,0,
370109,Ataxia-telangiectasia variant,Disorder,1,1,1,
370114,Combined cervical dystonia,Disorder,0,0,0,
370127,Medich giant platelet syndrome,Disorder,0,1,1,1.5
370131,White platelet syndrome,Disorder,0,1,1,0.5
370334,Extraskeletal Ewing sarcoma,Disorder,4,1,1,0.06768181818181819
370348,Peripheral primitive neuroectodermal tumor,Disorder,1,1,1,0.0
370396,Small cell carcinoma of the ovary,Disorder,1,1,1,150.0
370921,STT3A-CDG,Disorder,1,1,1,1.0
370924,STT3B-CDG,Disorder,1,1,1,0.5
370927,SSR4-CDG,Disorder,1,1,1,4.5
370930,XYLT1-CDG,Disorder,1,1,1,1.0
370933,GM3 synthase deficiency,Disorder,1,1,1,
370938,Salt-and-pepper syndrome,Disorder,0,0,0,
370943,Autism spectrum disorder-epilepsy-arthrogryposis syndrome,Disorder,1,1,1,4.0
370953,Congenital muscular dystrophy due to dystroglycanopathy,Group of disorders,0,0,0,
370959,Congenital muscular dystrophy with cerebellar involvement,Disorder,6,1,1,
370968,Congenital muscular dystrophy with intellectual disability,Disorder,5,1,1,0.0
370980,Congenital muscular dystrophy without intellectual disability,Disorder,4,1,1,0.0
370997,Muscle-eye-brain disease with bilateral multicystic leucodystrophy,Disorder,1,1,1,1.0
371007,Congenital muscular dystrophy with hyperlaxity,Disorder,0,1,1,7.0
371024,Qualitative or quantitative defects of alpha-dystroglycan,Group of disorders,0,0,0,
371040,Primary qualitative or quantitative defects of alpha-dystroglycan,Group of disorders,0,0,0,
371047,Congenital disorder of glycosylation with neurological involvement,Group of disorders,0,0,0,
371054,OBSOLETE: X-linked congenital disorder of glycosylation with intellectual disability as a major feature,Group of disorders,0,0,0,
371064,OBSOLETE: Non-X-linked congenital disorder of glycosylation with intellectual disability as a major feature,Group of disorders,0,0,0,
371071,Congenital disorder of glycosylation with epilepsy as a major feature,Group of disorders,0,0,0,
371157,Congenital disorder of glycosylation with hepatic involvement,Group of disorders,0,0,0,
371176,Congenital disorder of glycosylation with dilated cardiomyopathy,Group of disorders,0,0,0,
371183,Congenital disorder of glycosylation with cardiac malformation as a major feature,Group of disorders,0,0,0,
371188,Congenital disorder of glycosylation with intestinal involvement,Group of disorders,0,0,0,
371195,Congenital disorder of glycosylation-related bone disorder,Group of disorders,0,0,0,
371200,Congenital disorder of glycosylation with skin involvement,Group of disorders,0,0,0,
371207,Congenital disorder of glycosylation with nephropathy as a major feature,Group of disorders,0,0,0,
371212,Congenital disorder of glycosylation with deafness as a major feature,Group of disorders,0,0,0,
371235,Congenital disorder of glycosylation with developmental anomaly,Group of disorders,0,0,0,
371364,Hypotonia-speech impairment-severe cognitive delay syndrome,Disorder,0,1,1,0.0
371428,Multicentric osteolysis-nodulosis-arthropathy spectrum,Disorder,2,1,1,25.0
371433,Genetic periodic paralysis,Group of disorders,0,0,0,
371436,Genetic neurovascular malformation,Group of disorders,0,0,0,
371439,OBSOLETE: Genetic cerebrovascular dementia,Group of disorders,0,0,0,
371442,Sphingolipidosis with epilepsy,Group of disorders,0,0,0,
371445,Genetic syndromic esophageal malformation,Group of disorders,0,0,0,
371861,Genetic hyperaldosteronism,Group of disorders,0,0,0,
376724,Generalized isolated dystonia,Group of disorders,0,0,0,
391307,Severe intellectual disability-short stature-behavioral abnormalities-facial dysmorphism syndrome,Disorder,1,1,1,1.5
391311,Susceptibility to viral and mycobacterial infections due to STAT1 deficiency,Disorder,1,1,1,
391316,Infantile-onset mesial temporal lobe epilepsy with severe cognitive regression,Disorder,1,1,1,1.5
391320,East Texas bleeding disorder,Subtype of disorder,1,1,1,9.5
391327,X-linked calvarial hyperostosis,Disorder,0,1,1,0.5
391330,X-linked osteoporosis with fractures,Disorder,1,1,1,4.0
391343,Fatal post-viral neurodegenerative disorder,Disorder,1,1,1,1.0
391348,Growth and developmental delay-hypotonia-vision impairment-lactic acidosis syndrome,Disorder,1,1,1,1.0
391351,SURF1-related Charcot-Marie-Tooth disease type 4,Disorder,1,1,1,1.5
391366,Growth retardation-mild developmental delay-chronic hepatitis syndrome,Disorder,1,1,1,1.0
391372,FOXP1 Syndrome,Disorder,1,1,1,24.0
391376,Congenital microcephaly-severe encephalopathy-progressive cerebral atrophy syndrome,Disorder,1,1,1,10.0
391381,Disorder of asparagine metabolism,Group of disorders,0,0,0,
391384,Familial episodic pain syndrome,Disorder,0,1,1,0.0
391389,Familial episodic pain syndrome with predominantly upper body involvement,Subtype of disorder,1,1,1,10.5
391392,Familial episodic pain syndrome with predominantly lower limb involvement,Subtype of disorder,1,1,1,14.0
391397,Hereditary sensory and autonomic neuropathy type 7,Disorder,1,1,1,1.5
391408,Primary microcephaly-mild intellectual disability-young-onset diabetes syndrome,Disorder,2,1,1,4.0
391411,Atypical juvenile parkinsonism,Disorder,3,1,1,3.0
391417,HSD10 disease,Disorder,0,1,1,18.5
391428,"HSD10 disease, infantile type",Subtype of disorder,1,1,1,
391457,"HSD10 disease, neonatal type",Subtype of disorder,1,1,1,1.5
391474,Frontorhiny,Disorder,1,1,1,0.0
391479,OBSOLETE: Syndromic frontonasal dysplasia,Group of disorders,0,0,0,
391487,STAT1-related autoimmune enteropathy and endocrinopathy-susceptibility to chronic infections syndrome,Disorder,1,1,1,2.5
391490,Adult-onset myasthenia gravis,Subtype of disorder,3,1,1,15.626000000000001
391497,Juvenile myasthenia gravis,Subtype of disorder,0,1,1,0.0
391504,Transient neonatal myasthenia gravis,Subtype of disorder,0,1,1,0.0
391641,Feingold syndrome type 1,Subtype of disorder,1,1,1,60.0
391646,Feingold syndrome type 2,Subtype of disorder,1,1,1,3.5
391651,Glomus tumor,Disorder,0,1,1,
391655,Off-periods in Parkinson disease not responding to oral treatment,Disorder,0,1,1,4.15
391658,OBSOLETE: Cowpox infection,Disorder,0,0,0,
391665,Homozygous familial hypercholesterolemia,Disorder,6,1,1,0.3672666666666667
391673,Necrotizing enterocolitis,Disorder,0,1,1,45.0
391677,Short stature-optic atrophy-Pelger-Huët anomaly syndrome,Disorder,1,1,1,19.5
391711,Persistent combined dystonia,Group of disorders,0,0,0,
391723,Mucinous adenocarcinoma of the appendix,Disorder,0,1,1,
391799,Rare genetic dystonia,Group of disorders,0,0,0,
394529,"Multiple acyl-CoA dehydrogenase deficiency, severe neonatal type",Subtype of disorder,4,1,1,
394532,"Multiple acyl-CoA dehydrogenase deficiency, mild type",Subtype of disorder,5,1,1,
397587,Deep dermatophytosis,Disorder,0,1,1,0.0
397590,Silver-Russell syndrome due to a point mutation,Subtype of disorder,4,1,1,4.0
397593,Severe neonatal lactic acidosis due to NFS1-ISD11 complex deficiency,Disorder,2,1,1,2.5
397596,Activated PI3K-delta syndrome,Group of disorders,0,1,1,125.0
397606,PrP systemic amyloidosis,Disorder,1,1,1,8.0
397612,Macrocephaly-developmental delay syndrome,Disorder,1,1,1,4.5
397615,Obesity due to CEP19 deficiency,Subtype of disorder,1,1,1,7.5
397618,Foveal hypoplasia-optic nerve decussation defect-anterior segment dysgenesis syndrome,Disorder,1,1,1,3.5
397623,Short stature-auditory canal atresia-mandibular hypoplasia-skeletal anomalies syndrome,Disorder,1,1,1,2.0
397685,Familial hyperprolactinemia,Disorder,1,1,1,0.0
397692,Hereditary isolated aplastic anemia,Disorder,3,1,1,0.0
397695,"3q27.3 microdeletion syndrome",Disorder,0,0,0,
397709,Intellectual disability-coarse face-macrocephaly-cerebellar hypotrophy syndrome,Disorder,1,1,1,15.0
397715,Joubert syndrome with Jeune asphyxiating thoracic dystrophy,Disorder,2,1,1,4.0
397725,COASY protein-associated neurodegeneration,Disorder,1,1,1,1.0
397735,Autosomal dominant Charcot-Marie-Tooth disease type 2U,Disorder,1,1,1,1.0
397744,MYH14-related peripheral neuropathy-myopathy-hoarseness-hearing loss syndrome,Disorder,1,1,1,7.5
397750,Periodic paralysis with later-onset distal motor neuropathy,Disorder,2,1,1,4.5
397755,Periodic paralysis with transient compartment-like syndrome,Disorder,1,1,1,2.0
397758,Retinal dystrophy with inner retinal dysfunction and ganglion cell anomalies,Disorder,1,1,1,7.0
397787,Combined immunodeficiency due to IKBKB deficiency,Disorder,1,1,1,4.5
397802,T+ B+ severe combined immunodeficiency,Group of disorders,0,0,0,
397922,Ferro-cerebro-cutaneous syndrome,Disorder,1,1,1,1.5
397927,Sacral agenesis-abnormal ossification of the vertebral bodies-persistent notochordal canal syndrome,Disorder,1,1,1,2.0
397933,Severe intellectual disability-progressive postnatal microcephaly-midline stereotypic hand movements syndrome,Disorder,1,1,1,1.5
397937,Polyglucosan body myopathy type 1,Disorder,1,1,1,5.5
397941,MAN1B1-CDG,Disorder,1,1,1,12.5
397946,Autosomal spastic paraplegia type 58,Disorder,1,1,1,9.5
397951,Microcephaly-thin corpus callosum-intellectual disability syndrome,Disorder,1,1,1,2.0
397959,TCR-alpha-beta-positive T-cell deficiency,Disorder,1,1,1,1.0
397964,Combined immunodeficiency due to MALT1 deficiency,Disorder,1,1,1,1.5
397968,Charcot-Marie-Tooth disease type 2R,Disorder,1,1,1,0.5
397973,Intellectual disability-obesity-prognathism-eye and skin anomalies syndrome,Disorder,0,1,1,1.0
398043,Malignant tumor of penis,Group of disorders,0,1,1,2.243
398053,Adenocarcinoma of the penis,Disorder,0,1,1,0.005647058823529412
398058,Squamous cell carcinoma of the penis,Disorder,0,1,1,0.58075
398063,Refractory celiac disease,Disorder,0,1,1,0.0
398069,Schaaf-Yang syndrome,Disorder,1,1,1,125.0
398073,Prader-Willi-like syndrome,Group of disorders,0,1,1,58.5
398079,SIM1-related Prader-Willi-like syndrome,Disorder,1,1,1,2.0
398088,Hereditary cryohydrocytosis with normal stomatin,Disorder,1,1,1,26.5
398091,Secondary neonatal autoimmune disease,Group of disorders,0,1,1,
398097,Neonatal antiphospholipid syndrome,Disorder,0,1,1,17.0
398109,Neonatal autoimmune hemolytic anemia,Disorder,0,1,1,1.0
398117,Neonatal dermatomyositis,Disorder,0,1,1,1.5
398124,Neonatal lupus erythematosus,Disorder,0,1,1,5.0
398127,Neonatal scleroderma,Disorder,0,1,1,3.0
398147,Persistent idiopathic facial pain,Disorder,0,1,1,8.85
398156,Oculoauriculofrontonasal syndrome,Disorder,0,1,1,20.5
398166,Focal facial dermal dysplasia,Disorder,0,1,1,73.5
398173,Focal facial dermal dysplasia type II,Subtype of disorder,0,1,1,11.0
398189,Focal facial dermal dysplasia type IV,Subtype of disorder,1,1,1,10.5
398934,Malignant epithelial tumor of ovary,Group of disorders,0,1,1,9.39
398940,Malignant non-epithelial tumor of ovary,Group of disorders,0,1,1,0.43
398961,Mucinous adenocarcinoma of ovary,Disorder,0,1,1,0.7647499999999999
398971,Clear cell adenocarcinoma of the ovary,Disorder,0,1,1,0.27895833333333336
398980,OBSOLETE: Primary peritoneal serous/papillary carcinoma,Disorder,0,0,0,
398987,Malignant teratoma of ovary,Disorder,1,1,1,0.050958333333333335
399058,Alpha-B crystallin-related late-onset myopathy,Disorder,1,1,1,8.5
399081,KLHL9-related early-onset distal myopathy,Disorder,1,1,1,5.0
399086,HNRNPA1-related adult-onset distal myopathy,Disorder,1,1,1,3.5
399096,Distal anoctaminopathy,Disorder,1,1,1,12.0
399103,Autosomal recessive distal nebulin myopathy,Disorder,1,1,1,6.5
399158,Osteonecrosis,Group of disorders,0,0,0,
399164,Avascular necrosis,Group of disorders,0,0,0,
399169,Secondary avascular necrosis,Group of disorders,0,0,0,
399175,Traumatic avascular necrosis,Disorder,0,0,0,
399180,Secondary non-traumatic avascular necrosis,Disorder,0,1,1,0.0
399185,Rare hereditary disease with avascular necrosis,Group of disorders,0,0,0,
399293,Osteonecrosis of the jaw,Disorder,0,0,0,
399302,Primary avascular necrosis,Group of disorders,0,0,0,
399307,Idiopathic avascular necrosis,Disorder,0,0,0,
399319,Osteochondrosis,Group of disorders,0,0,0,
399329,Epiphysiolysis of the hip,Disorder,0,1,1,0.0
399380,Osteonecrosis of genetic origin,Group of disorders,0,0,0,
399388,Avascular necrosis of genetic origin,Group of disorders,0,0,0,
399391,Osteochondrosis of genetic origin,Group of disorders,0,0,0,
399572,Rare male infertility due to hypothalamic-pituitary-gonadal axis disorder,Group of disorders,0,0,0,
399584,Rare male infertility due to adrenal disorder,Group of disorders,0,0,0,
399685,Rare male infertility due to testicular endocrine disorder,Group of disorders,0,0,0,
399764,Male infertility due to gonadal dysgenesis or sperm disorder,Group of disorders,0,0,0,
399771,Male infertility due to sperm disorder,Group of disorders,0,0,0,
399775,Male infertility with spermatogenesis disorder,Group of disorders,0,0,0,
399786,Male infertility with spermatogenesis disorder due to single gene mutation,Group of disorders,0,0,0,
399805,Male infertility with azoospermia or oligozoospermia due to single gene mutation,Disorder,37,1,1,
399808,Male infertility with teratozoospermia due to single gene mutation,Disorder,0,1,1,
399813,Male infertility due to sperm motility disorder,Group of disorders,0,0,0,
399824,Rare disorder with obstructive azoospermia,Group of disorders,0,0,0,
399831,Rare female infertility due to hypothalamic-pituitary-gonadal axis disorder,Group of disorders,0,0,0,
399839,Rare female infertility due to a congenital hypogonadotropic hypogonadism,Group of disorders,0,0,0,
399846,Rare disorder with female infertility due to a congenital hypogonadotropic hypogonadism,Group of disorders,0,0,0,
399849,Rare female infertility due to an adrenal disorder,Group of disorders,0,0,0,
399853,Rare female infertility due to an anomaly of ovarian function,Group of disorders,0,0,0,
399877,Rare female infertility due to gonadal dysgenesis,Group of disorders,0,0,0,
399882,Rare female infertility due to an implantation defect,Group of disorders,0,0,0,
399980,Rare genetic male infertility,Group of disorders,0,0,0,
399983,Rare male infertility due to hypothalamic-pituitary-gonadal axis disorder of genetic origin,Group of disorders,0,0,0,
399994,Rare male infertility due to adrenal disorder of genetic origin,Group of disorders,0,0,0,
399998,Male infertility due to obstructive azoospermia of genetic origin,Group of disorders,0,0,0,
400003,Rare genetic disorder with obstructive azoospermia,Group of disorders,0,0,0,
400008,Rare genetic female infertility,Group of disorders,0,0,0,
400011,Rare female infertility due to hypothalamic-pituitary-gonadal axis disorder of genetic origin,Group of disorders,0,0,0,
400018,Rare female infertility due to adrenal disorder of genetic origin,Group of disorders,0,0,0,
400022,Rare female infertility due to an anomaly of ovarian function of genetic origin,Group of disorders,0,0,0,
400025,Female infertility due to an implantation defect of genetic origin,Group of disorders,0,0,0,
401764,Pancytopenia-developmental delay syndrome,Disorder,1,1,1,1.5
401768,Proximal myopathy with extrapyramidal signs,Disorder,1,1,1,7.5
401777,Optic atrophy-intellectual disability syndrome,Disorder,1,1,1,3.0
401780,Autosomal recessive spastic paraplegia type 61,Disorder,1,1,1,2.0
401785,Autosomal recessive spastic paraplegia type 62,Disorder,1,1,1,3.5
401795,Autosomal recessive spastic paraplegia type 59,Disorder,1,1,1,1.5
401800,Autosomal recessive spastic paraplegia type 60,Disorder,1,1,1,0.5
401805,Autosomal recessive spastic paraplegia type 63,Disorder,1,1,1,1.0
401810,Autosomal recessive spastic paraplegia type 64,Disorder,1,1,1,2.0
401815,Autosomal recessive spastic paraplegia type 66,Disorder,1,1,1,1.0
401820,Autosomal recessive spastic paraplegia type 67,Disorder,1,1,1,1.0
401825,Autosomal recessive spastic paraplegia type 68,Disorder,0,0,0,
401830,Autosomal recessive spastic paraplegia type 69,Disorder,1,1,1,1.0
401835,Autosomal recessive spastic paraplegia type 70,Disorder,1,1,1,2.0
401840,Autosomal recessive spastic paraplegia type 71,Disorder,1,1,1,0.5
401849,Autosomal spastic paraplegia type 72,Disorder,1,1,1,7.0
401854,Lipoic acid biosynthesis defect,Group of disorders,0,1,1,
401859,Lipoic acid synthetase deficiency,Disorder,1,1,1,1.5
401862,Lipoyl transferase 1 deficiency,Disorder,1,1,1,2.0
401866,Childhood-onset spasticity with hyperglycinemia,Disorder,1,1,1,1.5
401869,Multiple mitochondrial dysfunctions syndrome type 1,Disorder,1,1,1,10.5
401874,Multiple mitochondrial dysfunctions syndrome type 2,Disorder,1,1,1,3.0
401901,Huntington disease-like syndrome due to C9ORF72 expansions,Disorder,1,1,1,5.0
401911,AXIN2-related polyposis,Disorder,1,1,1,2.0
401920,Fibrolamellar hepatocellular carcinoma,Disorder,2,1,1,0.02290909090909091
401923,"9q31.1q31.3 microdeletion syndrome",Disorder,0,1,1,1.0
401935,"14q24.1q24.3 microdeletion syndrome",Disorder,0,1,1,1.5
401942,Familial median cleft of the upper and lower lips,Disorder,0,1,1,4.0
401945,Moyamoya disease with early-onset achalasia,Disorder,1,1,1,4.5
401948,Hyperammonemic encephalopathy due to carbonic anhydrase VA deficiency,Disorder,1,1,1,2.0
401953,Episodic ataxia with slurred speech,Disorder,0,1,1,6.5
401959,Partial corpus callosum agenesis-cerebellar vermis hypoplasia with posterior fossa cysts syndrome,Disorder,1,1,1,1.0
401964,Autosomal dominant Charcot-Marie-Tooth disease type 2 with giant axons,Disorder,1,1,1,1.0
401973,MEND syndrome,Disorder,1,1,1,12.0
401979,"Autosomal recessive spondylometaphyseal dysplasia, Mégarbané type",Disorder,1,1,1,2.0
401986,"1p31p32 microdeletion syndrome",Disorder,1,1,1,2.5
401993,Cold-induced sweating syndrome-hyperthermia spectrum,Group of disorders,0,1,1,
401996,Karyomegalic interstitial nephritis,Disorder,1,1,1,6.0
402003,Autosomal dominant focal non-epidermolytic palmoplantar keratoderma with plantar blistering,Disorder,1,1,1,10.5
402007,Lichen myxedematosus,Group of disorders,0,1,1,
402014,Acute myeloid leukemia with t(6;9)(p23;q34),Disorder,2,0,0,0.02
402017,Acute myeloid leukemia with t(9;11)(p22;q23),Disorder,2,0,0,
402020,Acute myeloid leukemia with inv(3)(q21q26.2) or t(3;3)(q21;q26.2),Disorder,2,0,0,0.02
402023,Megakaryoblastic acute myeloid leukemia with t(1;22)(p13;q13),Disorder,2,0,0,
402026,Acute myeloid leukemia with NPM1 somatic mutations,Disorder,1,1,1,
402029,Primary eosinophilic gastrointestinal disease,Group of disorders,0,0,0,
402035,Eosinophilic colitis,Disorder,0,1,1,98.0
402041,Autosomal recessive distal renal tubular acidosis,Subtype of disorder,4,1,1,0.0
402075,Familial bicuspid aortic valve,Disorder,5,1,1,
402082,Progressive myoclonic epilepsy type 5,Disorder,2,1,1,1.5
402364,Infantile cerebral and cerebellar atrophy with postnatal progressive microcephaly,Disorder,1,1,1,2.5
402823,Hepatitis delta,Disorder,0,1,1,40.0
404437,Diffuse cerebral and cerebellar atrophy-intractable seizures-progressive microcephaly syndrome,Disorder,1,1,1,2.0
404440,OBSOLETE: Intellectual disability-facial dysmorphism syndrome due to SETD5 haploinsufficiency,Disorder,0,0,0,
404443,Tatton-Brown-Rahman syndrome,Disorder,1,1,1,8.5
404448,Helsmoortel-Van der Aa syndrome,Disorder,1,1,1,0.0
404451,FBLN1-related developmental delay-central nervous system anomaly-syndactyly syndrome,Disorder,1,1,1,1.5
404454,Alacrimia-choreoathetosis-liver dysfunction syndrome,Disorder,1,1,1,4.0
404463,Multisystemic smooth muscle dysfunction syndrome,Disorder,1,1,1,3.5
404466,Female infertility due to zona pellucida defect,Disorder,3,1,1,2.0
404469,Rare female infertility due to oocyte maturation defect,Group of disorders,0,0,0,
404473,Intellectual disability-eye abnormalities-microcephaly-peripheral spasticity syndrome,Disorder,1,1,1,2.0
404476,Global developmental delay-lung cysts-overgrowth-Wilms tumor syndrome,Disorder,1,1,1,1.0
404481,Autosomal recessive cerebellar ataxia-epilepsy-intellectual disability syndrome,Group of disorders,0,1,1,
404493,Autosomal recessive cerebellar ataxia-epilepsy-intellectual disability syndrome due to TUD deficiency,Disorder,1,1,1,1.5
404499,Autosomal recessive cerebellar ataxia-epilepsy-intellectual disability syndrome due to RUBCN deficiency,Disorder,1,1,1,1.0
404507,Chondromyxoid fibroma,Disorder,1,1,1,25.0
404511,Clear cell papillary renal cell carcinoma,Subtype of disorder,4,0,0,
404514,Acquired cystic disease-associated renal cell carcinoma,Disorder,0,1,1,
404521,Spinal muscular atrophy with respiratory distress type 2,Disorder,1,1,1,0.5
404538,X-linked distal hereditary motor neuropathy,Group of disorders,0,0,0,
404546,DITRA,Disorder,1,1,1,35.0
404553,Deficiency of adenosine deaminase 2,Disorder,1,1,1,24.0
404560,Familial atypical multiple mole melanoma syndrome,Disorder,1,1,1,0.0
404568,Dysostosis of genetic origin,Group of disorders,0,0,0,
404571,Dysostosis of genetic origin with limb anomaly as a major feature,Group of disorders,0,0,0,
404574,Genetic syndrome with limb reduction defects,Group of disorders,0,0,0,
404577,Genetic syndrome with limb malformations as a major feature,Group of disorders,0,0,0,
404580,Polyarticular juvenile idiopathic arthritis,Group of disorders,0,0,0,
404584,Rare genetic bone development disorder,Group of disorders,0,0,0,
411493,Pontocerebellar hypoplasia type 10,Disorder,1,1,1,11.5
411501,Williams-Campbell syndrome,Disorder,0,1,1,
411511,Angelman syndrome due to a point mutation,Subtype of disorder,1,1,1,
411515,Angelman syndrome due to imprinting defect in 15q11-q13,Subtype of disorder,3,1,1,
411527,Central retinal vein occlusion,Disorder,0,1,1,28.0
411533,NON RARE IN EUROPE: Melanoma,Disorder,0,0,0,
411536,Mild phosphoribosylpyrophosphate synthetase superactivity,Subtype of disorder,1,1,1,0.0
411543,Severe phosphoribosylpyrophosphate synthetase superactivity,Subtype of disorder,1,1,1,16.5
411590,Wolfram-like syndrome,Disorder,1,1,1,
411593,Insulin autoimmune syndrome,Disorder,0,1,1,202.0085
411602,Hereditary late-onset Parkinson disease,Disorder,7,1,1,0.0
411629,Infantile nephropathic cystinosis,Subtype of disorder,1,1,1,0.0
411634,Juvenile nephropathic cystinosis,Subtype of disorder,1,1,1,0.0
411641,Ocular cystinosis,Subtype of disorder,1,1,1,0.0
411696,OBSOLETE: Proton-pump inhibitor-responsive esophageal eosinophilia,Disorder,0,0,0,
411703,Pulmonary non-tuberculous mycobacterial infection,Disorder,0,1,1,6.0
411709,Renal agenesis,Disorder,0,1,1,0.0
411712,Maternal riboflavin deficiency,Disorder,1,1,1,1.0
411777,Generalized eruptive keratoacanthoma,Disorder,0,1,1,20.0
411788,Familial isolated trichomegaly,Disorder,1,1,1,1.0
411969,NON RARE IN EUROPE: Metabolic syndrome,Disorder,0,0,0,
411986,Early-onset epileptic encephalopathy-cortical blindness-intellectual disability-facial dysmorphism syndrome,Disorder,1,1,1,1.5
412022,Facial dysmorphism-lens dislocation-anterior segment abnormalities-spontaneous filtering blebs syndrome,Disorder,1,1,1,2.0
412035,"13q12.3 microdeletion syndrome",Disorder,0,1,1,1.5
412057,Autosomal recessive cerebellar ataxia due to STUB1 deficiency,Disorder,1,1,1,5.0
412066,PRKAR1B-related neurodegenerative dementia with intermediate filaments,Disorder,1,1,1,6.0
412069,AHDC1-related intellectual disability-obstructive sleep apnea-mild dysmorphism syndrome,Disorder,1,1,1,2.0
412181,Epidermolysis bullosa simplex due to BP230 deficiency,Disorder,1,1,1,1.0
412189,Epidermolysis bullosa simplex due to exophilin 5 deficiency,Disorder,1,1,1,1.5
412206,Primary failure of tooth eruption,Disorder,1,1,1,157.0
412217,Dystonia-aphonia syndrome,Disorder,0,1,1,16.0
412220,OBSOLETE: Ramsay Hunt syndrome type II,Disorder,0,0,0,
414726,Genetic facial cleft,Group of disorders,0,0,0,
415268,NON RARE IN EUROPE: Adenocarcinoma of the lung,Disorder,0,0,0,
415286,Bilirubin encephalopathy,Group of disorders,0,1,1,0.0
415300,NON RARE IN EUROPE: Non-arteritic anterior ischemic optic neuropathy,Disorder,0,0,0,
415675,OBSOLETE: Small pox,Disorder,0,0,0,
415687,NON RARE IN EUROPE: Sudden infant death syndrome,Disorder,0,0,0,
418945,"Carcinoma of esophagus, salivary gland type",Disorder,0,1,1,0.005666666666666667
418951,Undifferentiated carcinoma of esophagus,Disorder,0,1,1,0.04733333333333333
418959,Squamous cell carcinoma of the stomach,Disorder,0,1,1,0.09815384615384616
420179,Malan overgrowth syndrome,Disorder,1,1,1,10.0
420259,Secondary pulmonary alveolar proteinosis,Disorder,0,1,1,
420402,Semicircular canal dehiscence syndrome,Disorder,0,1,1,0.0
420429,"Glycogen storage disease due to acid maltase deficiency, late-onset",Subtype of disorder,1,1,1,1.75
420485,Cranio-cervical dystonia with laryngeal and upper-limb involvement,Disorder,1,1,1,
420492,"Adult-onset cervical dystonia, DYT23 type",Disorder,1,1,1,1.0
420556,Visual snow syndrome,Disorder,0,1,1,
420561,Temple-Baraitser syndrome,Disorder,1,1,1,4.5
420566,Bleeding disorder due to CalDAG-GEFI deficiency,Disorder,1,1,1,1.5
420573,Severe combined immunodeficiency due to CTPS1 deficiency,Disorder,1,1,1,6.0
420584,Postaxial polydactyly-anterior pituitary anomalies-facial dysmorphism syndrome,Disorder,1,1,1,56.0
420611,Transient myeloproliferative syndrome,Disorder,1,1,1,
420686,Woolly hair-palmoplantar keratoderma syndrome,Disorder,1,1,1,4.0
420699,Autosomal recessive severe congenital neutropenia due to CXCR2 deficiency,Disorder,1,1,1,1.0
420702,Autosomal recessive severe congenital neutropenia due to CSF3R deficiency,Disorder,1,1,1,2.0
420728,Combined oxidative phosphorylation defect type 20,Disorder,1,1,1,1.0
420733,Combined oxidative phosphorylation defect type 21,Disorder,1,1,1,1.0
420741,RIDDLE syndrome,Disorder,1,1,1,1.0
420755,Rare genetic odontal or periodontal disorder,Group of disorders,0,0,0,
420789,Autoimmune encephalopathy with parasomnia and obstructive sleep apnea,Disorder,0,1,1,5.0
420794,Cono-spondylar dysplasia,Disorder,0,1,1,1.5
422519,OBSOLETE: 3-Phosphoglycerate dehydrogenase deficiency,Group of disorders,0,0,0,
422526,Hereditary clear cell renal cell carcinoma,Disorder,7,1,1,0.0
423275,Spinocerebellar ataxia type 40,Disorder,1,1,1,2.5
423296,Spinocerebellar ataxia type 38,Disorder,1,1,1,2.0
423306,Microcephaly-short stature-intellectual disability-facial dysmorphism syndrome,Disorder,1,1,1,1.0
423384,Severe congenital neutropenia due to JAGN1 deficiency,Disorder,1,1,1,7.0
423454,Nail and teeth abnormalities-marginal palmoplantar keratoderma-oral hyperpigmentation syndrome,Disorder,1,1,1,3.0
423461,Mucolipidosis type III alpha/beta,Subtype of disorder,1,1,1,13.0
423470,Mucolipidosis type III gamma,Subtype of disorder,1,1,1,0.0
423479,X-linked intellectual disability-limb spasticity-retinal dystrophy-arginine vasopressin deficiency,Disorder,1,1,1,1.0
423655,ARX-related encephalopathy-brain malformation spectrum,Group of disorders,0,1,1,
423662,Rare autonomic nervous system disorder,Group of disorders,0,0,0,
423668,NON RARE IN EUROPE: Cortisol-producing adrenal tumor,Disorder,0,0,0,
423693,Double outlet right ventricle with subaortic or doubly committed ventricular septal defect,Subtype of disorder,0,1,1,
423712,"Double outlet right ventricle with atrioventricular septal defect, pulmonary stenosis, heterotaxy",Subtype of disorder,0,1,1,
423717,Cutaneous larva migrans,Disorder,0,1,1,0.0
423771,Rare carcinoma of stomach,Group of disorders,0,0,0,
423776,Hereditary gastric cancer,Group of disorders,0,0,0,
423781,"OBSOLETE: Carcinoma of stomach, salivary gland type",Disorder,0,0,0,
423786,Undifferentiated carcinoma of stomach,Disorder,0,1,1,0.40003999999999995
423793,Rare tumor of small intestine,Group of disorders,0,0,0,
423798,Mesenchymal tumor of small intestine,Group of disorders,0,0,0,
423894,Microcephaly-complex motor and sensory axonal neuropathy syndrome,Disorder,1,1,1,1.5
423957,Rare carcinoma of small intestine,Group of disorders,0,0,0,
423968,Squamous cell carcinoma of the small intestine,Disorder,0,1,1,0.00915
423975,Neuroendocrine tumor of the small intestine,Group of disorders,0,0,0,
423982,Epithelial tumor of the appendix,Group of disorders,0,0,0,
423991,Rare epithelial tumor of colon,Group of disorders,0,0,0,
423994,Squamous cell carcinoma of the colon,Disorder,0,1,1,0.02881818181818182
423998,Rare epithelial tumor of rectum,Group of disorders,0,0,0,
424002,Squamous cell carcinoma of the rectum,Disorder,0,1,1,0.1086086956521739
424010,Epithelial tumor of anal canal,Group of disorders,0,0,0,
424013,Carcinoma of the anal canal,Group of disorders,0,0,0,
424016,Adenocarcinoma of the anal canal,Disorder,0,1,1,0.24630434782608696
424019,Squamous cell carcinoma of the anal canal,Disorder,0,1,1,0.672304347826087
424027,Progressive myoclonic epilepsy type 8,Disorder,1,1,1,2.0
424033,Rare epithelial tumor of pancreas,Group of disorders,0,0,0,
424039,Squamous cell carcinoma of pancreas,Disorder,0,1,1,0.024090909090909093
424046,Acinar cell carcinoma of pancreas,Disorder,0,1,1,0.03385714285714286
424053,Mucinous cystadenocarcinoma of the pancreas,Disorder,0,1,1,0.008785714285714286
424058,Intraductal papillary mucinous carcinoma of pancreas,Disorder,0,1,1,0.019769230769230768
424065,Pancreatic solid pseudopapillary neoplasm,Disorder,0,1,1,0.00475
424073,Serous cystadenocarcinoma of pancreas,Disorder,0,1,1,0.00125
424080,Undifferentiated carcinoma with osteoclast-like giant cells of pancreas,Disorder,0,1,1,0.007222222222222223
424099,Colobomatous microphthalmia-rhizomelic dysplasia syndrome,Disorder,1,1,1,2.5
424107,Congenital myopathy with myasthenic-like onset,Disorder,1,1,1,1.0
424261,TOR1AIP1-related limb-girdle muscular dystrophy,Disorder,1,1,1,1.5
424925,Qualitative or quantitative defects of Torsin-1A-interacting protein 1,Group of disorders,0,0,0,
424933,Rare malignant epithelial tumor of liver and intrahepatic biliary tract,Group of disorders,0,0,0,
424936,Carcinoma of liver and intrahepatic biliary tract,Group of disorders,0,0,0,
424943,Adenocarcinoma of the liver and intrahepatic biliary tract,Disorder,0,1,1,0.39
424970,Undifferentiated carcinoma of liver and intrahepatic biliary tract,Disorder,0,1,1,0.027578947368421054
424975,Squamous cell carcinoma of liver and intrahepatic biliary tract,Disorder,0,1,1,0.008666666666666666
424982,Biliary cystadenocarcinoma,Disorder,0,1,1,0.0042
424991,Adenocarcinoma of the gallbladder and extrahepatic biliary tract,Disorder,0,1,1,2.62
424996,Squamous cell carcinoma of gallbladder and extrahepatic biliary tract,Disorder,0,1,1,0.03260869565217391
425003,Inherited digestive cancer-predisposing syndrome,Group of disorders,0,0,0,
425120,STING-associated vasculopathy with onset in infancy,Disorder,1,1,1,4.5
425368,Rare epithelial tumor of small intestine,Group of disorders,0,0,0,
431140,X-linked colobomatous microphthalmia-microcephaly-intellectual disability-short stature syndrome,Disorder,0,1,1,0.5
431149,Combined immunodeficiency due to OX40 deficiency,Disorder,1,1,1,0.5
431156,Primary immunodeficiency with predisposition to severe viral infection,Group of disorders,0,0,0,
431166,Primary immunodeficiency with post-measles-mumps-rubella vaccine viral infection,Disorder,2,1,1,0.5
431255,Scapuloperoneal spinal muscular atrophy,Disorder,1,1,1,15.5
431263,Late-onset scapuloperoneal muscular dystrophy with hyaline bodies,Group of disorders,0,0,0,
431272,X-linked scapuloperoneal muscular dystrophy,Disorder,1,1,1,11.0
431320,Spastic paraplegia-optic atrophy-neuropathy and spastic paraplegia-optic atrophy-neuropathy-related disorder,Group of disorders,0,0,0,
431329,Autosomal recessive spastic paraplegia type 57,Disorder,1,1,1,1.0
431341,Patent urachus,Disorder,0,1,1,0.875
431344,Urachal sinus,Disorder,0,1,1,0.0
431347,Urachal diverticulum,Disorder,0,1,1,
431353,Pulmonary veno-occlusive disease and/or pulmonary capillary haemangiomatosis,Group of disorders,0,1,1,0.015
431361,Progressive encephalopathy with leukodystrophy due to DECR deficiency,Disorder,1,1,1,1.0
434179,Orofaciodigital syndrome type 14,Disorder,1,1,1,1.0
434786,Rare genetic autonomic nervous system disorder,Group of disorders,0,0,0,
434809,Syndrome with woolly hair,Group of disorders,0,1,1,
435329,Familial ossifying fibroma,Disorder,0,1,1,0.0
435365,Fetal lower urinary tract obstruction,Group of disorders,0,0,0,
435372,Anterior urethral valve,Disorder,0,1,1,
435387,Autosomal dominant Charcot-Marie-Tooth disease type 2Y,Disorder,1,1,1,3.5
435438,Progressive myoclonic epilepsy type 7,Disorder,1,1,1,6.5
435554,Genetic precocious puberty,Group of disorders,0,0,0,
435561,Rare precocious puberty in female,Group of disorders,0,0,0,
435564,Genetic precocious puberty in female,Group of disorders,0,0,0,
435603,Genetic otorhinolaryngological malformation,Group of disorders,0,0,0,
435606,Genetic nose and cavum anomaly,Group of disorders,0,0,0,
435609,Genetic larynx anomaly,Group of disorders,0,0,0,
435612,Genetic tracheal anomaly,Group of disorders,0,0,0,
435623,OBSOLETE: Adactyly of foot,Disorder,0,0,0,
435628,Keppen-Lubinsky syndrome,Disorder,1,1,1,1.5
435638,"3p25.3 microdeletion syndrome",Disorder,2,1,1,4.0
435651,CIDEC-related familial partial lipodystrophy,Disorder,1,1,1,0.5
435660,LIPE-related familial partial lipodystrophy,Disorder,1,1,1,2.0
435743,Congenital urachal anomaly,Group of disorders,0,1,1,
435804,Short stature-advanced bone age-early-onset osteoarthritis syndrome,Disorder,1,1,1,1.5
435808,OBSOLETE: ACAN-related skeletal dysplasia,Group of disorders,0,0,0,
435819,Autosomal dominant Charcot-Marie-Tooth disease type 2 due to TFG mutation,Disorder,1,1,1,1.0
435845,Lethal neonatal spasticity-epileptic encephalopathy syndrome,Disorder,1,1,1,4.0
435930,Colobomatous optic disc-macular atrophy-chorioretinopathy syndrome,Disorder,1,1,1,1.5
435934,COG2-CDG,Disorder,1,1,1,0.5
435938,X-linked microcephaly-growth retardation-prognathism-cryptorchidism syndrome,Disorder,1,1,1,1.5
435953,Progeroid features-hepatocellular carcinoma predisposition syndrome,Disorder,1,1,1,1.5
435988,Chronic atrial and intestinal dysrhythmia syndrome,Disorder,1,1,1,8.5
435998,Autosomal recessive intermediate Charcot-Marie-Tooth disease type D,Disorder,1,1,1,2.0
436003,Contractures-developmental delay-Pierre Robin syndrome,Disorder,0,1,1,3.0
436141,HIDEA syndrome,Disorder,1,1,1,3.0
436144,Intrauterine growth restriction-short stature-early adult-onset diabetes syndrome,Disorder,1,1,1,7.5
436151,Intellectual disability-expressive aphasia-facial dysmorphism syndrome,Disorder,1,0,0,
436159,Autoimmune lymphoproliferative syndrome due to CTLA4 haploinsuffiency,Disorder,1,1,1,8.5
436166,Periodic fever-infantile enterocolitis-autoinflammatory syndrome,Disorder,1,1,1,2.0
436169,Thrombomodulin-related bleeding disorder,Disorder,1,1,1,7.5
436174,Cataract-growth hormone deficiency-sensory neuropathy-sensorineural hearing loss-skeletal dysplasia syndrome,Disorder,1,1,1,1.5
436182,Microcephalic primordial dwarfism-insulin resistance syndrome,Disorder,2,1,1,1.0
436242,Hereditary atrial tachyarrhythmia-infra-Hisian cardiac conduction disease,Disorder,1,1,1,3.5
436245,Retinitis pigmentosa-juvenile cataract-short stature-intellectual disability syndrome,Disorder,1,1,1,1.5
436252,Combined immunodeficiency-multiple intestinal atresia,Disorder,2,1,1,
436271,Non-progressive predominantly posterior cavitating leukoencephalopathy with peripheral neuropathy,Disorder,1,1,1,
436274,Pseudoxanthoma elasticum-like skin manifestations with retinitis pigmentosa,Disorder,1,1,1,6.5
437552,Autosomal recessive primary immunodeficiency with defective spontaneous natural killer cell cytotoxicity,Disorder,1,1,1,1.5
437572,OBSOLETE: MYH7-related late-onset scapuloperoneal muscular dystrophy,Disorder,0,0,0,
438072,Disorder of keton body transport,Group of disorders,0,0,0,
438075,Ketoacidosis due to monocarboxylate transporter-1 deficiency,Disorder,1,1,1,4.5
438114,RARS-related autosomal recessive hypomyelinating leukodystrophy,Disorder,1,1,1,2.0
438117,Steel syndrome,Disorder,1,1,1,20.0
438134,PCNA-related progressive neurodegenerative photosensitivity syndrome,Disorder,1,1,1,2.0
438159,STAT3-related early-onset multisystem autoimmune disease,Disorder,1,1,1,9.5
438178,Fatty acyl-CoA reductase 1 deficiency,Disorder,1,1,1,1.5
438207,Severe autosomal recessive macrothrombocytopenia,Disorder,2,1,1,1.0
438213,PURA-related severe neonatal hypotonia-seizures-encephalopathy syndrome,Disorder,0,1,1,12.0
438216,PURA-related severe neonatal hypotonia-seizures-encephalopathy syndrome due to a point mutation,Subtype of disorder,1,1,1,12.0
438266,Progressive encephalomyelitis with rigidity and myoclonus,Subtype of disorder,0,1,1,0.0
438274,GCGR-related hyperglucagonemia,Disorder,1,1,1,4.0
438279,Human infection by orthopoxvirus,Disorder,0,1,1,0.0
439167,Placental insufficiency,Disorder,0,1,1,33.0
439175,Pediatric arterial ischemic stroke,Disorder,0,1,1,
439196,Zinc-responsive necrolytic acral erythema,Disorder,0,1,1,0.0
439202,Non-recovering obstetric brachial plexus lesion,Disorder,0,1,1,
439212,Early-onset myopathy-areflexia-respiratory distress-dysphagia syndrome,Disorder,1,1,1,6.5
439218,KCNQ2-related developmental and epileptic encephalopathy,Disorder,1,1,1,5.5
439224,ALECT2 amyloidosis,Disorder,0,1,1,
439232,AApoAIV amyloidosis,Disorder,0,1,1,1.0
439246,ABeta2M amyloidosis,Group of disorders,0,1,1,
439254,ITM2B amyloidosis,Disorder,0,1,1,1.0
439729,Cutaneous polyarteritis nodosa,Subtype of disorder,0,1,1,
439737,Primary polyarteritis nodosa,Subtype of disorder,0,1,1,
439746,Secondary polyarteritis nodosa,Subtype of disorder,0,1,1,
439755,Single-organ polyarteritis nodosa,Subtype of disorder,0,1,1,
439762,Systemic polyarteritis nodosa,Subtype of disorder,0,1,1,
439822,PDE4D haploinsufficiency syndrome,Disorder,1,1,1,3.5
439849,Autosomal recessive severe congenital neutropenia,Group of disorders,0,1,1,
439854,Fatal congenital hypertrophic cardiomyopathy due to glycogen storage disease,Disorder,1,1,1,5.0
439881,Plastic bronchitis,Disorder,0,1,1,0.0
439897,Lethal fetal cerebrorenogenitourinary agenesis/hypoplasia syndrome,Disorder,1,1,1,1.0
440221,Congenital oculomotor nerve palsy,Disorder,0,1,1,
440233,Congenital abducens nerve palsy,Disorder,0,1,1,
440354,Autosomal dominant myopia-midfacial retrusion-sensorineural hearing loss-rhizomelic dysplasia syndrome,Disorder,1,1,1,0.5
440368,Necrotizing soft tissue infection,Disorder,0,1,1,
440392,Interstitial lung disease due to SP-C deficiency,Disorder,1,1,1,10.5
440402,Interstitial lung disease due to ABCA3 deficiency,Disorder,1,1,1,9.5
440427,Severe early-onset pulmonary alveolar proteinosis due to MARS deficiency,Disorder,1,1,1,13.0
440437,Familial colorectal cancer Type X,Disorder,10,1,1,
440701,Disorders of pentose/polyol metabolism,Group of disorders,0,0,0,
440706,Ribose-5-P isomerase deficiency,Disorder,1,1,1,0.5
440713,Isolated sedoheptulokinase deficiency,Disorder,1,1,1,1.0
440724,OBSOLETE: Extensive peripapillary myelinated nerve fibers,Disorder,0,0,0,
440727,Combined hamartoma of the retina and retinal pigment epithelium,Disorder,0,1,1,60.0
440731,L-ferritin deficiency,Disorder,1,1,1,1.0
440987,Isolated agenesis of gallbladder,Disorder,0,1,1,25.0
441344,"OBSOLETE: Autosomal recessive optic atrophy, OPA9 type",Subtype of disorder,0,0,0,
441434,Syndromic hereditary optic neuropathy,Group of disorders,0,0,0,
441447,Early-onset posterior subcapsular cataract,Subtype of disorder,5,1,1,
441452,Early-onset lamellar cataract,Subtype of disorder,11,1,1,
442582,AH amyloidosis,Disorder,0,1,1,6.0
442835,Non-specific early-onset epileptic encephalopathy,Disorder,53,1,1,0.0
443057,Sporadic porphyria cutanea tarda,Subtype of disorder,1,1,1,
443062,Familial porphyria cutanea tarda,Subtype of disorder,2,1,1,
443070,Hemicrania continua,Disorder,0,1,1,
443073,Charcot-Marie-Tooth disease type 2S,Disorder,1,1,1,17.5
443079,Central serous chorioretinopathy,Disorder,0,1,1,
443084,Baroreflex failure,Disorder,0,1,1,0.0
443087,"46,XY difference of sex development due to testicular 17,20-desmolase deficiency",Disorder,2,1,1,1.0
443090,"46,XY difference of sexual development due to dihydrotestosterone backdoor pathway biosynthesis defect",Group of disorders,0,0,0,
443095,Hyperinsulinemic hypoglycaemia,Group of disorders,0,0,0,
443098,Hyperostosis cranialis interna,Disorder,0,1,1,6.5
443101,Hypothalamic adipsic hypernatraemia syndrome,Disorder,0,1,1,
443159,Lymphoplasmacytic lymphoma without IgM production,Disorder,0,1,1,
443162,NDE1-related microhydranencephaly,Disorder,1,1,1,0.5
443167,NUT midline carcinoma,Disorder,2,1,1,155.0001
443173,Postpartum psychosis,Disorder,0,1,1,4.0
443180,Spontaneous intracranial hypotension,Disorder,0,1,1,5.0
443192,Classic stiff person syndrome,Subtype of disorder,0,1,1,0.0
443197,X-linked erythropoietic protoporphyria,Disorder,1,1,1,25.0
443227,Paratyphoid fever,Disorder,0,1,1,
443236,Postural orthostatic tachycardia syndrome due to NET deficiency,Disorder,1,1,1,1.0
443287,OBSOLETE: ACTH-independent Cushing syndrome due to rare cortisol-producing adrenal tumor,Group of disorders,0,0,0,
443291,HIV-associated cancer,Disorder,0,1,1,
443301,OBSOLETE: HIV-related lung cancer,Disorder,0,0,0,
443304,OBSOLETE: HIV-related oropharyngeal cancer,Disorder,0,0,0,
443307,OBSOLETE: HIV-related anal cancer,Disorder,0,0,0,
443310,OBSOLETE: HIV-related hepatocellular carcinoma,Disorder,0,0,0,
443313,OBSOLETE: HIV-related penile cancer,Disorder,0,0,0,
443316,OBSOLETE: HIV-related Hodgkin lymphoma,Disorder,0,0,0,
443319,OBSOLETE: HIV-related vulvovaginal cancer,Disorder,0,0,0,
443322,OBSOLETE: HIV-related cervical cancer,Disorder,0,0,0,
443325,OBSOLETE: HIV-related Non-Hodgkin lymphoma,Disorder,0,0,0,
443328,OBSOLETE: HIV-related Kaposi sarcoma,Disorder,0,0,0,
443804,Focal stiff limb syndrome,Subtype of disorder,0,1,1,0.0
443811,PGM3-CDG,Disorder,1,1,1,10.0
443909,Hereditary nonpolyposis colon cancer,Group of disorders,0,0,0,
443950,DNAJB2-related Charcot-Marie-Tooth disease type 2,Disorder,1,1,1,1.0
443988,Ventriculomegaly-cystic kidney disease,Disorder,1,1,1,5.5
443995,Mandibulofacial dysostosis with alopecia,Disorder,1,1,1,2.0
444002,"11q22.2q22.3 microdeletion syndrome",Disorder,0,1,1,2.5
444013,Combined oxidative phosphorylation defect type 23,Disorder,1,1,1,5.5
444048,"46,XX ovarian dysgenesis-short stature syndrome",Disorder,1,1,1,1.5
444051,"20q11.2 microdeletion syndrome",Disorder,0,1,1,5.5
444069,Lethal fetal brain malformation-duodenal atresia-bilateral renal hypoplasia syndrome,Disorder,1,1,1,2.0
444072,Cerebellar-facial-dental syndrome,Disorder,1,1,1,1.5
444077,Cognitive impairment-coarse facies-heart defects-obesity-pulmonary involvement-short stature-skeletal dysplasia syndrome,Disorder,1,1,1,5.5
444092,Autoimmune interstitial lung disease-arthritis syndrome,Disorder,1,1,1,2.5
444099,Autosomal dominant spastic paraplegia type 73,Disorder,1,1,1,0.5
444116,Hereditary amyloidosis,Group of disorders,0,0,0,
444138,Peeling skin-leukonychia-acral punctate keratoses-cheilitis-knuckle pads syndrome,Disorder,1,1,1,2.0
444316,Idiopathic phalangeal acro-osteolysis,Disorder,0,1,1,
444458,Combined oxidative phosphorylation defect type 24,Disorder,1,1,1,1.5
444463,Autoimmune hemolytic anemia-autoimmune thrombocytopenia-primary immunodeficiency syndrome due to TPP2 deficiency,Disorder,1,1,1,3.0
444490,Familial chylomicronemia syndrome,Disorder,0,1,1,0.535
444916,Pseudohypoaldosteronism,Group of disorders,0,0,0,
444941,Caudal regression-sirenomelia spectrum,Group of disorders,0,0,0,
445018,Syndromic autoimmune enteropathy due to LRBA deficiency,Disorder,1,1,1,11.5
445038,"3-methylglutaconic aciduria-neonatal cataract-neurologic involvement-congenital neutropenia syndrome",Disorder,1,1,1,11.0
445062,Juvenile-onset diabetes mellitus-central and peripheral neurodegeneration syndrome,Disorder,1,1,1,2.5
445110,Limb-girdle muscular dystrophy due to POMK deficiency,Disorder,1,1,1,1.0
445197,Secondary vasculitis,Group of disorders,0,0,0,
447731,NIK deficiency,Disorder,1,1,1,1.0
447737,Combined immunodeficiency due to DOCK2 deficiency,Disorder,1,1,1,2.5
447740,Aggressive periodontitis,Disorder,1,1,1,
447753,Autosomal dominant spastic paraplegia type 9A,Disorder,1,1,1,1.0
447757,Autosomal dominant spastic paraplegia type 9B,Disorder,1,1,1,1.5
447760,Autosomal recessive spastic paraplegia type 9B,Disorder,1,1,1,1.0
447764,IgG4-related sclerosing cholangitis,Subtype of disorder,0,1,1,
447771,Sclerosing cholangitis,Group of disorders,0,0,0,
447774,Secondary sclerosing cholangitis,Disorder,0,1,1,
447777,Keratocystic odontogenic tumor,Disorder,0,1,1,
447784,Mitochondrial pyruvate carrier deficiency,Disorder,1,1,1,2.0
447788,Cerebral visual impairment,Disorder,0,1,1,0.0
447792,OBSOLETE: Hemochromatosis type 5,Disorder,0,0,0,
447795,Lipoyl transferase 2 deficiency,Disorder,0,1,1,0.0
447874,Biological anomaly without phenotypic characterization,Group of disorders,0,0,0,
447877,Polymerase proofreading-related polyposis,Disorder,2,1,1,
447881,Idiopathic dropped head syndrome,Disorder,0,1,1,0.0
447893,Hypomyelination-cerebellar atrophy-hypoplasia of the corpus callosum syndrome,Subtype of disorder,1,1,1,2.0
447896,Tremor-ataxia-central hypomyelination syndrome,Subtype of disorder,1,1,1,3.5
447954,Combined oxidative phosphorylation defect type 25,Disorder,1,1,1,1.0
447961,Pigmentation defects-palmoplantar keratoderma-skin carcinoma syndrome,Disorder,1,1,1,1.0
447964,Autosomal dominant Charcot-Marie-Tooth disease type 2V,Disorder,1,1,1,10.5
447974,Klippel-Feil anomaly-myopathy-facial dysmorphism syndrome,Disorder,1,1,1,1.0
447977,Progressive scapulohumeroperoneal distal myopathy,Disorder,1,1,1,16.5
447980,"19p13.3 microduplication syndrome",Disorder,1,1,1,3.0
447985,Partial duplication of the short arm of chromosome 19 syndrome,Group of disorders,0,0,0,
447997,Spastic tetraplegia-thin corpus callosum-progressive postnatal microcephaly syndrome,Disorder,1,1,1,7.5
448010,CAD-CDG,Disorder,1,1,1,0.5
448237,Zika virus disease,Disorder,0,1,1,29.4
448242,Autosomal recessive brachyolmia,Disorder,1,1,1,10.0
448251,Progressive autosomal recessive ataxia-deafness syndrome,Disorder,1,1,1,6.5
448264,Isolated focal non-epidermolytic palmoplantar keratoderma,Disorder,2,1,1,1.0
448267,Regressive spondylometaphyseal dysplasia,Disorder,1,1,1,1.0
448270,Ectopia cordis,Disorder,0,1,1,0.335
448348,OBSOLETE: X-linked acrogigantism due to a point mutation,Subtype of disorder,0,0,0,
448372,OBSOLETE: X-linked acrogigantism due to Xq26 microduplication,Subtype of disorder,0,0,0,
448426,Genetic primary orthostatic hypotension,Group of disorders,0,0,0,
449262,NON RARE IN EUROPE: Primary bile acid malabsorption,Disorder,0,0,0,
449266,Pleural empyema,Disorder,0,1,1,13.0
449280,Scedosporiosis,Disorder,0,1,1,0.05
449285,Snakebite envenomation,Disorder,0,1,1,0.0
449291,OBSOLETE: Symptomatic form of fragile X syndrome in female carriers,Disorder,0,0,0,
449395,IgG4-related kidney disease,Subtype of disorder,0,1,1,0.0
449400,IgG4-related aortitis,Subtype of disorder,0,1,1,0.0
449427,IgG4-related pachymeningitis,Subtype of disorder,0,1,1,0.0
449432,IgG4-related submandibular gland disease,Subtype of disorder,0,1,1,0.0
449563,IgG4-related ophthalmic disease,Subtype of disorder,0,1,1,0.0
449566,Eosinophilic angiocentric fibrosis,Disorder,0,1,1,26.0
450322,Polyclonal hyperviscosity syndrome,Disorder,0,1,1,0.0
451602,Primary cutaneous plasmacytosis,Disorder,0,1,1,0.0
451607,Cutaneous pseudolymphoma,Disorder,0,1,1,30.0
451612,Familial congenital nasolacrimal duct obstruction,Disorder,1,1,1,2.0
453499,Neurodevelopmental disorder-craniofacial dysmorphism-cardiac defect-skeletal anomalies syndrome,Disorder,0,1,1,12.5
453504,Neurodevelopmental disorder-craniofacial dysmorphism-cardiac defect-skeletal anomalies syndrome due to a point mutation,Subtype of disorder,1,1,1,5.0
453510,Congenital insensitivity to pain with severe intellectual disability,Disorder,1,1,1,1.5
453521,Autosomal recessive cerebellar ataxia due to CWF19L1 deficiency,Disorder,1,1,1,1.0
453533,Polyendocrine-polyneuropathy syndrome,Disorder,1,1,1,1.5
454700,Acquired Creutzfeldt-Jakob disease,Group of disorders,0,1,1,0.0
454706,Progressive muscular atrophy,Disorder,0,1,1,
454710,Anti-p200 pemphigoid,Disorder,0,1,1,25.0
454714,Plasma cell leukemia,Disorder,0,1,1,0.04
454718,Holmes-Adie syndrome,Disorder,0,1,1,2.35
454723,Endometrioid carcinoma of ovary,Disorder,0,1,1,0.66
454742,Variably protease-sensitive prionopathy,Disorder,0,1,1,
454745,Kuru,Disorder,1,1,1,1350.0
454750,Isolated tracheoesophageal fistula,Disorder,0,1,1,3.2
454821,OBSOLETE: Pleomorphic salivary gland adenoma,Subtype of disorder,0,0,0,
454831,Acute radiation syndrome,Disorder,0,1,1,0.0
454836,Avian influenza,Disorder,0,1,1,275.3333333333333
454840,NTHL1-related polyposis,Disorder,1,1,1,
454872,OBSOLETE: Type 1 interferonopathy with immunodeficiency,Group of disorders,0,0,0,
454887,Corticobasal syndrome,Disorder,0,1,1,0.0
456298,"1p35.2 microdeletion syndrome",Disorder,0,1,1,1.0
456312,Infantile multisystem neurologic-endocrine-pancreatic disease,Disorder,1,1,1,1.0
456318,Hereditary sensory neuropathy-deafness-dementia syndrome,Disorder,1,1,1,3.0
456328,X-linked myotubular myopathy-abnormal genitalia syndrome,Disorder,2,1,1,2.0
456333,Hereditary neuroendocrine tumor of small intestine,Disorder,1,1,1,
456369,Polyglucosan body myopathy type 2,Disorder,1,1,1,7.5
457050,Autosomal dominant mitochondrial myopathy with exercise intolerance,Disorder,1,1,1,7.5
457059,Pseudohypoparathyroidism with Albright hereditary osteodystrophy,Group of disorders,0,1,1,
457062,Pseudohypoparathyroidism without Albright hereditary osteodystrophy,Group of disorders,0,0,0,
457074,Congenital nemaline myopathy,Group of disorders,0,0,0,
457077,TAFRO syndrome,Disorder,0,1,1,14.0
457083,Isolated splenogonadal fusion,Disorder,0,1,1,72.5
457088,Predisposition to invasive fungal disease due to CARD9 deficiency,Disorder,1,1,1,
457095,Actinomycosis,Disorder,0,1,1,0.0
457185,Neonatal encephalomyopathy-cardiomyopathy-respiratory distress syndrome,Disorder,1,1,1,5.5
457193,KAT6-related intellectual disability-craniofacial anomalies-cardiac defects syndrome,Disorder,1,1,1,38.0
457205,Infantile-onset axonal motor and sensory neuropathy-optic atrophy-neurodegenerative syndrome,Disorder,0,1,1,1.0
457212,Progressive essential tremor-speech impairment-facial dysmorphism-intellectual disability-abnormal behavior syndrome,Disorder,1,1,1,2.5
457223,Syndromic sensorineural deafness due to combined oxidative phosphorylation defect,Disorder,1,1,1,1.0
457240,X-linked intellectual disability-short stature-overweight syndrome,Disorder,1,1,1,10.0
457246,Clear cell sarcoma of kidney,Disorder,6,1,1,
457252,Squamous cell carcinoma of the oral tongue,Disorder,0,0,0,
457260,X-linked intellectual disability-hypotonia-movement disorder syndrome,Disorder,1,1,1,19.0
457265,Progressive myoclonic epilepsy type 9,Disorder,1,1,1,1.0
457279,Intellectual disability-macrocephaly-hypotonia-behavioral abnormalities syndrome,Disorder,1,1,1,8.0
457284,Microcephaly-corpus callosum hypoplasia-intellectual disability-facial dysmorphism syndrome,Disorder,1,1,1,2.5
457351,Microcephaly-intellectual disability-sensorineural hearing loss-epilepsy-abnormal muscle tone syndrome,Disorder,1,1,1,7.0
457359,Megalencephaly-severe kyphoscoliosis-overgrowth syndrome,Disorder,1,1,1,1.0
457365,Intellectual disability-muscle weakness-short stature-facial dysmorphism syndrome,Disorder,0,1,1,1.5
457375,ITPA-related lethal infantile neurological disorder with cataract and cardiac involvement,Disorder,1,1,1,3.5
457378,Complex lethal osteochondrodysplasia,Disorder,1,1,1,3.0
457395,Progressive spondyloepimetaphyseal dysplasia-short stature-short fourth metatarsals-intellectual disability syndrome,Disorder,1,1,1,2.0
457406,Multiple mitochondrial dysfunctions syndrome type 4,Disorder,1,1,1,4.0
457485,Macrocephaly-intellectual disability-neurodevelopmental disorder-small thorax syndrome,Disorder,1,1,1,4.0
458713,NON RARE IN EUROPE: Specific language impairment,Disorder,0,0,0,
458718,Idiopathic spontaneous coronary artery dissection,Disorder,0,1,1,0.0
458758,Composite hemangioendothelioma,Disorder,0,1,1,19.5
458763,Retiform hemangioendothelioma,Disorder,0,1,1,16.0
458768,Papillary intralymphatic angioendothelioma,Disorder,0,1,1,15.0
458775,Congenital hemangioma,Group of disorders,0,0,0,
458785,Partially involuting congenital hemangioma,Disorder,0,1,1,
458792,Mixed cystic lymphatic malformation,Disorder,0,1,1,
458798,Spinocerebellar ataxia type 41,Disorder,1,1,1,0.5
458803,Spinocerebellar ataxia type 42,Disorder,1,1,1,12.5
458827,OBSOLETE: Vascular tumor with associated anomalies,Group of disorders,0,0,0,
458830,Rare capillary malformation with associated anomalies,Group of disorders,0,0,0,
458833,Common cystic lymphatic malformation,Group of disorders,0,0,0,
458837,Rare combined vascular malformation,Group of disorders,0,0,0,
458841,OBSOLETE: Primary lymphedema with associated anomalies,Group of disorders,0,0,0,
458844,Rare vascular malformation of major vessels,Group of disorders,0,0,0,
459033,Ataxia-oculomotor apraxia type 4,Disorder,1,1,1,6.0
459051,"Spondyloepiphyseal dysplasia, Stanescu type",Disorder,1,1,1,3.5
459056,Autosomal recessive spastic paraplegia type 75,Disorder,1,1,1,2.5
459061,Craniofacial dysplasia-short stature-ectodermal anomalies-intellectual disability syndrome,Disorder,2,1,1,4.0
459070,X-linked intellectual disability-cerebellar hypoplasia-spondylo-epiphyseal dysplasia syndrome,Disorder,1,1,1,1.0
459074,Corpus callosum agenesis-macrocephaly-hypertelorism syndrome,Disorder,0,1,1,2.0
459345,Immunodeficiency due to a complement cascade component deficiency,Group of disorders,0,0,0,
459348,Immunodeficiency due to a complement regulatory deficiency,Group of disorders,0,0,0,
459353,OBSOLETE: C1 inhibitor deficiency,Disorder,0,0,0,
459526,Rare genetic capillary malformation,Group of disorders,0,0,0,
459530,OBSOLETE: Genetic primary lymphedema,Group of disorders,0,0,0,
459537,Genetic complex vascular malformation with associated anomalies,Group of disorders,0,0,0,
459543,Rare genetic vascular tumor,Group of disorders,0,0,0,
459548,Rare genetic venous malformation,Group of disorders,0,0,0,
459690,NON RARE IN EUROPE: Gender dysphoria,Disorder,0,0,0,
459696,NON RARE IN EUROPE: Juvenile idiopathic scoliosis,Disorder,0,0,0,
459787,Lethal multiple congenital anomalies/dysmorphic syndrome,Group of disorders,0,0,0,
464282,Spastic paraplegia-severe developmental delay-epilepsy syndrome,Disorder,1,1,1,8.0
464288,Short stature-brachydactyly-obesity-global developmental delay syndrome,Disorder,1,1,1,3.0
464293,NON RARE IN EUROPE: Infantile capillary hemangioma,Disorder,0,0,0,
464306,DYRK1A-related intellectual disability syndrome,Disorder,0,1,1,27.0
464311,Intellectual disability syndrome due to a DYRK1A point mutation,Subtype of disorder,1,1,1,17.5
464318,Verrucous hemangioma,Disorder,0,1,1,0.0
464321,Multifocal lymphangioendotheliomatosis-thrombocytopenia syndrome,Disorder,0,1,1,0.0
464329,Kaposiform lymphangiomatosis,Disorder,0,1,1,0.0
464336,BENTA disease,Disorder,1,1,1,4.0
464343,Catastrophic antiphospholipid syndrome,Disorder,0,1,1,0.0
464359,Benign metanephric tumor,Disorder,0,1,1,0.0
464366,NEK9-related lethal skeletal dysplasia,Disorder,1,1,1,2.5
464370,Neonatal alloimmune neutropenia,Disorder,1,1,1,8.3
464440,"Primary dystonia, DYT27 type",Disorder,1,1,1,2.5
464443,COG6-CGD,Disorder,1,1,1,5.0
464453,Acquired methemoglobinemia,Disorder,0,1,1,121.0
464458,Paracetamol poisoning,Disorder,0,1,1,8.0
464463,NON RARE IN EUROPE: Adenocarcinoma of stomach,Disorder,0,0,0,
464682,OBSOLETE: Disorder with acute infantile liver failure,Group of disorders,0,0,0,
464724,Fever-associated acute infantile liver failure syndrome,Disorder,2,1,1,5.5
464738,Basel-Vanagaite-Smirin-Yosef syndrome,Disorder,1,1,1,11.0
464756,Familial gastric type 1 neuroendocrine tumor,Disorder,1,1,1,2.5
464760,Familial cavitary optic disc anomaly,Disorder,1,1,1,8.5
464764,Immune-mediated acquired neuromuscular junction disease,Group of disorders,0,0,0,
465508,Symptomatic form of HFE-related hemochromatosis,Disorder,2,1,1,0.0
465824,Fetal encasement syndrome,Disorder,1,1,1,1.0
466026,Class I glucose-6-phosphate dehydrogenase deficiency,Disorder,1,1,1,0.0
466066,Genetic hemoglobinopathy,Group of disorders,0,0,0,
466084,Genetic otorhinolaryngologic disease,Group of disorders,0,0,0,
466650,Exercise-induced malignant hyperthermia,Disorder,1,1,1,0.0
466658,Rare disease with malignant hyperthermia,Group of disorders,0,0,0,
466667,NON RARE IN EUROPE: Colorectal cancer,Disorder,0,0,0,
466670,Cyanide poisoning,Disorder,0,1,1,0.0
466673,NON RARE IN EUROPE: Post-herpetic neuralgia,Disorder,0,0,0,
466677,Scorpion envenomation,Disorder,0,1,1,0.0
466682,Euthyroid Graves orbitopathy,Disorder,0,1,1,
466688,Severe intellectual disability-corpus callosum agenesis-facial dysmorphism-cerebellar ataxia syndrome,Disorder,1,1,1,3.0
466695,Supratip dysplasia,Disorder,0,1,1,2.5
466703,TMEM199-CDG,Disorder,1,1,1,3.5
466718,Martinique crinkled retinal pigment epitheliopathy,Disorder,1,1,1,7.0
466722,Autosomal recessive spastic paraplegia type 77,Disorder,1,1,1,4.0
466729,Familial patent arterial duct,Disorder,2,1,1,
466732,OBSOLETE: Lethal brachymelia-polycystic kidney disease-congenital heart defect syndrome,Disorder,0,0,0,
466768,Autosomal dominant Charcot-Marie-Tooth disease type 2Z,Disorder,1,1,1,10.5
466775,Autosomal recessive Charcot-Marie-Tooth disease type 2X,Disorder,1,1,1,14.5
466784,Neonatal severe cardiopulmonary failure due to mitochondrial methylation defect,Disorder,1,1,1,1.5
466791,Macrocephaly-intellectual disability-left ventricular non compaction syndrome,Disorder,1,1,1,3.0
466794,Acute infantile liver failure-cerebellar ataxia-peripheral sensory motor neuropathy syndrome,Disorder,1,1,1,1.5
466801,OBSOLETE: LIMS2-related myopathy,Disorder,0,0,0,
466806,Autosomal dominant thrombocytopenia with platelet secretion defect,Disorder,1,1,1,2.0
466921,Childhood-onset progressive contractures-limb-girdle weakness-muscle dystrophy syndrome,Disorder,1,1,1,1.5
466926,Seizures-scoliosis-macrocephaly syndrome,Disorder,1,1,1,5.0
466934,VPS11-related autosomal recessive hypomyelinating leukodystrophy,Disorder,1,1,1,6.5
466943,WAC-related facial dysmorphism-developmental delay-behavioral abnormalities syndrome,Disorder,0,1,1,11.0
466950,Facial dysmorphism-developmental delay-behavioral abnormalities syndrome due to WAC point mutation,Subtype of disorder,1,1,1,5.0
466962,SMARCA4-deficient sarcoma of thorax,Disorder,1,1,1,9.5
467166,Tubulinopathy-associated dysgyria,Disorder,3,1,1,3.5
467176,Severe hypotonia-psychomotor developmental delay-strabismus-cardiac septal defect syndrome,Disorder,1,1,1,3.0
468620,Intellectual disability-epilepsy-extrapyramidal syndrome,Disorder,1,1,1,1.5
468631,Microcephalic cortical malformations-short stature due to RTTN deficiency,Disorder,1,1,1,14.0
468635,Cryptogenic multifocal ulcerous stenosing enteritis,Disorder,1,1,1,30.0
468641,Chronic enteropathy associated with SLCO2A1 gene,Disorder,1,1,1,9.0
468661,Autosomal recessive spastic paraplegia type 74,Disorder,1,1,1,5.5
468666,Isolated generalized anhidrosis with normal sweat glands,Disorder,1,1,1,3.5
468672,Colobomatous macrophthalmia-microcornea syndrome,Disorder,1,1,1,10.5
468678,White-Sutton syndrome,Disorder,1,1,1,0.0
468684,CCDC115-CDG,Disorder,1,1,1,4.0
468699,SLC39A8-CDG,Disorder,1,1,1,5.0
468717,Rhizomelic chondrodysplasia punctata type 5,Subtype of disorder,1,1,1,2.0
468726,Severe primary trimethylaminuria,Disorder,1,1,1,0.0
471383,Genetic lethal multiple congenital anomalies/dysmorphic syndrome,Group of disorders,0,0,0,
474347,Rare congenital anomaly of ventricular septum,Group of disorders,0,0,0,
476084,BVES-related limb-girdle muscular dystrophy,Disorder,1,1,1,1.5
476093,HSPB8-related autosomal dominant distal axonal motor neuropathy-myofibrillar myopathy syndrome,Disorder,1,1,1,4.0
476096,Erythrokeratodermia-cardiomyopathy syndrome,Disorder,1,1,1,1.5
476102,OBSOLETE: Hereditary pediatric Behçet-like disease,Disorder,0,0,0,
476109,Axonal hereditary motor and sensory neuropathy,Group of disorders,0,0,0,
476113,Combined immunodeficiency due to TFRC deficiency,Disorder,1,1,1,1.0
476116,Demyelinating hereditary motor and sensory neuropathy,Group of disorders,0,0,0,
476119,Autosomal dominant preaxial polydactyly-upperback hypertrichosis syndrome,Disorder,1,1,1,0.5
476123,Intermediate Charcot-Marie-Tooth disease,Group of disorders,0,0,0,
476126,Micrognathia-recurrent infections-behavioral abnormalities-mild intellectual disability syndrome,Disorder,1,1,1,2.0
476394,PMP2-related Charcot-Marie-Tooth disease type 1,Disorder,1,1,1,6.5
476403,Hypercontractile muscle stiffness syndrome,Group of disorders,0,0,0,
476406,Congenital generalized hypercontractile muscle stiffness syndrome,Disorder,1,1,1,1.0
477647,Type 1 interferonopathy,Group of disorders,0,0,0,
477650,Fibroblastic rheumatism,Disorder,0,1,1,15.0
477661,IL21-related infantile inflammatory bowel disease,Disorder,1,1,1,1.5
477668,OBSOLETE: AymÚ-Gripp syndrome,Disorder,0,0,0,
477673,Postnatal microcephaly-infantile hypotonia-spastic diplegia-dysarthria-intellectual disability syndrome,Disorder,1,1,1,8.5
477684,Combined oxidative phosphorylation defect type 26,Disorder,1,1,1,1.0
477697,OBSOLETE: Hereditary thrombocytopenia-hematological cancer predisposition syndrome,Disorder,0,0,0,
477738,Pediatric multiple sclerosis,Disorder,2,1,1,
477742,Nodular fasciitis,Disorder,2,1,1,0.0
477749,Pontine autosomal dominant microangiopathy with leukoencephalopathy,Disorder,1,1,1,5.5
477754,Genetic cerebral small vessel disease,Group of disorders,0,0,0,
477759,COL4A1 or COL4A2-related cerebral small vessel disease,Group of disorders,0,0,0,
477762,COL4A1 or COL4A2-related cerebral small vessel disease with ischemic tendency,Group of disorders,0,0,0,
477765,COL4A1 or COL4A2-related cerebral small vessel disease with hemorrhagic tendency,Group of disorders,0,0,0,
477768,Moyamoya angiopathy,Group of disorders,0,0,0,
477771,Rare disorder with a moyamoya angiopathy,Group of disorders,0,0,0,
477774,Combined oxidative phosphorylation defect type 27,Disorder,1,1,1,1.5
477781,Primary condylar hyperplasia,Disorder,0,1,1,0.0
477787,Cytosolic phospholipase-A2 alpha deficiency associated bleeding disorder,Disorder,1,1,1,1.0
477794,Syndromic constitutional thrombocytopenia,Group of disorders,0,0,0,
477797,Isolated constitutional thrombocytopenia,Group of disorders,0,0,0,
477805,Genetic cardiac malformation,Group of disorders,0,0,0,
477808,Other genetic dermis disorder,Group of disorders,0,0,0,
477811,Rare hypercholesterolemia,Group of disorders,0,0,0,
477814,Progressive microcephaly-seizures-cortical blindness-developmental delay syndrome,Disorder,1,1,1,4.5
477817,PMP22-RAI1 contiguous gene duplication syndrome,Disorder,1,1,1,11.5
477831,Kosaki overgrowth syndrome,Disorder,1,1,1,1.0
477857,Mendelian susceptibility to mycobacterial diseases due to complete RORgamma receptor deficiency,Disorder,1,1,1,3.5
477993,Palatal anomalies-widely spaced teeth-facial dysmorphism-developmental delay syndrome,Disorder,1,1,1,1.5
478029,Combined oxidative phosphorylation defect type 29,Disorder,1,1,1,0.5
478042,Combined oxidative phosphorylation defect type 30,Disorder,1,1,1,1.0
478049,Lethal left ventricular non-compaction-seizures-hypotonia-cataract-developmental delay syndrome,Disorder,1,1,1,2.0
478664,Hereditary sensory and autonomic neuropathy type 8,Disorder,1,1,1,5.5
480476,Progressive familial intrahepatic cholestasis type 5,Subtype of disorder,1,1,1,2.0
480483,Progressive familial intrahepatic cholestasis type 4,Subtype of disorder,1,1,1,7.0
480491,MYO5B-related progressive familial intrahepatic cholestasis,Subtype of disorder,1,1,1,2.5
480501,Choledochal cyst,Disorder,0,1,1,1.0
480506,Primary intrahepatic lithiasis,Disorder,0,0,0,
480512,Idiopathic ductopenia,Disorder,0,0,0,50.0
480520,Caroli syndrome,Disorder,0,1,1,0.0
480524,Idiopathic peliosis hepatis,Disorder,0,1,1,0.0
480528,Lethal hydranencephaly-diaphragmatic hernia syndrome,Disorder,1,1,1,1.0
480531,Congenital portosystemic shunt,Disorder,0,1,1,3.0
480536,MSH3-related polyposis,Disorder,1,1,1,2.0
480541,High grade B-cell lymphoma with MYC and/ or BCL2 and/or BCL6 rearrangement,Disorder,3,0,0,
480549,Non-severe combined immunodeficiency,Group of disorders,0,0,0,
480553,Aneurysmal bone cyst,Disorder,0,0,0,
480556,Isolated neonatal sclerosing cholangitis,Disorder,1,1,1,2.0
480682,POGLUT1-related limb-girdle muscular dystrophy R21,Disorder,1,1,1,2.0
480701,Facial diplegia with paresthesias,Disorder,0,0,0,
480773,OBSOLETE: Fibular aplasia-tibial campomelia-oligosyndactyly syndrome,Disorder,0,0,0,
480851,Hereditary thrombocytopenia with early-onset myelofibrosis,Disorder,1,1,1,4.5
480864,Recurrent metabolic encephalomyopathic crises-rhabdomyolysis-cardiac arrhythmia-intellectual disability syndrome,Disorder,1,1,1,12.0
480880,X-linked female restricted facial dysmorphism-short stature-choanal atresia-intellectual disability,Disorder,1,1,1,8.5
480898,Global developmental delay-visual anomalies-progressive cerebellar atrophy-truncal hypotonia syndrome,Disorder,1,1,1,3.0
480907,X-linked intellectual disability-global development delay-facial dysmorphism-sacral caudal remnant syndrome,Disorder,1,1,1,7.0
481152,PYCR2-related microcephaly-progressive leukoencephalopathy,Disorder,1,1,1,9.0
481469,OBSOLETE: Gastric neuroendocrine tumor type 1,Subtype of disorder,0,0,0,
481475,OBSOLETE: Gastric neuroendocrine tumor type 2,Subtype of disorder,0,0,0,
481478,OBSOLETE: Gastric neuroendocrine tumor type 3,Subtype of disorder,0,0,0,
481481,OBSOLETE: Gastric neuroendocrine tumor type 4,Subtype of disorder,0,0,0,
481508,Gastroenteric neuroendocrine neoplasm,Group of disorders,0,0,0,
481662,Familial Chilblain lupus,Disorder,3,1,1,5.0
481665,Pseudo-TORCH syndrome type 2,Disorder,1,1,1,2.5
481671,Type 1 interferonopathy of childhood,Group of disorders,0,0,0,
481771,Genetic alopecia,Group of disorders,0,0,0,
481986,Familial schizencephaly,Subtype of disorder,1,1,1,
482072,HTRA1-related cerebral small vessel disease,Group of disorders,0,0,0,
482077,HTRA1-related autosomal dominant cerebral small vessel disease,Disorder,1,1,1,10.5
482092,Rare idiopathic macular telangiectasia,Group of disorders,0,0,0,
482601,Adenylosuccinate synthetase-like 1-related distal myopathy,Disorder,1,1,1,9.5
482606,X-linked keloid scarring-reduced joint mobility-increased optic cup-to-disc ratio syndrome,Disorder,1,1,1,7.5
485275,Acquired schizencephaly,Subtype of disorder,3,0,0,
485350,CLCN4-related X-linked intellectual disability syndrome,Disorder,1,1,1,19.0
485358,Propylthiouracil embryofetopathy,Disorder,0,1,1,0.0
485382,Rare genetic premature ovarian failure,Group of disorders,0,0,0,
485405,"16p12.1p12.3 triplication syndrome",Disorder,0,1,1,1.5
485418,EMILIN-1-related connective tissue disease,Disorder,1,1,1,1.5
485421,MFF-related encephalopathy due to mitochondrial and peroxisomal fission defect,Subtype of disorder,1,1,1,2.0
485426,Isolated congenital hepatic fibrosis,Disorder,0,1,1,
485631,Congenital bile acid synthesis defect,Group of disorders,0,0,0,
486811,Prenatal-onset spinal muscular atrophy with congenital bone fractures,Disorder,2,1,1,3.5
486815,Congenital muscular dystrophy-respiratory failure-skin abnormalities-joint hyperlaxity syndrome,Disorder,1,1,1,2.0
486955,Rare pediatric rheumatologic disease,Group of disorders,0,0,0,
487796,Takenouchi-Kosaki syndrome,Disorder,1,1,1,1.0
487809,Pediatric collagenous gastritis,Disorder,0,1,1,12.0
487814,Autosomal dominant Charcot-Marie-Tooth disease type 2 due to DGAT2 mutation,Disorder,1,1,1,1.0
487825,Pierpont syndrome,Disorder,1,1,1,3.5
488168,Microcephaly-congenital cataract-psoriasiform dermatitis syndrome,Disorder,1,1,1,2.5
488191,Female infertility due to oocyte meiotic arrest,Disorder,6,1,1,8.0
488197,Familial progressive retinal dystrophy-iris coloboma-congenital cataract syndrome,Disorder,1,1,1,4.5
488201,NON RARE IN EUROPE: Non-small cell lung cancer,Disorder,0,0,0,
488232,Split-foot malformation-mesoaxial polydactyly syndrome,Disorder,1,1,1,2.5
488239,Acute macular neuroretinopathy,Disorder,0,1,1,50.5
488265,Osteofibrous dysplasia,Disorder,1,1,1,
488280,"14q32 duplication syndrome",Disorder,0,1,1,16.5
488333,Autosomal dominant Charcot-Marie-Tooth disease type 2W,Disorder,1,1,1,12.0
488434,"Camptodactyly syndrome, Guadalajara type 3",Disorder,0,1,1,2.5
488437,SIX2-related frontonasal dysplasia,Disorder,1,1,1,0.5
488586,Congenital amyoplasia,Disorder,0,0,0,
488594,Autosomal recessive spastic paraplegia type 76,Disorder,1,1,1,3.5
488613,Global developmental delay-neuro-ophthalmological abnormalities-seizures-intellectual disability syndrome,Disorder,1,1,1,13.0
488618,Transketolase deficiency,Disorder,1,1,1,2.5
488627,Severe growth deficiency-strabismus-extensive dermal melanocytosis-intellectual disability syndrome,Disorder,1,1,1,1.5
488632,TBCK-related encephalopathy-severe hypotonia-craniofacial dysmorphism syndrome,Disorder,1,1,1,12.5
488635,Early-onset epilepsy-intellectual disability-brain anomalies syndrome,Disorder,1,1,1,2.5
488642,TELO2-related intellectual disability-neurodevelopmental disorder,Disorder,1,1,1,3.0
488647,DDX41-related hematologic malignancy predisposition syndrome,Disorder,1,1,1,1.5
488650,"Distal myopathy, Tateyama type",Disorder,1,1,1,3.5
493342,Vibratory urticaria,Disorder,1,1,1,18.5
493348,OBSOLETE: Vibratory angioedema,Disorder,0,0,0,
494344,RERE-related neurodevelopmental syndrome,Disorder,1,1,1,5.0
494348,Early-onset familial noncirrhotic portal hypertension,Disorder,0,0,0,
494418,Vulvar carcinoma,Disorder,0,1,1,0.86
494421,Sacrococcygeal teratoma,Subtype of disorder,0,1,1,
494424,Extracranial carotid artery aneurysm,Disorder,0,1,1,0.0
494428,Idiopathic pleuroparenchymal fibroelastosis,Disorder,0,1,1,18.5
494433,MIRAGE syndrome,Disorder,1,1,1,9.5
494439,Retinitis pigmentosa-hearing loss-premature aging-short stature-facial dysmorphism syndrome,Disorder,1,1,1,1.5
494444,DIAPH1-related sensorineural hearing loss-thrombocytopenia syndrome,Disorder,1,1,1,4.0
494448,Vulvar squamous cell carcinoma,Subtype of disorder,0,1,1,
494451,Vulvar basal cell carcinoma,Subtype of disorder,0,1,1,
494454,Vulvar adenocarcinoma,Subtype of disorder,0,1,1,
494457,Rare hyperkinetic movement disorder,Group of disorders,0,0,0,
494526,Infantile-onset generalized dyskinesia with orofacial involvement,Disorder,1,1,1,4.0
494541,Childhood-onset benign chorea with striatal involvement,Disorder,1,1,1,1.5
494547,Squamous cell carcinoma of the hypopharynx,Disorder,3,1,1,1.27
494550,Squamous cell carcinoma of the larynx,Disorder,3,1,1,4.61
495274,Charcot-Marie-Tooth disease type 2T,Disorder,1,1,1,5.0
495818,"9q33.3q34.11 microdeletion syndrome",Disorder,2,1,1,2.0
495844,C11ORF73-related autosomal recessive hypomyelinating leukodystrophy,Disorder,1,1,1,3.0
495875,Congenital labioscrotal agenesis-cerebellar malformation-corneal dystrophy-facial dysmorphism syndrome,Disorder,1,1,1,1.5
495879,Congenital agenesis of the scrotum,Disorder,0,1,1,3.0
495930,Familial monosomy 7 syndrome,Disorder,0,1,1,7.0
496641,Early-onset progressive diffuse brain atrophy-microcephaly-muscle weakness-optic atrophy syndrome,Disorder,1,1,1,19.5
496686,Kyphosis-lateral tongue atrophy-myofibrillar myopathy syndrome,Disorder,1,1,1,1.5
496689,Kyphoscoliosis-lateral tongue atrophy-hereditary spastic paraplegia syndrome,Disorder,1,1,1,6.0
496693,Omphalocele-diaphragmatic hernia-cardiovascular anomalies-radial ray defect syndrome,Disorder,0,1,1,3.5
496751,EVEN-plus syndrome,Disorder,1,1,1,1.5
496756,Early-onset progressive encephalopathy-spastic ataxia-distal spinal muscular atrophy syndrome,Disorder,1,1,1,3.0
496790,Ocular anomalies-axonal neuropathy-developmental delay syndrome,Disorder,1,1,1,4.0
496916,Rare genetic hyperkinetic movement disorder,Group of disorders,0,0,0,
496924,Non-inflammatory vasculopathy,Group of disorders,0,0,0,
497188,Diffuse intrinsic pontine glioma,Disorder,0,1,1,0.056
497623,C12ORF65-related combined oxidative phosphorylation defect,Group of disorders,0,1,1,15.0
497737,Epidermolytic nevus,Disorder,0,1,1,100.0
497757,MME-related autosomal dominant Charcot Marie Tooth disease type 2,Disorder,1,1,1,9.5
497764,Spinocerebellar ataxia type 43,Disorder,1,1,1,3.5
497906,Childhood-onset basal ganglia degeneration syndrome,Disorder,1,1,1,2.0
498228,Phyllodes tumor of the prostate,Disorder,0,1,1,90.0
498251,Menstrual cycle-dependent periodic fever,Disorder,1,1,1,2.5
498345,Biliary atresia and associated disorders,Group of disorders,0,0,0,
498350,Syndromic biliary atresia,Group of disorders,0,0,0,
498359,Aquagenic palmoplantar keratoderma,Disorder,1,1,1,0.0
498445,Genetic inflammatory or rheumatoid-like osteoarthropathy,Group of disorders,0,0,0,
498448,Overgrowth or tall stature syndrome with skeletal involvement,Group of disorders,0,0,0,
498451,Dysostosis with brachydactyly without extraskeletal manifestations,Group of disorders,0,0,0,
498454,Dysostosis with brachydactyly with extraskeletal manifestations,Group of disorders,0,0,0,
498457,Non-syndromic longitudinal limb defect,Group of disorders,0,0,0,
498461,Non-syndromic terminal transverse limb defect,Group of disorders,0,0,0,
498464,Non-syndromic preaxial polydactyly,Group of disorders,0,0,0,
498467,Non-syndromic postaxial polydactyly,Group of disorders,0,0,0,
498470,Non-syndromic complex polydactyly,Group of disorders,0,0,0,
498474,Hyaline fibromatosis syndrome,Disorder,0,1,1,75.0
498477,Ectrodactyly with and without other manifestations,Group of disorders,0,0,0,
498481,LRP5-related primary osteoporosis,Disorder,1,1,1,1.5
498485,Overgrowth-metaphyseal undermodeling-spondylar dysplasia syndrome,Disorder,0,1,1,2.0
498488,Overgrowth syndrome with 2q37 translocation,Disorder,0,1,1,2.0
498491,Non-syndromic complete hemimelia,Group of disorders,0,0,0,
498494,Mirror-image polydactyly,Disorder,1,0,0,
498497,Short rib-polydactyly syndrome type 5,Disorder,1,1,1,1.0
498602,Sugarman brachydactyly,Disorder,0,1,1,0.5
498693,MYBPC1-related autosomal recessive non-lethal arthrogryposis multiplex congenita syndrome,Disorder,1,1,1,2.0
498700,OBSOLETE: Limbic encephalitis with neurexin-3 antibodies,Disorder,0,0,0,
499004,OBSOLETE: Tuberculous meningitis,Disorder,0,0,0,
499009,Congenital syphilis,Disorder,0,1,1,4.861176470588235
499047,Autoimmune/inflammatory optic neuropathy,Group of disorders,0,0,0,
499085,Chronic relapsing inflammatory optic neuritis,Subtype of disorder,0,0,0,
499096,Isolated optic neuritis,Disorder,0,0,0,
499103,Recurrent idiopathic neuroretinitis,Disorder,0,0,0,
499107,Idiopathic optic perineuritis,Disorder,0,0,0,
499182,Pilomatrix carcinoma,Disorder,0,1,1,
500055,Hao-Fountain syndrome due to 16p13.2 microdeletion,Subtype of disorder,1,1,1,3.0
500062,Infantile-onset periodic fever-panniculitis-dermatosis syndrome,Disorder,1,1,1,2.5
500095,Tall stature-intellectual disability-renal anomalies syndrome,Disorder,1,1,1,2.0
500135,Multinucleated neurons-anhydramnios-renal dysplasia-cerebellar hypoplasia-hydranencephaly syndrome,Disorder,1,1,1,1.5
500144,Early-onset progressive encephalopathy-hearing loss-pons hypoplasia-brain atrophy syndrome,Disorder,1,1,1,2.5
500150,ZTTK syndrome,Disorder,1,1,1,16.5
500159,Microcephaly-corpus callosum and cerebellar vermis hypoplasia-facial dysmorphism-intellectual disability syndrom,Disorder,1,1,1,2.0
500163,Witteveen-Kolk syndrome,Disorder,0,1,1,20.0
500166,SIN3-related intellectual disability syndrome due to a point mutation,Subtype of disorder,2,1,1,
500180,Childhood-onset motor and cognitive regression syndrome with extrapyramidal movement disorder,Disorder,1,1,1,3.5
500188,X-linked external auditory canal atresia-dilated internal auditory canal-facial dysmorphism syndrome,Disorder,1,1,1,2.0
500464,Squamous cell carcinoma of the nasal cavity and paranasal sinuses,Disorder,3,1,1,0.3499999999999999
500478,Squamous cell carcinoma of the oropharynx,Disorder,3,1,1,3.1199999999999997
500481,OBSOLETE: Squamous cell carcinoma of salivary glands,Subtype of disorder,0,0,0,
500533,Polyhydramnios-megalencephaly-symptomatic epilepsy syndrome,Disorder,1,1,1,8.5
500545,Severe neurodevelopmental disorder with feeding difficulties-stereotypic hand movement-bilateral cataract,Disorder,1,1,1,3.0
500548,Osteosclerotic metaphyseal dysplasia,Disorder,1,1,1,3.5
502305,Cochleovestibular malformation,Disorder,0,1,1,
502318,Cochlear nerve deficiency,Disorder,0,1,1,
502363,Squamous cell carcinoma of the oral cavity,Disorder,3,1,1,3.51
502366,Squamous cell carcinoma of the lip,Disorder,3,1,1,1.02
502369,Squamous cell carcinoma of oral cavity and lip,Group of disorders,0,0,0,
502423,Mitochondrial myopathy-cerebellar ataxia-pigmentary retinopathy syndrome,Disorder,1,1,1,4.5
502430,Weiss-Kruszka Syndrome,Disorder,1,1,1,4.0
502434,STAG1-related intellectual disability-facial dysmorphism-gastroesophageal reflux syndrome,Disorder,1,1,1,8.5
502437,"4q25 proximal deletion syndrome",Disorder,0,1,1,1.5
502444,Alkaline ceramidase 3 deficiency,Disorder,1,1,1,1.0
502499,Erythema multiforme major,Disorder,0,1,1,
504476,Cerebellar ataxia with neuropathy and bilateral vestibular areflexia syndrome,Disorder,1,1,1,50.0
504523,Severe combined immunodeficiency due to LAT deficiency,Disorder,1,1,1,1.5
504530,Combined immunodeficiency due to Moesin deficiency,Disorder,1,1,1,3.5
505208,"3-methylglutaconic aciduria type 8",Disorder,1,1,1,4.5
505216,"3-methylglutaconic aciduria type 9",Disorder,1,1,1,2.0
505227,Combined immunodeficiency due to GINS1 deficiency,Disorder,1,1,1,2.5
505237,Early-onset seizures-distal limb anomalies-facial dysmorphism-global developmental delay syndrome,Disorder,1,1,1,6.0
505242,Psychomotor regression-oculomotor apraxia-movement disorder-nephropathy syndrome,Disorder,1,1,1,3.0
505248,Mucopolysaccharidosis-like syndrome with congenital heart defects and hematopoietic disorders,Disorder,1,1,1,9.5
505395,Ventilator-induced diaphragmatic dysfunction,Disorder,0,1,1,0.0
505652,CDKL5-deficiency disorder,Disorder,1,1,1,0.6425
506052,Neuroendocrine neoplasm of pancreas,Group of disorders,0,0,0,
506060,Functioning neuroendocrine tumor of pancreas,Group of disorders,0,1,1,
506075,Non-functioning neuroendocrine tumor of pancreas,Disorder,0,1,1,
506090,Serotonin-producing neuroendocrine tumor of pancreas,Disorder,0,0,0,
506098,Neuroendocrine carcinoma of pancreas,Disorder,0,0,0,
506112,Mixed neuroendocrine and non-neuroendocrine neoplasm of pancreas,Disorder,0,0,0,
506124,OBSOLETE: Neuroendocrine tumor of small intestine,Group of disorders,0,0,0,
506136,Neuroendocrine neoplasm of esophagus,Disorder,0,0,0,
506207,Rare disorder potentially indicated for transplant,Group of disorders,0,0,0,
506210,Rare disorder potentially indicated for liver transplant,Group of disorders,0,0,0,
506213,Rare disorder potentially indicated for kidney transplant,Group of disorders,0,0,0,
506216,Rare disorder potentially indicated for bowel transplant,Group of disorders,0,0,0,
506219,Rare disorder potentially indicated for hematopoietic stem cell transplant,Group of disorders,0,0,0,
506222,Rare disorder potentially indicated for lung transplant,Group of disorders,0,0,0,
506225,Rare disorder potentially indicated for heart transplant,Group of disorders,0,0,0,
506307,Stromme syndrome,Disorder,1,1,1,5.5
506334,Familial steroid-resistant nephrotic syndrome with adrenal insufficiency,Disorder,1,1,1,
506353,Autosomal recessive complex spastic paraplegia due to Kennedy pathway dysfunction,Disorder,1,1,1,2.0
506358,Gabriele-de Vries syndrome,Disorder,1,1,1,5.0
506784,Stevens-Johnson syndrome/toxic epidermal necrolysis overlap syndrome,Subtype of disorder,0,0,0,
508093,MEPAN syndrome,Disorder,1,1,1,3.5
508410,Familial intestinal malrotation,Disorder,0,1,1,
508476,Cleft lip and palate-craniofacial dysmorphism-congenital heart defect-hearing loss syndrome,Disorder,1,1,1,3.5
508488,"8q24.3 microdeletion syndrome",Disorder,1,1,1,1.0
508498,Intellectual disability-cardiac anomalies-short stature-joint laxity syndrome,Disorder,1,1,1,9.0
508501,Orofaciodigital syndrome type 18,Disorder,1,1,1,1.5
508512,Intrauterine growth restriction-congenital multiple café-au-lait macules-increased sister chromatid exchange syndrome,Disorder,2,1,1,1.0
508523,Hyperphenylalaninemia due to DNAJC12 deficiency,Disorder,1,1,1,3.0
508529,Intermediate epidermolysis bullosa simplex with cardiomyopathy,Disorder,1,1,1,7.0
508533,Skeletal dysplasia-T-cell immunodeficiency-developmental delay syndrome,Disorder,1,1,1,6.0
508542,Congenital progressive bone marrow failure-B-cell immunodeficiency-skeletal dysplasia syndrome,Disorder,1,1,1,2.5
512017,Chronic lymphoproliferative disorder of natural killer cells,Disorder,1,1,1,
512034,Large granular lymphocyte leukemia,Group of disorders,0,0,0,0.02
512103,Autosomal recessive epidermolytic ichthyosis,Disorder,1,1,1,
512260,Congenital cerebellar ataxia due to RNU12 mutation,Disorder,1,1,1,3.0
513436,Autosomal recessive spastic paraplegia type 78,Disorder,1,1,1,3.5
513456,Intellectual disability-seizures-abnormal gait-facial dysmorphism syndrome,Disorder,1,1,1,7.5
514352,Congenital brachyesophagus-intrathoracic stomach-vertebral anomalies syndrome,Disorder,0,1,1,4.0
514980,ATP13A2-related parkinsonism,Group of disorders,0,1,1,0.0
519264,Inflammatory/autoimmune disorder involving the lacrimal system,Group of disorders,0,0,0,
519266,Rare disorder of the ocular adnexa,Group of disorders,0,0,0,
519268,Rare disorder with ectropion,Group of disorders,0,0,0,
519270,Rare disorder with entropion,Group of disorders,0,0,0,
519272,Structural developmental eye defect,Group of disorders,0,0,0,
519274,Syndromic lacrimal system disorder,Group of disorders,0,0,0,
519276,Anterior segment developmental anomaly with extraocular manifestations,Group of disorders,0,0,0,
519278,Infective keratitis,Group of disorders,0,0,0,
519280,Rare conjunctivitis,Group of disorders,0,0,0,
519282,Rare corneal disorder,Group of disorders,0,0,0,
519284,Rare disorder of the anterior segment of the eye,Group of disorders,0,0,0,
519286,Rare disorder of the pupil,Group of disorders,0,0,0,
519288,Rare disorder with corneal involvement as a major feature,Group of disorders,0,0,0,
519290,Rare inflammatory/autoimmune corneal disorder,Group of disorders,0,0,0,
519292,Syndromic ectopia lentis,Group of disorders,0,0,0,
519294,Syndromic microspherophakia,Group of disorders,0,0,0,
519296,Rare disorder with pigmented sclera,Group of disorders,0,0,0,
519298,Rare scleral disorder,Group of disorders,0,0,0,
519300,OBSOLETE: Isolated chorioretinal dystrophy,Group of disorders,0,0,0,
519302,OBSOLETE: Isolated macular dystrophy,Group of disorders,0,0,0,
519304,OBSOLETE: Isolated vitreoretinopathy,Group of disorders,0,0,0,
519306,OBSOLETE: Isolated progressive inherited retinal disorder,Group of disorders,0,0,0,
519309,Rare choroidal disorder,Group of disorders,0,0,0,
519311,Rare disorder of the posterior segment of the eye,Group of disorders,0,0,0,
519313,Rare macular disorder,Group of disorders,0,0,0,
519315,Rare retinal disorder,Group of disorders,0,0,0,
519317,Rare retinal vasculopathy,Group of disorders,0,0,0,
519319,OBSOLETE: Isolated stationary inherited retinal disorder,Group of disorders,0,0,0,
519321,OBSOLETE: Syndromic chorioretinal dystrophy,Group of disorders,0,0,0,
519323,OBSOLETE: Syndromic macular dystrophy,Group of disorders,0,0,0,
519325,OBSOLETE: Syndromic inherited retinal disorder,Group of disorders,0,0,0,
519327,OBSOLETE: Syndromic vitreoretinopathy,Group of disorders,0,0,0,
519329,Rare disorder involving multiple structures of the eye,Group of disorders,0,0,0,
519331,Secondary early-onset glaucoma,Group of disorders,0,0,0,
519333,Congenital optic disc excavation,Group of disorders,0,0,0,
519335,OBSOLETE: Inflammatory/autoimmune optic neuropathy,Group of disorders,0,0,0,
519337,Disorder with optic nerve compression,Group of disorders,0,0,0,
519339,Pseudopapilledema,Group of disorders,0,0,0,
519341,Rare brainstem or cerebellar disorder with ophthalmic involvement as a major feature,Group of disorders,0,0,0,
519343,Rare ophthalmic disorder with cortical involvement,Group of disorders,0,0,0,
519345,Rare disorder with optic disc malformation,Group of disorders,0,0,0,
519347,Rare neuromuscular disorder with ocular motility/alignment anomaly,Group of disorders,0,0,0,
519349,Rare ophthalmic disorder with cranial nerve involvement,Group of disorders,0,0,0,
519351,Rare optic nerve disorder,Group of disorders,0,0,0,
519353,Rare trochlear nerve disorder,Group of disorders,0,0,0,
519355,Rare ocular motility/alignment disorder,Group of disorders,0,0,0,
519357,OBSOLETE: Syndromic malformation of the optic disc,Group of disorders,0,0,0,
519384,Congenital cystic eye,Disorder,0,1,1,26.0
519386,Isolated congenital entropion,Disorder,0,0,0,
519388,Autosomal recessive anterior segment dysgenesis,Disorder,1,1,1,4.0
519390,Isolated blepharochalasis,Disorder,0,0,0,
519392,Isolated iridoschisis,Disorder,0,0,0,
519394,OBSOLETE: Isolated microphakia,Disorder,0,0,0,
519396,Isolated microspherophakia,Disorder,0,0,0,
519398,Isolated foveal hypoplasia,Disorder,0,0,0,
519400,Peripapillary staphyloma,Disorder,0,0,0,
519402,Isolated megalopapilla,Disorder,0,0,0,
519404,Optic disc pit,Disorder,0,0,0,
519406,Thygeson superficial punctate keratitis,Disorder,0,0,0,
519408,Mooren ulcer,Disorder,0,0,0,
519410,Terrien marginal degeneration,Disorder,0,0,0,
519930,Fungal keratitis,Disorder,0,0,0,
520814,Rare disorder of the visual organs,Group of disorders,0,0,0,
520817,OBSOLETE: Isolated inherited retinal disorder,Group of disorders,0,0,0,
520820,Progressive external ophthalmoplegia,Group of disorders,0,0,0,
521123,Radiation-induced plexopathy,Disorder,0,0,0,
521127,Osteoradionecrosis of the mandible,Disorder,0,0,0,
521132,Radiation-induced disorder,Group of disorders,0,0,0,
521219,Mirizzi syndrome,Disorder,0,1,1,0.0
521232,Genetic primary orthostatic disorder,Group of disorders,0,0,0,
521236,Primary orthostatic disorder,Group of disorders,0,0,0,
521258,Xq25 microduplication syndrome,Disorder,1,1,1,14.0
521268,Sodium-dependent multivitamin transporter deficiency,Disorder,0,0,0,
521305,Proximal myopathy with focal depletion of mitochondria,Disorder,1,1,1,2.0
521308,Frontonasal dysplasia-bifid nose-upper limb anomalies syndrome,Disorder,0,1,1,5.5
521390,Spastic paraplegia-intellectual disability-nystagmus-obesity syndrome,Disorder,1,1,1,2.0
521399,NON RARE IN EUROPE: Non rare obesity,Disorder,0,0,0,
521406,Dystonia-parkinsonism-hypermanganesemia syndrome,Disorder,1,1,1,5.5
521411,Autosomal recessive axonal Charcot-Marie-Tooth disease due to copper metabolism defect,Disorder,1,1,1,1.0
521414,Autosomal dominant Charcot-Marie-Tooth disease type 2DD,Disorder,1,1,1,25.5
521426,PLAA-associated neurodevelopmental disorder,Disorder,1,1,1,7.5
521432,Congenital cataract-severe neonatal hepatopathy-global developmental delay syndrome,Disorder,1,1,1,1.0
521438,Congenital vertebral-cardiac-renal anomalies syndrome,Disorder,3,1,1,2.0
521445,Microcephaly-facial dysmorphism-ocular anomalies-multiple congenital anomalies syndrome,Disorder,1,1,1,5.0
521450,LAMA5-related multisystemic syndrome,Disorder,1,1,1,5.5
522037,Primary autoimmune enteropathy,Disorder,0,0,0,
522043,Syndromic autoimmune enteropathy,Group of disorders,0,0,0,
522077,Infantile hypotonia-oculomotor anomalies-hyperkinetic movements-developmental delay syndrome,Disorder,1,1,1,5.5
522504,Rare genetic disorder of the visual organs,Group of disorders,0,0,0,
522506,Rare genetic brainstem or cerebellar disorder with ophthalmic involvement as a major feature,Group of disorders,0,0,0,
522508,Rare genetic ophthalmic disorder with cortical involvement,Group of disorders,0,0,0,
522510,Rare genetic ophthalmic disorder with cranial nerve involvement,Group of disorders,0,0,0,
522512,Rare genetic optic nerve disorder,Group of disorders,0,0,0,
522514,Congenital optic disc excavation of genetic origin,Group of disorders,0,0,0,
522516,Rare genetic ocular motility/alignment disorder,Group of disorders,0,0,0,
522518,Rare genetic disorder with strabismus,Group of disorders,0,0,0,
522520,Syndromic genetic disorder with strabismus,Group of disorders,0,0,0,
522522,Rare genetic neuromuscular disorder with ocular motility/alignment anomaly,Group of disorders,0,0,0,
522524,Rare genetic disorder of the ocular adnexa,Group of disorders,0,0,0,
522526,Rare genetic palpebral disorder,Group of disorders,0,0,0,
522528,Rare genetic eyelid malposition disorder,Group of disorders,0,0,0,
522530,Rare genetic disorder with entropion,Group of disorders,0,0,0,
522532,Rare genetic disorder of the lacrimal apparatus,Group of disorders,0,0,0,
522534,Lacrimal drainage system anomaly of genetic origin,Group of disorders,0,0,0,
522536,Structural developmental eye defect of genetic origin,Group of disorders,0,0,0,
522538,Rare genetic disorder of the anterior segment of the eye,Group of disorders,0,0,0,
522540,Anterior segment developmental anomaly of genetic origin,Group of disorders,0,0,0,
522542,Rare genetic disorder with conjunctival involvement as a major feature,Group of disorders,0,0,0,
522544,OBSOLETE: Rare genetic conjunctivitis,Group of disorders,0,0,0,
522546,Rare genetic disorder with lens opacification,Group of disorders,0,0,0,
522548,Syndromic genetic cataract,Group of disorders,0,0,0,
522550,Lens size anomaly of genetic origin,Group of disorders,0,0,0,
522552,Lens position anomaly of genetic origin,Group of disorders,0,0,0,
522554,Syndromic genetic ectopia lentis,Group of disorders,0,0,0,
522556,Rare genetic corneal disorder,Group of disorders,0,0,0,
522558,Rare genetic disorder with corneal involvement as a major feature,Group of disorders,0,0,0,
522560,Genetic corneal dystrophy,Group of disorders,0,0,0,
522562,Genetic superficial corneal dystrophy,Group of disorders,0,0,0,
522564,Syndromic genetic keratoconus,Group of disorders,0,0,0,
522566,Rare genetic inflammatory/autoimmune corneal disorder,Group of disorders,0,0,0,
522568,Rare genetic disorder of the pupil,Group of disorders,0,0,0,
522570,Rare genetic disorder of the posterior segment of the eye,Group of disorders,0,0,0,
522572,Rare genetic retinal disorder,Group of disorders,0,0,0,
522574,Rare genetic macular disorder,Group of disorders,0,0,0,
522576,Rare genetic retinal vasculopathy,Group of disorders,0,0,0,
522578,Rare genetic disorder involving multiple structures of the eye,Group of disorders,0,0,0,
522580,Secondary early-onset glaucoma of genetic origin,Group of disorders,0,0,0,
522584,OBSOLETE: Rare genetic choroidal disorder,Group of disorders,0,0,0,
523000,Pediatric-onset glaucoma,Group of disorders,0,1,1,
525677,Genetic congenital malformation of the eye with glaucoma as a major feature,Group of disorders,0,1,1,
525731,Pediatric-onset Graves disease,Disorder,0,1,1,
525738,Prepubertal anorexia nervosa,Disorder,0,0,0,
527276,Encephalopathy due to mitochondrial and peroxisomal fission defect,Disorder,0,1,1,7.5
527450,Severe myopia-generalized joint laxity-short stature syndrome,Disorder,1,1,1,2.5
527468,Diaphragmatic hernia-short bowel-asplenia syndrome,Disorder,1,1,1,1.0
527497,NKX6-2-related autosomal recessive hypomyelinating leukodystrophy,Disorder,1,1,1,12.5
528084,Non-specific syndromic intellectual disability,Disorder,114,1,1,0.0
528091,Hydrops-lactic acidosis-sideroblastic anemia-multisystemic failure syndrome,Disorder,1,1,1,0.5
528105,Hypohidrosis-electrolyte imbalance-lacrimal gland dysfunction-ichthyosis-xerostomia syndrome,Disorder,1,1,1,11.0
528623,Hereditary angioedema with C1Inh deficiency,Disorder,0,1,1,25.5
528647,Hereditary angioedema with normal C1Inh,Disorder,0,1,1,
528663,Acquired angioedema with C1Inh deficiency,Disorder,0,1,1,
529468,Monoclonal mast cell activation syndrome,Disorder,0,1,1,0.0
529574,Duane retraction syndrome with congenital deafness,Disorder,1,1,1,2.0
529665,Neurodevelopmental delay-seizures-ophthalmic anomalies-osteopenia-cerebellar atrophy syndrome,Disorder,1,1,1,5.0
529799,Acute bilirubin encephalopathy,Disorder,0,1,1,0.435
529808,Chronic bilirubin encephalopathy,Disorder,0,1,1,0.6483333333333333
529819,NON RARE IN EUROPE: Exfoliation syndrome,Disorder,0,0,0,
529831,Letrozole toxicity,Disorder,0,1,1,0.0
529852,Combined hepatocellular carcinoma and cholangiocarcinoma,Disorder,0,1,1,0.0
529864,Secondary erythromelalgia,Disorder,0,1,1,0.1
529962,"17q24.2 microdeletion syndrome",Disorder,2,1,1,9.5
529965,Intellectual disability-autism-speech apraxia-craniofacial dysmorphism syndrome,Disorder,1,1,1,2.5
529970,Male infertility due to acephalic spermatozoa,Subtype of disorder,2,1,1,0.0
529974,OBSOLETE:Immune dysregulation with inflammatory bowel disease,Group of disorders,0,0,0,
529977,Immune dysregulation-inflammatory bowel disease-arthritis-recurrent infections-lymphopenia syndrome,Disorder,1,1,1,3.5
529980,Immune dysregulation-inflammatory bowel disease- recurrent sinopulmonary infections syndrome,Disorder,1,1,1,0.5
530033,Dermoid or epidermoid cyst of the central nervous system,Disorder,0,1,1,
530298,Progressive myoclonic epilepsy with neuroserpin inclusion bodies,Subtype of disorder,0,1,1,
530303,Progressive dementia with neuroserpin inclusion bodies,Subtype of disorder,1,1,1,
530313,PIK3CA-related overgrowth syndrome,Group of disorders,0,0,0,
530792,RELA fusion-positive ependymoma,Disorder,2,1,1,0.0
530838,KRT1-related diffuse nonepidermolytic keratoderma,Disorder,1,1,1,0.0
530849,Familial apolipoprotein A5 deficiency,Subtype of disorder,1,1,1,1.5
530983,Lamb-Shaffer syndrome,Disorder,0,1,1,35.0
530995,Mixed phenotype acute leukemia,Disorder,0,1,1,0.0
531151,"9q21.13 microdeletion syndrome",Disorder,0,1,1,5.0
535453,Familial lipase maturation factor 1 deficiency,Subtype of disorder,1,1,1,1.0
535458,Familial GPIHBP1 deficiency,Subtype of disorder,1,1,1,5.0
536391,RASopathy,Group of disorders,0,0,0,
536467,B3GALT6-related spondylodysplastic Ehlers-Danlos syndrome,Subtype of disorder,1,1,1,20.5
536471,Spondylodysplastic Ehlers-Danlos syndrome,Disorder,0,1,1,12.0
536516,Myopathic Ehlers-Danlos syndrome,Disorder,1,1,1,4.0
536532,Classical-like Ehlers-Danlos syndrome type 2,Disorder,1,1,1,3.5
536545,Kyphoscoliotic Ehlers-Danlos syndrome,Disorder,0,1,1,0.0
537072,PLG-related hereditary angioedema with normal C1Inh,Subtype of disorder,1,1,1,52.5
537891,OBSOLETE: ANGPT1-related hereditary angioedema with normal C1Inh,Subtype of disorder,0,0,0,
538096,Autosomal recessive lethal neonatal axonal sensorimotor polyneuropathy,Disorder,0,1,1,6.5
538101,Congenital axonal neuropathy with encephalopathy,Disorder,0,1,1,3.5
538238,Neurological channelopathy of the central nervous system due to a genetic chloride channel defect,Group of disorders,0,0,0,
538574,Palmoplantar keratoderma-hereditary motor and sensory neuropathy syndrome,Disorder,2,1,1,11.5
538756,Familial multiple discoid fibromas,Disorder,0,1,1,22.0
538863,Classic pyoderma gangrenosum,Subtype of disorder,1,1,1,0.0
538866,Pustular pyoderma gangrenosum,Subtype of disorder,1,1,1,0.0
538869,Bullous pyoderma gangrenosum,Subtype of disorder,1,1,1,0.0
538872,Vegetative pyoderma gangrenosum,Subtype of disorder,1,1,1,0.0
538931,X-linked lymphoproliferative disease due to SAP deficiency,Disorder,1,1,1,50.0
538934,X-linked lymphoproliferative disease due to XIAP deficiency,Disorder,1,1,1,50.0
538958,EBV-induced lymphoproliferative disease due to CD70 deficiency,Disorder,1,1,1,3.0
538963,Combined immunodeficiency due to ITK deficiency,Disorder,1,1,1,6.5
541423,Growth delay-intellectual disability-hepatopathy syndrome,Disorder,1,1,1,3.0
541443,Anomalous aortic origin of the left coronary artery,Disorder,0,0,0,
541454,Anomalous aortic origin of the right coronary artery,Disorder,0,0,0,
541478,Anomalous aortic origin of coronary artery,Group of disorders,0,0,0,
541507,Anomalous origin of coronary artery from the pulmonary artery,Disorder,0,0,0,
542301,EBV-induced lymphoproliferative disease due to CARMIL2 deficiency,Disorder,1,1,1,10.5
542306,GNB5-related intellectual disability-cardiac arrhythmia syndrome,Disorder,1,1,1,11.0
542310,Leukoencephalopathy with calcifications and cysts,Disorder,1,1,1,25.0
542323,CAR T cell therapy-associated cytokine release syndrome,Disorder,0,1,1,0.0
542568,Quadricuspid aortic valve,Disorder,0,0,0,
542585,Auditory neuropathy-optic atrophy syndrome,Disorder,1,1,1,4.0
542592,Necrobiosis lipoidica,Disorder,0,1,1,0.0
542643,Livedoid vasculopathy,Disorder,0,1,1,0.5
542657,Isolated hyperchlorhidrosis,Disorder,1,1,1,6.5
542822,Anomaly of the coronary ostia,Group of disorders,0,0,0,
543470,Optic atrophy-ataxia-peripheral neuropathy-global developmental delay syndrome,Disorder,1,1,1,8.5
544254,SYNGAP1-related developmental and epileptic encephalopathy,Disorder,1,1,1,28.5
544458,Hemolytic uremic syndrome,Group of disorders,0,0,0,
544469,PRUNE1-related neurological syndrome,Disorder,1,1,1,24.0
544472,Atypical hemolytic uremic syndrome with complement gene abnormality,Subtype of disorder,6,1,1,0.0
544482,Infection-related hemolytic uremic syndrome,Disorder,0,1,1,0.0
544488,Global developmental delay-alopecia-macrocephaly-facial dysmorphism-structural brain anomalies syndrome,Disorder,1,1,1,2.5
544493,Streptococcus pneumoniae-associated hemolytic uremic syndrome,Subtype of disorder,0,1,1,0.0
544503,RNF13-related severe early-onset epileptic encephalopathy,Disorder,1,1,1,1.5
544578,"Congenital primary megaureter, refluxing and obstructed form",Subtype of disorder,0,1,1,0.0
544590,Collagen-related glomerular basement membrane disease,Group of disorders,0,0,0,
544602,Congenital myopathy with reduced type 2 muscle fibers,Disorder,1,1,1,1.0
544628,Atypical Fanconi syndrome-neonatal hyperinsulinism syndrome,Disorder,1,1,1,3.5
555402,NAD(P)HX dehydratase deficiency,Disorder,1,1,1,3.0
555407,NAD(P)HX epimerase deficiency,Disorder,1,1,1,5.5
555434,Fibrohistiocytic inflammatory pseudotumor of the liver,Subtype of disorder,0,1,1,0.0
555437,Lymphoplasmacytic inflammatory pseudotumor of the liver,Subtype of disorder,0,1,1,0.0
555874,Congenital tricuspid valve dysplasia,Disorder,0,1,1,0.0
555877,FLNA-related X-linked myxomatous valvular dysplasia,Disorder,1,1,1,0.0
555905,IgA pemphigus,Disorder,0,1,1,0.0
556030,Early-onset familial hypoaldosteronism,Subtype of disorder,1,1,1,0.0
556037,Late-onset familial hypoaldosteronism,Subtype of disorder,0,1,1,0.0
556508,Rare disorder due to poisoning,Group of disorders,0,0,0,
556955,Pancreatic agenesis-holoprosencephaly syndrome,Disorder,1,1,1,2.0
556985,Early-onset calcifying leukoencephalopathy-skeletal dysplasia,Disorder,1,1,1,6.5
557003,Oculoskeletodental syndrome,Disorder,1,1,1,2.5
557056,Spastic ataxia-dysarthria due to glutaminase deficiency,Disorder,1,1,1,2.5
557064,Neonatal epileptic encephalopathy due to glutaminase deficiency,Disorder,1,1,1,2.0
557866,Rare disorder with Hirschsprung disease as a major feature,Group of disorders,0,0,0,
558411,Idiopathic gastroparesis,Disorder,0,1,1,11.4
561854,FOXG1 syndrome,Disorder,0,1,1,
562509,Heme oxygenase-1 deficiency,Disorder,1,1,1,1.5
562528,Congenital limbs-face contractures-hypotonia-developmental delay syndrome,Disorder,1,1,1,7.0
562538,Autosomal recessive extra-oral halitosis,Disorder,1,1,1,
562559,Anterior maxillary protrusion-strabismus-intellectual disability syndrome,Disorder,1,1,1,3.5
562569,TMEM94-associated congenital heart defect-facial dysmorphism-developmental delay syndrome,Disorder,1,1,1,5.0
562639,Primary biliary cholangitis/primary sclerosing cholangitis and autoimmune hepatitis overlap syndrome,Disorder,0,1,1,0.0
563576,Autoimmune hepatitis type 1,Subtype of disorder,0,1,1,
563581,Autoimmune hepatitis type 2,Subtype of disorder,0,1,1,
563589,Seronegative autoimmune hepatitis,Subtype of disorder,0,1,1,
563609,Isolated anencephaly,Subtype of disorder,2,1,1,
563612,Isolated exencephaly,Subtype of disorder,2,1,1,
563666,Serous cystadenoma of childhood,Subtype of disorder,0,1,1,
563671,Mucinous cystadenoma of childhood,Subtype of disorder,0,1,1,
563676,Seromucinous cystadenoma of childhood,Subtype of disorder,0,1,1,
563684,Furuncular myiasis due to Dermatobia hominis,Subtype of disorder,0,1,1,0.0
563687,Furuncular myiasis due to Cordylobia anthropophaga,Subtype of disorder,0,1,1,0.0
563690,Furuncular myiasis due to Cordylobia rodhaini,Subtype of disorder,0,1,1,0.0
563708,Syndromic congenital sodium diarrhea,Disorder,1,1,1,
563951,Isolated congenital aglossia,Subtype of disorder,0,0,0,
563954,Isolated congenital hypoglossia,Subtype of disorder,0,0,0,
563991,Osteochondrosis of the tarsal bone,Disorder,0,1,1,0.0
564003,Osteochondrosis of the metatarsal bone,Disorder,0,1,1,0.0
564127,Genetic nephrotic syndrome,Group of disorders,0,0,0,
564178,Primary hypomagnesemia-refractory seizures-intellectual disability syndrome,Disorder,1,1,1,1.5
565612,Primary triglyceride deposit cardiomyovasculopathy,Subtype of disorder,1,1,1,100.0
565624,Combined oxidative phosphorylation defect type 39,Disorder,1,1,1,3.0
565641,Primary desmosis coli,Disorder,0,0,0,
565779,Rare disorder potentially indicated for transplant or complication after transplantation,Group of disorders,0,0,0,
565782,Methotrexate toxicity,Disorder,0,1,1,3.0
565788,Infantile inflammatory bowel disease with neurological involvement,Disorder,1,1,1,1.5
565837,Laminin subunit alpha 2-related limb-girdle muscular dystrophy R23,Disorder,1,1,1,
565858,Craniosynostosis-microretrognathia-severe intellectual disability syndrome,Disorder,1,1,1,1.5
565899,POMGNT2-related limb-girdle muscular dystrophy R24,Disorder,0,1,1,1.5
565909,Calpain-3-related limb-girdle muscular dystrophy D4,Disorder,1,1,1,23.5
566067,CEBPE-associated autoinflammation-immunodeficiency-neutrophil dysfunction syndrome,Disorder,1,1,1,2.0
566175,Complement hyperactivation-angiopathic thrombosis-protein-losing enteropathy syndrome,Disorder,1,1,1,0.0
566192,Congenital autosomal recessive small-platelet thrombocytopenia,Disorder,1,1,1,2.5
566231,Resistance to thyroid hormone due to a mutation in thyroid hormone receptor alpha,Disorder,1,1,1,17.5
566243,Resistance to thyroid hormone due to a mutation in thyroid hormone receptor beta,Disorder,1,1,1,1.2175
566393,Acute mast cell leukemia,Subtype of disorder,1,1,1,
566396,Chronic mast cell leukemia,Subtype of disorder,1,1,1,
566841,Liver adenomatosis,Disorder,0,1,1,0.0
566847,Aprosencephaly/atelencephaly spectrum,Disorder,0,0,0,
566852,Atelencephaly,Subtype of disorder,0,0,0,
566857,Aprosencephaly,Subtype of disorder,0,0,0,
566862,Left isomerism,Disorder,0,0,0,
566943,Mueller-Weiss syndrome,Disorder,0,1,1,138.5
567502,B-cell immunodeficiency-limb anomaly-urogenital malformation syndrome,Disorder,1,1,1,5.0
567544,Idiopathic non-lupus full-house nephropathy,Disorder,0,1,1,0.0
567546,Idiopathic steroid-sensitive nephrotic syndrome with secondary steroid resistance,Disorder,0,1,1,0.0
567548,Idiopathic steroid-resistant nephrotic syndrome,Disorder,0,1,1,0.1291
567550,Idiopathic multidrug-resistant nephrotic syndrome,Subtype of disorder,0,1,1,0.0
567552,Idiopathic steroid-resistant nephrotic syndrome with sensitivity to second-line immunosuppressive therapy,Subtype of disorder,0,1,1,
567554,Systemic disease with glomerulopathy as a major feature,Group of disorders,0,0,0,
567556,Genetic systemic disease with glomerulopathy as a major feature,Group of disorders,0,0,0,
567558,Non-genetic systemic disease with glomerulopathy as a major feature,Group of disorders,0,0,0,
567560,Systemic vasculitis associated with glomerulopathy,Group of disorders,0,0,0,
567562,Disorder with multisystemic involvement and glomerulopathy,Group of disorders,0,0,0,
567564,Nephrotic syndrome without extrarenal manifestations,Group of disorders,0,1,1,
567983,Parenteral nutrition-associated cholestasis,Disorder,0,1,1,0.0
568041,Primary lymphedema without systemic or visceral involvement,Group of disorders,0,0,0,
568044,Primary lymphedema with systemic or visceral involvement,Group of disorders,0,0,0,
568047,Disorder with multisystemic involvement and primary lymphedema,Group of disorders,0,0,0,
568051,GJC2-related late-onset primary lymphedema,Disorder,1,1,1,0.0
568056,Warts-immunodeficiency-lymphedema-anogenital dysplasia syndrome,Disorder,0,1,1,1.0
568062,PIEZO1-related generalized lymphatic dysplasia with non-immune hydrops fetalis,Disorder,1,1,1,5.0
568065,EPHB4-related lymphatic-related hydrops fetalis,Disorder,1,1,1,1.0
569164,Angiomatoid fibrous histiocytoma,Disorder,2,1,1,0.0
569248,Microcystic stromal tumor,Disorder,1,1,1,0.0
569274,Multiple mitochondrial dysfunctions syndrome type 5,Disorder,1,1,1,3.0
569290,Multiple mitochondrial dysfunctions syndrome type 6,Disorder,1,1,1,2.5
569816,CELSR1-related late-onset primary lymphedema,Disorder,1,1,1,5.5
569821,Congenital primary lymphedema of Gordon,Disorder,1,1,1,11.5
570371,Bartter syndrome type 5,Subtype of disorder,1,1,1,7.5
570422,Galactose mutarotase deficiency,Disorder,1,1,1,0.4
570431,Idiopathic multicentric Castleman disease,Subtype of disorder,0,1,1,0.0
570438,HHV-8-associated multicentric Castleman disease,Subtype of disorder,0,1,1,0.0
570470,Ricin poisoning,Disorder,0,1,1,0.0
570491,QRSL1-related combined oxidative phosphorylation defect,Disorder,1,1,1,0.0
570762,Infective endocarditis,Disorder,0,1,1,1.295
572013,Posterior-predominant lissencephaly-broad flat pons and medulla-midline crossing defects syndrome,Disorder,2,1,1,4.0
572333,Blepharophimosis-ptosis-epicanthus inversus syndrome plus,Disorder,1,1,1,0.0
572354,Blepharophimosis-ptosis-epicanthus inversus syndrome type 1,Subtype of disorder,1,1,1,0.0
572361,Blepharophimosis-ptosis-epicanthus inversus syndrome type 2,Subtype of disorder,1,1,1,0.0
572385,Brachydactyly type B1,Subtype of disorder,1,1,1,0.0
572428,Infantile-onset pulmonary alveolar proteinosis-hypogammaglobulinemia,Disorder,1,1,1,2.5
572543,RFVT2-related riboflavin transporter deficiency,Subtype of disorder,1,1,1,0.0
572550,RFVT3-related riboflavin transporter deficiency,Subtype of disorder,1,1,1,0.0
572761,DONSON-related microcephaly-short stature-limb abnormalities spectrum,Disorder,0,1,1,25.5
572768,Microcephaly-micromelia syndrome,Subtype of disorder,1,1,1,16.0
572773,Microcephaly-short stature-limb abnormalities syndrome,Subtype of disorder,1,1,1,14.5
572798,WARS2-related combined oxidative phosphorylation defect,Disorder,1,1,1,5.5
573163,Pheochromocytoma-paraganglioma,Group of disorders,0,0,0,
573253,Split cord malformation type II,Disorder,0,1,1,0.0
573278,Split cord malformation,Group of disorders,0,1,1,0.0
574918,Predisposition to severe viral infection due to IRF7 deficiency,Disorder,1,1,1,0.5
574957,Mendelian susceptibility to mycobacterial diseases due to partial JAK1 deficiency,Disorder,1,1,1,0.0
575553,Cathepsin A-related arteriopathy-strokes-leukoencephalopathy,Disorder,1,1,1,
576074,Middle East respiratory syndrome,Disorder,0,1,1,1306.5
576227,Complete atrioventricular septal defect without ventricular hypoplasia,Subtype of disorder,1,0,0,
576232,Partial atrioventricular septal defect with ventricular hypoplasia,Subtype of disorder,1,1,1,
576235,Partial atrioventricular septal defect without ventricular hypoplasia,Subtype of disorder,1,1,1,
576242,Intermediate atrioventricular septal defect,Disorder,0,0,0,
576278,SATB2-associated syndrome,Disorder,0,1,1,335.6
576283,SATB2-associated syndrome due to a pathogenic variant,Subtype of disorder,1,1,1,
576349,NLRC4-related familial cold autoinflammatory syndrome,Disorder,1,1,1,13.0
576356,Sporadic human prion disease,Group of disorders,0,0,0,
576360,Acquired human prion disease,Group of disorders,0,0,0,
576370,Variant Creutzfeldt-Jakob disease,Disorder,0,1,1,116.5
576379,Iatrogenic Creutzfeldt-Jakob disease,Disorder,0,1,1,258.0
576742,Genetic hemolytic uremic syndrome,Group of disorders,0,0,0,
580572,Intraductal tubulopapillary neoplasm of pancreas,Disorder,0,1,1,0.0
580933,Lethal brain and heart developmental defects,Disorder,1,1,1,2.0
580940,QRICH1-related intellectual disability-chondrodysplasia syndrome,Disorder,1,1,1,4.5
580951,Punctate inner choroidopathy,Disorder,0,1,1,0.0
581271,Cramp-fasciculation syndrome,Disorder,1,1,1,
583097,Congenital infiltrating lipomatosis of the face,Disorder,0,1,1,29.5
583595,"Serine biosynthesis pathway deficiency, infantile/juvenile form",Disorder,0,1,1,11.5
583602,Neu-Laxova syndrome due to phosphoserine aminotransferase deficiency,Subtype of disorder,1,1,1,
583607,Neu-Laxova syndrome due to 3-phosphoglycerate dehydrogenase deficiency,Subtype of disorder,1,1,1,
583612,Neu-Laxova syndrome due to 3-phosphoserine phosphatase deficiency,Subtype of disorder,1,1,1,
583856,Isolated splenic vein thrombosis,Disorder,0,1,1,0.0
583861,Isolated mesenteric vein thrombosis,Disorder,0,1,1,1.2000000000000002
585867,Acute myeloid leukemia with t(9;22)(q34.1;q11.2),Disorder,0,1,1,4.0
585877,B-lymphoblastic leukemia/lymphoma with recurrent genetic abnormality,Subtype of disorder,2,1,1,0.0
585909,B-lymphoblastic leukemia/lymphoma with t(9;22)(q34.1;q11.2),Subtype of disorder,7,1,1,0.0
585918,B-lymphoblastic leukemia/lymphoma with t(v;11q23.3),Subtype of disorder,1,1,1,0.0
585929,B-lymphoblastic leukemia/lymphoma with t(12;21)(p13.2;q22.1),Subtype of disorder,1,1,1,0.0
585936,B-lymphoblastic leukemia/lymphoma with hyperdiploidy,Subtype of disorder,2,1,1,0.0
585942,B-lymphoblastic leukemia/lymphoma with hypodiploidy,Subtype of disorder,0,1,1,0.0
585948,B-lymphoblastic leukemia/lymphoma with t(5;14)(q31.1;q32.3),Subtype of disorder,1,1,1,0.0
585956,B-lymphoblastic leukemia/lymphoma with t(1;19)(q23;p13.3),Subtype of disorder,2,1,1,0.0
586130,Sporadic fatal insomnia,Disorder,0,1,1,13.5
589435,Spondylometaphyseal dysplasia-corneal dystrophy syndrome,Disorder,1,1,1,1.0
589442,Short stature-skeletal dysplasia-retinal degeneration-intellectual disability-sensorineural hearing loss syndrome,Disorder,1,1,1,3.5
589515,PUM1-associated developmental disability-ataxia-seizure syndrome,Disorder,1,1,1,7.0
589522,Spinocerebellar ataxia type 46,Disorder,1,1,1,0.5
589527,Spinocerebellar ataxia type 45,Disorder,1,1,1,3.5
589534,Mixed phenotype acute leukemia with t(9;22)(q34.1;q11.2),Subtype of disorder,2,1,1,0.0
589542,Myeloid/lymphoid neoplasm associated with JAK2 rearrangement,Disorder,0,1,1,0.0
589547,"GRIN2B-related developmental delay, intellectual disability and autism spectrum disorder",Disorder,1,1,1,49.0
589595,Mixed phenotype acute leukemia with t(v;11q23.3),Subtype of disorder,3,1,1,0.0
589608,"Linear hypopigmentation and craniofacial asymmetry with acral, ocular and brain anomalies",Disorder,1,1,1,3.5
589618,Dystonia 28,Disorder,1,1,1,80.0
589746,Inherited gynecological cancer-predisposing syndrome,Group of disorders,0,0,0,
589821,Congenital-onset Steinert myotonic dystrophy,Subtype of disorder,1,1,1,10.128
589824,Childhood-onset Steinert myotonic dystrophy,Subtype of disorder,1,1,1,0.645
589827,Juvenile-onset Steinert myotonic dystrophy,Subtype of disorder,1,1,1,0.82
589830,Adult-onset Steinert myotonic dystrophy,Subtype of disorder,1,1,1,6.27
589833,Late-onset Steinert myotonic dystrophy,Subtype of disorder,1,1,1,4.07
589856,Choanal atresia-athelia-hypothyroidism-delayed puberty-short stature syndrome,Disorder,1,1,1,9.0
589905,PHIP-related behavioral problems-intellectual disability-obesity-dysmorphic features syndrome,Disorder,1,1,1,17.5
590539,Isolated melanotic schwannoma,Disorder,0,1,1,0.0
592564,GNAO1-related developmental delay-seizures-movement disorder spectrum,Disorder,1,1,1,37.5
592570,TRAF7-associated heart defect-digital anomalies-facial dysmorphism-motor and speech delay syndrome,Disorder,1,1,1,27.5
592574,Menke-Hennekam syndrome,Disorder,1,1,1,13.5
592850,Neuromyelitis optica spectrum disorder with anti-AQP4 antibodies,Subtype of disorder,0,0,0,
592856,Neuromyelitis optica spectrum disorder with anti-MOG antibodies,Subtype of disorder,0,0,0,
592869,Neuromyelitis optica spectrum disorder without anti-MOG and without anti-AQP4 antibodies,Subtype of disorder,0,0,0,
592873,Acute transverse myelitis with anti-MOG antibodies,Subtype of disorder,0,1,1,0.0
592885,OBSOLETE: Isolated optic neuritis without anti-MOG antibodies,Subtype of disorder,0,0,0,
592888,OBSOLETE: Isolated optic neuritis with anti-MOG antibodies,Subtype of disorder,0,0,0,
592894,Acute disseminated encephalomyelitis with anti-MOG antibodies,Subtype of disorder,0,0,0,
592900,Acute disseminated encephalomyelitis without anti-MOG antibodies,Subtype of disorder,0,0,0,
595098,Timothy syndrome type 1,Subtype of disorder,1,1,1,
595105,Timothy syndrome type 2,Subtype of disorder,1,1,1,
595109,Atypical Timothy syndrome,Subtype of disorder,1,1,1,
595133,Perivascular epithelioid cell neoplasm,Disorder,0,1,1,0.0
595216,Fibrous dysplasia/McCune-Albright syndrome,Group of disorders,0,0,0,
595337,Adrenal hypoplasia congenita,Group of disorders,0,0,0,
595346,Epidermolysis bullosa simplex without extracutaneous involvement,Group of disorders,0,0,0,
595351,Epidermolysis bullosa simplex with extracutaneous involvement,Group of disorders,0,0,0,
595356,Localized dystrophic epidermolysis bullosa,Disorder,0,1,1,0.0
596008,Antley-Bixler syndrome without genital anomaly or disorder of steroidogenesis,Subtype of disorder,1,1,1,
596426,Syndrome of reduced sensitivity to thyroid hormone,Group of disorders,0,0,0,
596448,IgG4-related systemic disease,Disorder,0,1,1,0.38175
596753,VEXAS syndrome,Disorder,1,1,1,18.5
596759,Combined immunodeficiency due to RELA haploinsufficiency,Disorder,1,1,1,2.5
596937,Portosinusoidal vascular disease,Disorder,0,1,1,0.0
596941,Incomplete septal cirrhosis,Subtype of disorder,0,0,0,
597201,TRIM22-related inflammatory bowel disease,Disorder,1,1,1,4.0
597623,IRF2BPL-related regressive neurodevelopmental disorder-dystonia-seizures syndrome,Disorder,1,1,1,9.5
597733,Oculocutaneous albinism type 8,Disorder,1,1,1,1.0
597738,Luscan-Lumish syndrome,Disorder,1,1,1,5.5
597743,SETD2-related microcephaly-severe intellectual disability-multiple congenital anomalies syndrome,Disorder,1,1,1,6.0
597746,Blepharophimosis-intellectual disability syndrome/genitopatellar overlap syndrome,Disorder,0,1,1,61.0
597749,KAT6B-related multiple congenital anomalies syndrome,Group of disorders,0,0,0,
597874,MTHFS-related developmental delay-microcephaly-short stature-epilepsy syndrome,Disorder,1,1,1,1.5
597887,ALPI-related inflammatory bowel disease,Disorder,1,1,1,1.0
597939,Euthyroid dysprealbuminemic hyperthyroxinemia,Disorder,1,1,1,11.5
598164,FOXG1 syndrome due to intragenic alteration,Subtype of disorder,1,1,1,
598216,Upper tract urothelial carcinoma,Disorder,0,1,1,0.75
598363,Multisystem inflammatory syndrome in children and adults,Disorder,0,1,1,0.0
598603,Facial dysmorphism-hypertrichosis-epilepsy-intellectual disability/developmental delay-gingival overgrowth syndrome,Disorder,1,1,1,2.0
599082,CHD3-related developmental delay-speech delay-intellectual disability-abnormalities of vision-facial dysmorphism syndrome,Disorder,1,1,1,30.0
599373,STXBP1-related encephalopathy,Disorder,1,1,1,94.56283333333333
599376,Hypomyelination of early myelinating structures,Disorder,1,1,1,10.0
599418,Hereditary angioedema with normal C1Inh not related to F12 or PLG variant,Subtype of disorder,4,1,1,
599480,Acquired hemophilia A,Disorder,0,1,1,0.13912142857142856
599485,Acquired hemophilia B,Disorder,0,1,1,0.0
599490,Acquired factor V deficiency,Disorder,0,1,1,50.0095
599495,Acquired factor VII deficiency,Disorder,0,1,1,41.5
599501,Acquired factor X deficiency,Disorder,0,1,1,38.5
599507,Acquired factor XI deficiency,Disorder,0,1,1,7.5
599513,Acquired factor XIII deficiency,Disorder,0,1,1,47.5
599519,Factor V short isoforms-related bleeding disorder,Disorder,0,1,1,1.5
599579,Factor V Amsterdam bleeding disorder,Subtype of disorder,1,1,1,1.0
600194,Factor V Atlanta bleeding disorder,Subtype of disorder,1,1,1,0.5
600663,NRXN1-related severe neurodevelopmental disorder-motor stereotypies-chronic constipation-sleep-wake cycle disturbance,Disorder,1,1,1,5.5
600668,CCNK-related neurodevelopmental disorder-severe intellectual disability-facial dysmorphism syndrome,Disorder,1,1,1,2.0
600691,Combined deficiency of factor VII and factor X,Disorder,0,1,1,3.5
600731,Clark-Baraitser syndrome,Disorder,0,1,1,4.0
600832,Legionella infection,Group of disorders,0,0,0,
600952,Non-syndromic perineal fistula,Disorder,0,1,1,0.0
600961,Non-syndromic rectourethral fistula,Disorder,0,1,1,0.0
600966,"Non-syndromic rectourethral fistula, bulbar type",Subtype of disorder,0,0,0,
600975,"Non-syndromic rectourethral fistula, prostatic type",Subtype of disorder,0,0,0,
600984,Non-syndromic rectovesical fistula,Disorder,0,1,1,0.0
600993,Non-syndromic vestibular fistula,Disorder,0,1,1,0.0
600998,Non-syndromic cloacal malformation,Disorder,0,1,1,0.0
601002,Non-syndromic anorectal malformation without fistula,Disorder,0,1,1,0.0
601008,Non-syndromic anal stenosis,Disorder,0,1,1,0.0
601013,Non-syndromic pouch colon,Disorder,0,1,1,0.0
601018,Non-syndromic rectal atresia,Disorder,0,1,1,0.0
601023,Non-syndromic rectal stenosis,Disorder,0,1,1,0.0
601028,Non-syndromic rectovaginal fistula,Disorder,0,1,1,0.0
601033,Non-syndromic H-type fistula,Disorder,0,1,1,0.0
603448,Cerebellar hypoplasia-intellectual disability-congenital microcephaly-dystonia-anemia-growth retardation syndrome,Disorder,1,1,1,5.0
603494,Coloboma-osteopetrosis-microphthalmia-macrocephaly-albinism-deafness syndrome,Disorder,0,1,1,1.0
603515,Isolated female hypospadias,Disorder,0,1,1,0.0
603684,KLHL7-related Bohring-Opitz-like and Crisponi/Cold-induced sweating-like overlap syndrome,Disorder,1,1,1,1.5
603689,KLHL7-related Bohring-Opitz-like syndrome,Disorder,1,1,1,6.0
603694,KLHL7-related Crisponi/cold-induced sweating-like syndrome,Disorder,1,1,1,
603699,Recessive KLHL7-related disorder,Group of disorders,0,1,1,
604680,Symptomatic form of X-linked centronuclear myopathy in female carriers,Disorder,0,1,1,50.0
610569,KIAA1109-related early lethal congenital brain malformations-arthrogryposis syndrome,Disorder,1,1,1,6.5
610573,CLCN6-related childhood-onset progressive neurodegeneration-peripheral neuropathy syndrome,Disorder,1,1,1,1.5
611201,Oculogastrointestinal-neurodevelopmental syndrome,Disorder,1,1,1,3.5
611207,Spondyloepiphyseal dysplasia-sensorineural hearing loss-intellectual disability-Leber congenital amaurosis syndrome,Disorder,0,0,0,
611216,Aplastic anemia-intellectual disability-dwarfism syndrome,Disorder,0,1,1,5.0
611223,EN1-related dorsoventral syndrome,Disorder,0,1,1,2.0
611237,Parkinsonism with polyneuropathy,Disorder,0,1,1,2.0
611247,Pontocerebellar hypoplasia type 11,Disorder,0,1,1,6.5
611256,Pontocerebellar hypoplasia type 12,Disorder,0,1,1,2.0
611314,Rare syndromic intellectual disability without multiple congenital anomalies/dysmorphic syndrome,Group of disorders,0,0,0,
611327,Genetic multiple congenital anomalies/dysmorphic syndrome-intellectual disability,Group of disorders,0,0,0,
613267,Pontocerebellar hypoplasia type 13,Disorder,0,1,1,1.5
613274,Pontocerebellar hypoplasia type 14,Disorder,0,1,1,9.0
615938,Spastic paraparesis-cataracts-speech delay syndrome,Disorder,1,1,1,
615943,Granuloma faciale,Disorder,0,0,0,
615954,Lethal pontocerebellar hypoplasia-hypotonia-respiratory insufficiency syndrome,Disorder,0,1,1,8.0
615964,Acute reversible leukoencephalopathy with increased urinary alpha-ketoglutarate,Disorder,0,1,1,3.5
615970,Chronic intervillositis of unknown etiology,Disorder,0,1,1,0.0
615983,Lethal pontocerebellar hypoplasia-hypotonia-respiratory insufficiency syndrome due to a point mutation,Subtype of disorder,1,1,1,
615986,Lethal pontocerebellar hypoplasia-hypotonia-respiratory insufficiency syndrome due to biallelic deletions in the ATAD3 gene cluster,Subtype of disorder,1,0,0,
616874,Rare disorder without a determined diagnosis after full investigation,Disorder,0,0,0,
617294,Twin anemia-polycythemia sequence,Disorder,0,1,1,0.0
617297,Twin-reversed arterial perfusion sequence,Disorder,0,1,1,0.0
617301,Selective intrauterine growth restriction,Disorder,0,1,1,0.0
617304,Amniotic fluid embolism,Disorder,0,1,1,0.0
617307,Rare disorder related to monochorionic twin pregnancy,Group of disorders,0,0,0,
617310,Rare disorder due to unbalanced inter-twin blood transfusion,Group of disorders,0,0,0,
617313,Rare disorder due to inadequate sharing of the placenta,Group of disorders,0,0,0,
617408,Classic eosinophilic pustular folliculitis,Disorder,0,1,1,0.0
617440,Painful legs and moving toes syndrome,Disorder,0,1,1,72.0
617449,Congenital aphakia-iris hypoplasia-microphthalmia-microcornea syndrome,Disorder,0,0,0,
617910,Conjunctival malignant melanoma,Disorder,0,0,0,16.0
617916,Diffuse idiopathic pulmonary neuroendocrine cell hyperplasia,Disorder,0,1,1,50.0
617919,F12-associated cold autoinflammatory syndrome,Disorder,1,1,1,2.0
617930,Hemophilia B Leyden,Subtype of disorder,0,0,0,
618891,Chronic neurovisceral acid sphingomyelinase deficiency,Disorder,0,1,1,0.0
618899,Acid sphingomyelinase deficiency,Group of disorders,0,0,0,
619233,Hereditary persistence of fetal hemoglobin-intellectual disability syndrome,Disorder,1,1,1,4.5
619238,Rare hereditary autoinflammatory disease,Group of disorders,0,0,0,
619249,Rare hereditary connective tissue disease,Group of disorders,0,0,0,
619284,Narcolepsy,Group of disorders,0,0,0,
619340,Inherited hematologic cancer-predisposing syndrome,Group of disorders,0,0,0,
619360,NON RARE IN EUROPE: Isolated hereditary persistence of fetal hemoglobin,Disorder,0,0,0,
619363,NOCARH syndrome,Disorder,1,1,1,7.5
619367,SAMD9L-associated autoinflammatory syndrome,Disorder,1,1,1,3.0
619941,Congenital neutropenia-combined immunodeficiency due to MKL1 deficiency,Disorder,1,1,1,1.5
619948,Early-onset autoimmunity-autoinflammation-immunodeficiency syndrome due to SOCS1 haploinsufficiency,Disorder,1,1,1,5.0
619953,Familial hyperinflammatory lymphoproliferative immunodeficiency,Disorder,1,1,1,3.5
619972,CADINS disease,Disorder,1,1,1,
619979,Developmental delay-immunodeficiency-leukoencephalopathy-hypohomocysteinemia syndrome,Disorder,1,1,1,2.0
620096,Non-syndromic unisutural craniosynostosis,Group of disorders,0,0,0,
620102,Non-syndromic unicoronal craniosynostosis,Disorder,0,1,1,0.1049
620113,Non-syndromic unilambdoid craniosynostosis,Disorder,0,1,1,0.0442
620139,Non-syndromic unifrontosphenoidal craniosynostosis,Disorder,0,1,1,0.0136
620146,Non-syndromic unisquamosal craniosynostosis,Disorder,0,1,1,0.0
620152,Non-syndromic multisutural craniosynostosis,Group of disorders,0,0,0,
620158,Non-syndromic non-specific multisutural craniosynostosis,Disorder,1,1,1,0.0
620178,Non-syndromic bilambdoid craniosynostosis,Disorder,0,1,1,0.0
620186,Non-syndromic unicoronal and sagittal craniosynostosis,Disorder,0,1,1,0.0
620192,Non-syndromic metopic and sagittal craniosynostosis,Disorder,0,1,1,0.0
620198,Non-syndromic bicoronal and metopic craniosynostosis,Disorder,0,1,1,0.0
620205,Non-syndromic bicoronal and sagittal craniosynostosis,Disorder,0,1,1,0.0
620212,Non-syndromic pansynostosis,Disorder,0,1,1,0.0
620217,Bartter syndrome type 1,Subtype of disorder,0,0,0,
620220,Bartter syndrome type 2,Subtype of disorder,1,0,0,
620363,Primary hypomagnesemia-generalized seizures-intellectual disability-obesity syndrome,Disorder,1,1,1,5.5
620368,EGF-related primary hypomagnesemia with intellectual disability,Disorder,1,1,1,5.5
620371,Gitelman-like kidney tubulopathy due to mitochondrial DNA mutation,Disorder,2,1,1,7.0
621758,Fibrosis-neurodegeneration-cerebral angiomatosis syndrome,Disorder,1,1,1,5.0
622014,Autoimmune encephalitis,Group of disorders,0,0,0,
622099,Superior mesenteric artery syndrome,Disorder,0,0,0,
622720,Genetic autoinflammatory syndrome with skin involvement,Group of disorders,0,0,0,
622914,Rare genetic nevus,Group of disorders,0,0,0,
622925,X-linked severe syndromic thoracic aortic aneurysm and dissection,Disorder,1,1,1,16.0
622934,SBDS-related severe neonatal spondylometaphyseal dysplasia,Disorder,1,0,0,
623615,Autoimmune limbic encephalitis,Disorder,0,1,1,0.975
623626,Paraneoplastic cerebellar degeneration,Disorder,0,1,1,0.5888833333333333
623638,Immune-mediated cerebellar ataxia,Group of disorders,0,0,0,
623695,MIR140-related spondyloepiphyseal dysplasia,Disorder,1,0,0,1.0
623789,Body integrity dysphoria,Disorder,0,1,1,0.11
623801,Acute flaccid myelitis,Disorder,0,1,1,0.30500000000000005
624166,Non-specific autoimmune supratentorial encephalitis with characteristic antibodies,Disorder,0,1,1,0.0
624178,Non-specific autoimmune supratentorial encephalitis without characteristic antibodies,Disorder,0,1,1,0.0
624190,Paraneoplastic isolated brainstem encephalitis,Disorder,0,1,1,0.0
624199,Non-specific autoimmune brainstem encephalitis with characteristic antibodies,Disorder,0,1,1,0.0
624216,Non-specific autoimmune brainstem encephalitis without characteristic antibodies,Disorder,0,1,1,0.0
624244,Postinfectious cerebellitis,Disorder,0,1,1,0.0
624259,Non-specific autoimmune cerebellar ataxia with characteristic antibodies,Disorder,0,0,0,
624268,Non-specific autoimmune cerebellar ataxia without characteristic antibodies,Disorder,0,1,1,0.0
626609,Rare andrological tumor,Group of disorders,0,0,0,
631068,Autosomal dominant spastic paraplegia type 80,Disorder,1,1,1,6.5
631073,Autosomal recessive spastic paraplegia type 82,Disorder,1,1,1,2.5
631076,Autosomal recessive spastic paraplegia type 83,Disorder,1,1,1,8.0
631079,Autosomal recessive spastic paraplegia type 84,Disorder,1,1,1,1.0
631082,Autosomal recessive spastic paraplegia type 85,Disorder,1,1,1,4.5
631085,Autosomal recessive spastic paraplegia type 86,Disorder,1,1,1,8.5
631088,Autosomal recessive spastic paraplegia type 87,Disorder,1,1,1,3.5
631095,Spinocerebellar ataxia type 44,Disorder,1,1,1,3.5
631103,Spinocerebellar ataxia type 48,Disorder,1,1,1,25.0
631106,Spinocerebellar ataxia type 49,Disorder,1,1,1,4.5
631248,Mitchell Syndrome,Disorder,1,1,1,7.5
631251,Cancer of unknown primary site,Disorder,0,0,0,
632603,Mesomelic dysplasia-digital anomalies-intellectual disability syndrome,Disorder,1,1,1,9.0
633004,KDM3B-related intellectual disability-facial dysmorphism-short stature syndrome,Disorder,1,1,1,8.5
633014,SLC12A2-related developmental delay-intellectual disability-sensorineural deafness syndrome,Disorder,0,1,1,6.5
633021,SLC12A2-related autosomal recessive neonatal-developmental delay-intellectual disability-feeding difficulty-sensorineural deafness syndrome,Subtype of disorder,1,1,1,
633024,SLC12A2-related autosomal dominant infantile-developmental delay-intellectual disability-sensorineural deafness syndrome,Subtype of disorder,1,1,1,
633028,CPE-related Prader-Willi-like syndrome,Disorder,1,1,1,4.0
633035,Intellectual disability-early-onset cataract-microcephaly syndrome,Disorder,1,1,1,3.0
633076,"Split cord malformation, composite type",Disorder,0,0,0,7.5
633099,PAICS deficiency,Disorder,0,0,0,1.5
633124,Invasive scopulariopsis infection,Disorder,0,1,1,0.05
633211,Preaxial digit brachydactyly-webbed fingers,Disorder,0,0,0,
633228,Isolated proximal femoral focal deficiency,Disorder,0,1,1,1.55
634461,Mosaic neurofibromatosis type 1,Disorder,0,1,1,12.2309
634475,Mosaic NF2-related schwannomatosis,Disorder,1,1,1,0.0
634492,Mosaic schwannomatosis,Disorder,0,1,1,0.7476666666666666
634511,Mosaic Legius syndrome,Disorder,0,0,0,
634518,Neurofibromatosis/schwannomatosis,Group of disorders,0,0,0,
636941,Vascular Ehlers-Danlos-polymicrogyria syndrome,Disorder,1,1,1,4.5
636945,Invasive candidiasis,Disorder,0,1,1,1.25
636950,Glaucomatocyclitic crisis disease,Disorder,0,1,1,0.0
636955,Endemic pemphigus foliaceus,Disorder,0,1,1,0.2
636965,Autosomal dominant myosin storage myopathy,Subtype of disorder,1,1,1,
636970,Autosomal recessive myosin storage myopathy,Subtype of disorder,1,1,1,
637013,SMARCA2-related blepharophimosis-intellectual disability syndrome,Disorder,1,1,1,7.0
637051,Borna virus encephalitis,Disorder,0,1,1,9.0
637061,Isolated optic nerve hypoplasia,Disorder,0,0,0,12.5
637064,Isolated optic nerve aplasia,Disorder,0,1,1,1.5
641343,Imprinting disorders,Group of disorders,0,0,0,
641350,Immunotherapy induced hypophysitis,Disorder,0,1,1,6.4037
641353,Infantile neurodegeneration-progressive spasticity-intellectual disability-white matter lesions syndrome,Disorder,1,1,1,16.0
641361,Neurodevelopmental delay-hypotonia-cerebellar ataxia-cardiac conduction defects syndrome,Disorder,1,1,1,5.0
641368,Autosomal recessive hyper-IgE syndrome due to ZNF341 deficiency,Disorder,1,1,1,30.5
641372,B-lymphoblastic leukemia/lymphoma with t(7;9)(q11.2;p13.2),Subtype of disorder,2,0,0,
641375,B-lymphoblastic leukemia/lymphoma with t(17;19),Subtype of disorder,2,0,0,
641380,PAPASH syndrome,Disorder,0,1,1,10.0
641385,PASS syndrome,Disorder,0,1,1,8.0
641390,PsAPASH syndrome,Disorder,0,1,1,5.0
641396,Central nervous system tuberculosis,Disorder,0,0,0,
641496,Childhood-onset schizophrenia,Disorder,0,1,1,0.0
641613,Endogenous Cushing syndrome,Group of disorders,0,0,0,
641829,Neonatal compartment syndrome,Disorder,0,1,1,30.0
642013,OBSOLETE: Adrenal Cushing syndrome due to isolated adrenocortical benign tumor,Group of disorders,0,0,0,
642071,Primary pulmonary vein stenosis,Disorder,0,0,0,
642085,EXOC6B-related spondyloepimetaphyseal dysplasia with joint laxity,Disorder,1,1,1,3.0
642099,"Spondyloepimetaphyseal dysplasia with joint laxity, Beighton type",Disorder,1,1,1,15.0
642671,Familial hyperaldosteronism type IV,Disorder,1,1,1,8.5
642675,CHD8 overgrowth syndrome,Disorder,1,1,1,36.5
642691,Fragile X-associated primary ovarian insufficiency,Disorder,1,0,0,
642737,OBSOLETE: Spondyloepimetaphyseal dysplasia with severe short stature,Disorder,0,0,0,
642747,PUM1-related cerebellar ataxia,Disorder,1,1,1,2.0
642763,Autosomal dominant intellectual disability-craniofacial dysmorphism-macrocephaly-hypotonia syndrome due to H1-4 mutation,Disorder,1,1,1,24.5
642788,Cushing syndrome due to cortisol-producing adrenocortical adenoma,Disorder,0,0,0,
642945,Perrault syndrome type 1,Subtype of disorder,9,0,0,
642954,Autosomal recessive ataxia due to PEX16 deficiency,Disorder,1,1,1,
642965,Autosomal recessive ataxia due to PEX2 deficiency,Disorder,1,1,1,1.0
642976,Perrault syndrome type 2,Subtype of disorder,9,0,0,
643503,Marfanoid habitus-facial dysmorphism-skeletal abnormality-heart defect syndrome,Disorder,1,1,1,6.5
643538,Hao-Fountain syndrome due to USP7 mutation,Subtype of disorder,1,0,0,
643549,Hao-Fountain syndrome,Disorder,0,1,1,9.0
645188,Spinal dermal sinus,Disorder,0,0,0,
645193,Dysraphism with stalk,Group of disorders,0,0,0,
645196,Limited dorsal myeloschisis,Group of disorders,0,0,0,
645202,Closed spinal dysraphism,Group of disorders,0,0,0,
645270,Open spinal dysraphism with a posterior meningocele,Group of disorders,0,0,0,
645273,Dysraphic spinal cord lipoma,Group of disorders,0,0,0,
645276,Spinal cord lipoma,Group of disorders,0,0,0,
645279,Fibrolipomatous filum anomaly,Group of disorders,0,0,0,
645282,Anomaly of the filum,Group of disorders,0,0,0,
645285,Chaotic conus spinal cord lipoma,Disorder,0,0,0,
645288,Terminal extramedullary conus spinal cord lipoma,Subtype of disorder,0,0,0,
645291,Transitional extramedullary conus spinal cord lipoma,Subtype of disorder,0,0,0,
645294,Posterior extramedullary conus spinal cord lipoma,Subtype of disorder,0,0,0,
645297,Extramedullary conus spinal cord lipoma,Disorder,0,0,0,
645300,Lipomatous non-saccular limited dorsal myeloschisis,Subtype of disorder,0,0,0,
645310,Fibroneural non-saccular limited dorsal myeloschisis,Subtype of disorder,0,0,0,
645319,Saccular spinal dysraphism with a stalk to the dome,Group of disorders,0,0,0,
645322,Isolated transitional filum lipoma,Disorder,0,0,0,
645325,Isolated filum lipoma,Disorder,0,0,0,
645334,Retained medullary cord,Disorder,0,0,0,
645337,Terminal myelocystocele,Disorder,0,0,0,
645340,Non-terminal myelocystocele,Disorder,0,0,0,
645343,Non-saccular limited dorsal myeloschisis,Disorder,0,0,0,
645350,Segmental arterial mediolysis,Disorder,0,0,0,
645354,Saccular limited dorsal myeloschisis,Disorder,0,0,0,
645359,Intramedullary non-dysraphic spinal cord lipoma,Disorder,0,0,0,
645362,Dorsal spinal cord lipoma,Disorder,0,0,0,
645367,Conus spinal cord lipoma,Group of disorders,0,0,0,
645378,Myelic limited dorsal malformation,Disorder,0,0,0,
645383,True myelomeningocele,Subtype of disorder,0,0,0,
645388,Hemi-myelomeningocele,Subtype of disorder,0,0,0,
645393,Hemi-myeloschisis,Subtype of disorder,0,0,0,
645398,Myeloschisis,Disorder,0,0,0,
645401,True myeloschisis,Subtype of disorder,0,0,0,
645613,Classical dermatomyositis,Subtype of disorder,0,0,0,
645617,Amyopathic dermatomyositis,Subtype of disorder,0,0,0,
645626,Adermatopathic dermatomyositis,Subtype of disorder,0,0,0,
645749,Congenital esophageal stenosis,Disorder,0,1,1,1.5
645793,Spontaneous intestinal perforation,Disorder,0,0,0,
645807,Primary tuberculous lymphadenitis,Disorder,0,0,0,
645814,Primary pulmonary tuberculosis,Disorder,0,0,0,
645822,Primary bone and joint tuberculosis,Disorder,0,0,0,
645849,Primary cutaneous tuberculosis,Disorder,0,0,0,
645854,Multifocal tuberculosis,Disorder,0,0,0,
645859,Primary tuberculosis of the digestive system,Disorder,0,0,0,
645874,Primary genito-urinary tuberculosis,Disorder,0,0,0,
646098,Collagen VI-related congenital muscular dystrophy,Group of disorders,0,0,0,
646113,Intermediate collagen VI-related muscular dystrophy,Disorder,3,1,1,
646136,"Dysplastic cortical hyperostosis, Al-Gazali type",Subtype of disorder,0,0,0,
646139,Dysplastic cortical hyperostosis,Disorder,0,0,0,
646278,CDK13-related developmental delay-intellectual disability-facial dysmorphism-congenital heart defects syndrome,Disorder,1,1,1,12.5
647667,Mandibuloacral dysplasia associated to MTX2,Disorder,1,1,1,3.5
647676,Multiple epiphyseal dysplasia type 7,Disorder,1,1,1,1.0
647681,Craniosynostosis-facial dysmorphism-Chiari-1 malformation-developmental and language delay syndrome,Disorder,1,0,0,
647758,Adrenal Cushing syndrome,Group of disorders,0,0,0,
647768,Rare adrenocortical nodular disease with Cushing syndrome as a major feature,Group of disorders,0,0,0,
647772,Isolated primary pigmented nodular adrenocortical disease,Disorder,2,0,0,
647782,Isolated micronodular adrenocortical disease,Disorder,2,0,0,
647788,Neurodevelopmental delay-intellectual disability-ataxia-feeding difficulty syndrome,Disorder,1,0,0,
647794,Isolated persistent urogenital sinus,Disorder,0,0,0,
647799,MYT1L-related developmental delay-intellectual disability-obesity syndrome,Disorder,1,1,1,
647804,Combined immunodeficiency due to FCHO1 deficiency,Disorder,1,1,1,
647811,Cardiac-urogenital syndrome,Disorder,1,1,1,
647815,Keratitis fugax hereditaria,Disorder,1,1,1,
647823,Idiopathic pregnancy-associated osteoporosis,Disorder,0,0,0,
647834,SLC40A1-related hemochromatosis,Disorder,1,1,1,
647916,Conjoined twins,Disorder,0,0,0,
648559,Rare scleritis,Group of disorders,0,0,0,
648562,Ferroportin disease,Disorder,1,0,0,
648569,Non-HFE-related hemochromatosis,Group of disorders,0,0,0,
648581,Digenic hemochromatosis,Disorder,4,0,0,
648665,Infectious scleritis,Disorder,0,0,0,
648675,Idiopathic scleritis,Disorder,0,0,0,
648681,Immune-mediated scleritis,Disorder,0,1,1,2.0
648684,Central retinal artery occlusion,Disorder,0,1,1,7.15
648919,Idiopathic catatonia,Disorder,0,0,0,8.0
648992,Non-syndromic bridging bronchus,Disorder,0,1,1,8.5
649010,Non-syndromic congenital bronchial atresia,Disorder,0,1,1,0.0
649014,Bronchial malformation,Group of disorders,0,0,0,
649017,Rare adrenocortical nodular disease,Group of disorders,0,0,0,
649029,Isolated left bronchial isomerism,Disorder,0,1,1,2.0
649929,Central precocious puberty in male,Group of disorders,0,0,0,
650063,Rare central precocious puberty,Group of disorders,0,0,0,
650070,Rare central precocious puberty in female,Group of disorders,0,0,0,
650077,Genetic central precocious puberty in female,Disorder,3,0,0,5.3999999999999995
650082,Secondary central precocious puberty in female,Disorder,0,0,0,
650087,Primary central precocious puberty in male,Disorder,0,0,0,
650092,Secondary central precocious puberty in male,Disorder,0,0,0,
650097,Genetic central precocious puberty in male,Subtype of disorder,4,0,0,
650102,Non-genetic central precocious puberty in male,Subtype of disorder,0,0,0,
650182,Genetic central precocious puberty,Group of disorders,0,0,0,
650187,Rare peripheral precocious puberty in female,Group of disorders,0,0,0,
652487,Developmental delay-overweight-facial dysmorphism-behavioral abnormalities syndrome,Disorder,1,1,1,
652510,Genetic autoinflammatory syndrome with acne and/or hidradenitis suppurativa,Group of disorders,0,0,0,
652514,Cleft palate-congenital heart defect-intellectual disability syndrome due to MEIS2 mutation,Subtype of disorder,0,1,1,
652519,Cleft palate-congenital heart defect-intellectual disability syndrome,Disorder,0,0,0,
652522,Periodic fever-immunodeficiency-thrombocytopenia syndrome,Disorder,1,1,1,
652528,Supernumerary kidney,Disorder,0,1,1,49.5
652532,Adult-onset progressive leukoencephalopathy-early-onset deafness,Disorder,1,1,1,4.0
652650,"Nodal T-follicular helper cell lymphoma, follicular type",Disorder,0,0,0,
652658,Monomorphic epitheliotropic intestinal T-cell lymphoma,Disorder,0,0,0,
652668,Primary superior vena cava aneurysm,Disorder,0,0,0,
652678,Primary inferior vena cava aneurysm,Disorder,0,0,0,
652681,Idiopathic subglottic stenosis,Disorder,0,0,0,
653434,Autoinflammatory syndrome with acne and/or hidradenitis suppurativa,Group of disorders,0,0,0,
653698,Lymphocytic mastitis,Disorder,0,0,0,
653709,Cone rod dystrophy-short stature syndrome,Disorder,1,1,1,3.0
653712,CHD4-related neurodevelopmental disorder,Disorder,1,1,1,25.0
653722,Digenic Alport syndrome,Subtype of disorder,3,1,1,
653725,"Autosomal recessive limb-girdle muscular dystrophy, type 28",Disorder,1,1,1,7.5
653728,"Congenital insensitivity to pain syndrome, Marsili type",Disorder,1,1,1,18.0
653751,X-linked combined immunodeficiency due to SASH3 deficiency,Disorder,1,1,1,2.5
653767,Jansen-de Vries syndrome,Disorder,1,1,1,25.5
653880,Mitochondrial short-chain enoyl-CoA hydratase 1 deficiency,Disorder,1,1,1,11.5
656071,Atrophic papulosis,Disorder,0,1,1,100.0
656085,Benign atrophic papulosis,Subtype of disorder,0,0,0,
656126,Segmental spinal dysgenesis,Disorder,0,0,0,
656130,PBX1-related congenital anomalies of kidney-urinary tract syndrome,Disorder,1,1,1,
656135,Intellectual disability-cupped ears syndrome,Disorder,1,1,1,
656273,OBSOLETE: Hypotonia-hypoventilation-intellectual disability-dysautonomia-epilepsy-eye abnormalities syndrome,Disorder,0,0,0,
656279,"1p36.33 duplication syndrome",Disorder,3,1,1,
656283,Autosomal recessive combined immunodeficiency due to complete IL6ST deficiency,Disorder,1,1,1,
656300,Autosomal recessive combined immunodeficiency due to partial IL6ST deficiency,Disorder,1,1,1,
656313,Autosomal dominant combined immunodeficiency due to partial IL6ST deficiency,Disorder,1,1,1,
656326,Autosomal recessive combined immunodeficiency due to IL6R deficiency,Disorder,1,1,1,
656417,Embryonal tumor with multilayered rosettes,Disorder,0,0,0,
656912,Autosomal dominant combined immunodeficiency due to ERBIN deficiency,Disorder,1,1,1,
658540,"16q22 deletion syndrome",Disorder,0,0,0,
658549,Idiopathic small fibers neuropathy,Disorder,0,0,0,
658574,Isolated pulmonary artery sling,Disorder,0,0,0,
658584,Rowell syndrome,Disorder,0,1,1,36.5
658590,Eyelid sebaceous carcinoma,Disorder,0,1,1,0.0
658595,DNMT3A-related microcephalic dwarfism,Disorder,1,1,1,1.5
658602,Transplant-related bronchiolitis obliterans,Disorder,0,0,0,
658612,Non-transplant-related bronchiolitis obliterans,Disorder,0,0,0,
658778,COQ7-related distal hereditary motor neuropathy,Disorder,1,1,1,6.0
658805,Greig cephalopolysyndactyly-contiguous gene syndrome,Disorder,0,1,1,100.0
658810,Atrophoderma of Pasini and Pierini,Disorder,0,1,1,50.0
658813,Combined immunodeficiency-megaloblastic anemia due to methylenetetrahydrofolate dehydrogenase 1 deficiency,Disorder,1,1,1,4.0
658843,Developmental delay-ataxia-hypotonia-facial dysmorphism syndrome,Disorder,1,1,1,31.0
658909,Fasciolopsiasis,Disorder,0,0,0,
658913,Paragonimiasis,Disorder,0,0,0,
658917,Clonorchiasis,Disorder,0,0,0,
658946,Early-onset immune dysregulation with autoimmunity due to DOCK11 partial deficiency,Disorder,1,1,1,
658951,Early-onset immune dysregulation due to DOCK11 complete deficiency,Disorder,1,1,1,6.0
659387,PRC-2 complex-related overgrowth spectrum,Group of disorders,0,0,0,
659396,Cohen-Gibson syndrome,Disorder,1,1,1,6.0
659463,Imagawa-Matsumoto syndrome,Disorder,1,1,1,7.5
659609,Facial dysmorphism-global developmental delay-hypotonia-polymicrogyria syndrome,Disorder,1,1,1,5.0
659626,Single isolated optic neuritis,Subtype of disorder,0,0,0,
659634,Relapsing isolated optic neuritis,Subtype of disorder,0,0,0,
659642,Rauch-Steindl syndrome,Disorder,0,1,1,14.0
659672,Harderoporphyria,Disorder,1,1,1,3.0
659681,Erythropoietic porphyria,Group of disorders,0,0,0,
659694,Hepatic porphyria,Group of disorders,0,0,0,
659698,Hepatic cutaneous porphyria,Group of disorders,0,0,0,
659702,Intrauterine growth retardation-micrognathia-short stature-facial dysmorphism-rhizomelic shortening syndrome,Disorder,1,1,1,10.0
659707,Yersinia pseudotuberculosis infection,Disorder,0,0,0,
659712,Rare yersiniosis,Group of disorders,0,0,0,
659744,Ocular surface squamous neoplasia,Disorder,0,1,1,0.03
659756,Oroya fever,Subtype of disorder,0,0,0,
659759,Verruga peruana,Subtype of disorder,0,0,0,
659873,Wormian bones-micrognathia-abnormal dentition-progeroid syndrome,Disorder,1,1,1,1.5
659904,Multiple congenital anomalies-neurodevelopmental delay-ocular abnormalities syndrome,Disorder,1,1,1,14.5
659908,Glanders,Disorder,0,0,0,
659975,Sensorineural hearing loss-spastic quadriplegia-intellectual disability syndrome,Disorder,1,1,1,13.0
660012,Developmental delay-language impairment-dopa responsive dystonia-parkinsonism syndrome due to a NR4A2 point mutation,Subtype of disorder,1,1,1,
660017,Developmental delay-language impairment-dopa responsive dystonia-parkinsonism syndrome,Disorder,0,1,1,7.5
660021,Orofacial clefting-cardiac anomalies-facial dysmorphism syndrome,Disorder,1,0,0,6.5
660053,Psittacosis,Disorder,0,0,0,
661412,Megaloblastic anemia-immunodeficiency due to folate transporter 1 deficiency,Disorder,0,1,1,2.5
661526,MBD4-related tumor predisposition syndrome,Disorder,1,1,1,2.0
662169,Phelan-McDermid syndrome due to 22q13.3 deletion,Subtype of disorder,1,1,1,
662172,Phelan-McDermid syndrome due to SHANK3 mutation,Subtype of disorder,1,1,1,
662175,Macrocephaly-congenital heart disease-facial dysmorphism-intellectual disability syndrome,Disorder,1,1,1,2.5
662179,Microcephaly-hearing loss-facial dysmorphism-intellectual disability syndrome,Disorder,1,1,1,1.5
662184,Congenital muscular dystrophy-cataract-intellectual disability syndrome,Disorder,1,1,1,11.5
662189,Neurodevelopmental disorder-brain malformation-facial dysmorphism-brachydactyly syndrome,Disorder,1,1,1,2.5
662198,Neurodevelopmental delay-intellectual disability-skeletal defects syndrome,Disorder,1,1,1,22.0
662207,Neurodevelopmental delay-brain malformations-skeletal defects-intellectual disability syndrome,Disorder,1,1,1,3.0
662216,Mucopolysaccharidosis type 10,Disorder,1,1,1,3.0
662229,Episodic memory defect leukoencephalopathy,Disorder,0,0,0,
662234,Neurodevelopmental delay-congenital heart defects-intellectual disability syndrome,Disorder,1,1,1,17.5
662240,Frey syndrome,Disorder,0,1,1,60.5
662255,Grisel syndrome,Disorder,0,1,1,86.5
662367,NESCAV syndrome,Disorder,1,1,1,22.5
662376,Isolated gastric duplication,Disorder,0,1,1,1.7
662388,Isolated gallbladder duplication,Disorder,0,1,1,
662392,Isolated colonic duplication,Disorder,0,1,1,
662405,Isolated pyloric duplication,Disorder,0,1,1,9.0
662456,Isolated small intestine duplication,Disorder,0,1,1,13.5
662473,Isolated duodenal duplication,Subtype of disorder,0,1,1,
662480,Isolated jejuno-ileal duplication,Subtype of disorder,0,1,1,
662721,Placenta accreta spectrum disorder,Disorder,0,0,0,
662762,Motor delay-microcephaly-speech impairment-ocular abnormalities syndrome,Disorder,1,1,1,
662786,Vasa previa,Disorder,0,0,0,
662829,Intellectual disability-speech delay-dysmorphic features-T cell abnormalities syndrome,Disorder,1,1,1,
662934,Acute megakaryoblastic leukemia in adult,Subtype of disorder,0,0,0,
664372,Soft and hard cleft palate,Disorder,0,0,0,
664377,MGP-related spondyloepiphyseal dysplasia,Disorder,0,0,0,
664401,Cardiac anomalies-short stature-joint hypermobility-facial dysmorphism syndrome due to TAB2 mutation,Subtype of disorder,1,1,1,
664404,"6q25.1 microdeletion syndrome",Subtype of disorder,1,1,1,
664410,Brain abnormalities-severe developmental delay-facial dysmorphism-intellectual disability syndrome,Disorder,0,1,1,
664416,Brain abnormalities-severe developmental delay-facial dysmorphism-intellectual disability syndrome due to MEF2C mutation,Subtype of disorder,1,1,1,
664430,Neurodevelopmental disorder-slit-like lateral ventricles-intellectual disability syndrome,Disorder,1,1,1,
664438,Gingival fibromatosis-aortic root dilatation-facial dysmorphism-intellectual disability syndrome,Disorder,1,1,1,
664450,Inherited cancer-predisposing lymphoproliferative syndrome,Group of disorders,0,0,0,
664456,Immune dysregulation disease with immunodeficiency associated with EBV susceptibility,Group of disorders,0,0,0,
664482,Primary hemophagocytic lymphohistiocytosis without hypopigmentation,Group of disorders,0,0,0,
664500,Hermansky-Pudlak syndrome due to AP3B1 deficiency,Subtype of disorder,1,1,1,
664511,"Early-onset severe Hermansky-Pudlak syndrome with hearing loss, due to AP3D1 deficiency",Subtype of disorder,1,1,1,
664699,EBV-induced lymphoproliferative disease due to RASGRP1 deficiency,Disorder,1,1,1,
664711,EBV-induced lymphoproliferative disease due to PRKCD deficiency,Disorder,1,1,1,
664726,EBV-induced lymphoproliferative disease due to CD137 deficiency,Disorder,1,1,1,1.0
664729,EBV-induced lymphoproliferative disease due to TET2 deficiency,Disorder,1,1,1,1.5
664734,EBV susceptibility with hemophagocytic lymphohistiocytosis as a major feature,Group of disorders,0,0,0,
664787,Nicolau syndrome,Disorder,0,0,0,120.0
664901,Trigeminal trophic syndrome,Disorder,0,1,1,100.0
664912,Neonatal renal venous thrombosis,Disorder,0,1,1,0.08
664923,Congenital arthrogryposis-microcephaly-facial dysmorphism-severe neurodevelopmental delay syndrome,Disorder,0,0,0,
665044,Common arterial trunk with aortic dominance,Subtype of disorder,2,0,0,
665058,Common arterial trunk with pulmonary dominance and interrupted aortic arch,Subtype of disorder,2,0,0,
667589,Isolated congenital femoral bifurcation,Disorder,0,0,0,
667662,Breast implant-associated anaplastic large cell lymphoma,Disorder,6,1,1,
667678,Intraoral basal cell carcinoma,Disorder,0,1,1,
672979,Craniosynostosis-facial dysmorphism-brachydactyly syndrome,Disorder,0,0,0,
672985,Craniosynostosis-skeletal and cerebellar anomalies-learning disabilities syndrome,Disorder,0,0,0,
673466,Malignant vascular tumor,Group of disorders,0,0,0,
673470,Benign vascular tumor,Group of disorders,0,0,0,
673473,Borderline vascular tumor,Group of disorders,0,0,0,
673525,Intravascular papillary endothelial hyperplasia,Disorder,0,0,0,
673538,Littoral cell hemangioma of the spleen,Disorder,0,0,0,
673543,Papillary hemangioma,Disorder,0,0,0,
673556,Pseudomyogenic hemangioendothelioma,Disorder,4,0,0,
673568,Eccrine angiomatous hamartoma,Disorder,0,0,0,
673574,Reactive angioendotheliomatosis,Disorder,0,0,0,
673580,Classic pilocytic astrocytoma,Subtype of disorder,0,0,0,
673585,Pilocytic astrocytoma with histological features of anaplasia,Subtype of disorder,0,0,0,
674499,Proteoglycan-related bone disorder,Group of disorders,0,0,0,
674648,Syndrome with congenital phagocyte functional defect as a major feature,Group of disorders,0,0,0,
674653,Actinomyopathy-associated syndromic thrombocytopenia,Disorder,1,1,1,
674762,Early-onset autoinflammatory syndrome due to A20 haploinsufficiency,Disorder,1,1,1,
674896,Non-syndromic congenital phagocyte functional defect,Group of disorders,0,0,0,
674924,Isolated retinal racemose hemangioma,Disorder,0,0,0,
674930,Perifoveal exudative vascular anomalous complex,Disorder,0,1,1,
674935,Torpedo Maculopathy,Disorder,0,1,1,40.0
674943,Isolated angioid streaks,Disorder,0,1,1,0.0
674947,Diffuse unilateral subacute neuroretinitis,Disorder,0,0,0,
674953,Multiple evanescent white dot syndrome,Disorder,0,0,0,
674958,Stellate multiform amelanotic choroidopathy,Disorder,0,1,1,9.0
674965,Choroidal osteoma,Disorder,0,1,1,30.5
674968,Bilateral diffuse uveal melanocytic proliferation disease,Disorder,0,0,0,
675216,Spinocerebellar ataxia type 27B,Disorder,1,1,1,
675359,Anastomosing haemangioma,Disorder,3,1,1,16.0
675362,Hobnail hemangioma,Disorder,0,1,1,0.0
675369,Microvenular haemangioma,Disorder,0,1,1,34.0
675380,Isolated segmental infantile hemangioma,Disorder,0,0,0,
675396,Epithelioid hemangioma,Disorder,5,0,0,
675404,May-Thurner syndrome,Disorder,0,1,1,
675597,Acquired elastotic haemangioma,Disorder,0,1,1,22.5
675628,TLR8-related inflammation-severe neutropenia-bone marrow failure-lymphoproliferation syndrome,Disorder,1,1,1,
675767,Severe congenital neutropenia-developmental delay syndrome due to SRP54 deficiency,Disorder,1,1,1,13.0
675775,Severe congenital myelofibrosis-pancytopenia-intellectual disability-neurologic and ophthalmic abnormalities syndrome,Disorder,1,1,1,1.5
675782,Progressive hypotonia-intellectual disability-facial dysmorphism syndrome due to FYVE-defective RBSN,Disorder,1,1,1,3.0
675814,Adenomatoid tumour of the pleura,Disorder,0,0,0,
675822,Well-differentiated papillary mesothelial tumour of the pleura,Disorder,0,0,0,
675833,Localized pleural mesothelioma,Subtype of disorder,0,0,0,
675837,Diffused pleural mesothelioma,Subtype of disorder,0,0,0,
675841,Pleural mesothelioma in situ,Subtype of disorder,0,0,0,
675976,Adenomatoid tumour of the peritoneum,Disorder,0,0,0,
676030,Primary benign peritoneal tumor,Group of disorders,0,0,0,
676033,Well-differentiated papillary mesothelial tumour of the peritoneum,Disorder,0,0,0,
676036,Peritoneal mesothelioma in situ,Disorder,0,0,0,
676039,Combined immunodeficiency due to FOXN1 haploinsufficiency,Disorder,1,1,1,10.5
676125,X-linked immune dysregulation with inflammatory bowel disease due to ELF4 deficiency,Disorder,1,1,1,2.0
684216,Intellectual disability-facial dysmorphism-joint hypermobility-hearing loss syndrome,Disorder,1,1,1,2.5
684226,Intellectual disability-hypotonia-facial dysmorphism-macrocephaly syndrome,Disorder,1,1,1,3.5
684232,Intellectual disability-epilepsy-dental anomalies-facial dysmorphism syndrome,Disorder,1,1,1,20.5
684240,Neurodevelopmental disorder-spasticity-movement disorder-epileptic syndrome,Disorder,1,1,1,12.0
684247,Isolated growth hormone deficiency type IV,Subtype of disorder,1,1,1,
684290,Hypertrophic olivary degeneration,Disorder,0,0,0,79.0
684305,Neurooculocardiogenitourinary syndrome,Disorder,1,1,1,4.5
684742,"2q13 microdeletion syndrome",Disorder,2,1,1,
684752,Isolated anal canal duplication,Disorder,0,1,1,50.0
684757,Malformation of the anal canal and the rectum,Group of disorders,0,0,0,
685004,Primary pericardial mesothelioma,Disorder,0,0,0,0.0
685010,Mesothelioma of the tunica vaginalis,Disorder,0,1,1,144.5
685017,Combined immunodeficiency due to TBX1 deficiency,Disorder,1,1,1,97.5
685067,Hypodontia-scalp hypotrichosis-facial dysmorphism syndrome,Disorder,1,1,1,
685082,Pediatric acute respiratory distress syndrome,Disorder,3,0,0,
686447,OBSOLETE: IFNG-responsive severe mendelian susceptibility to mycobacterial diseases,Disorder,0,0,0,
686462,Non-fibrotic hypersensitivity pneumonitis,Subtype of disorder,0,1,1,
686465,Fibrotic hypersensitivity pneumonitis,Subtype of disorder,1,1,1,
686468,Post 5-alpha-reductase inhibitors treatment syndrome,Disorder,0,1,1,
686475,Post-selective serotonin reuptake inhibitor sexual dysfunction,Disorder,0,1,1,
686482,BPTF-related intellectual disability-facial dysmorphism-skeletal anomalies syndrome,Disorder,1,1,1,24.5
686488,RNU4-2-related autosomal dominant neurodevelopmental disorder,Disorder,1,1,1,94.5
686495,MADD-related developmental delay-endocrine dysfunction-hypohemoglobinemia syndrome,Disorder,1,1,1,7.0
686556,Isolated congenital cholesteatoma of the middle ear,Disorder,0,1,1,
686999,Lipodystrophy-demyelinating peripheral sensory-motor neuropathy syndrome,Disorder,1,1,1,3.5
687424,ZMYND11-related developmental delay-speech delay-seizures-behavioral abnormalities-craniofacial dysmorphism syndrome due to 10p15.3 microdeletion,Subtype of disorder,1,1,1,
687695,"10p13-p14 deletion syndrome",Disorder,0,1,1,
687730,Unifocal Langerhans cell histiocytosis,Subtype of disorder,0,1,1,
687733,Pulmonary Langerhans cell histiocytosis,Subtype of disorder,0,1,1,
687738,Single-system multifocal Langerhans cell histiocytosis,Subtype of disorder,0,1,1,
687741,Multisystem Langerhans cell histiocytosis,Subtype of disorder,0,1,1,
688523,Splenic venous malformation,Disorder,0,1,1,
688543,Reticular dysgenesis-like severe combined immunodeficiency,Disorder,1,1,1,
688563,Combined immunodeficiency with normal Ig and poor specific antibody response,Group of disorders,0,0,0,
688571,Combined immunodeficiency with low immunoglobulins and normal B cells,Group of disorders,0,0,0,
688581,Midface hypoplasia-hearing impairment-elliptocytosis-nephrocalcinosis syndrome,Disorder,1,1,1,3.0
688594,Combined immunodeficiency due to RELB deficiency,Disorder,1,1,1,2.5
688642,Turnpenny-Fry syndrome,Disorder,1,1,1,7.0
688649,Isolated adrenal medullary hyperplasia,Disorder,0,1,1,33.0
688995,Scarlet fever,Disorder,0,1,1,
689001,Isolated spontaneous cervical artery dissection,Disorder,0,0,0,
689021,Asymptomatic hyperCKemia-myalgia-rhabdomyolysis syndrome,Disorder,1,1,1,
689231,IFIH1-related hereditary spastic paraplegia,Disorder,1,1,1,
689234,RNASEH2B-related hereditary spastic paraplegia,Disorder,1,1,1,11.0
689397,Poirier-Bienvenu neurodevelopmental syndrome,Disorder,1,1,1,40.5
689401,Acquired hypothalamic obesity,Disorder,0,1,1,
689408,Shashi-Pena syndrome,Disorder,1,1,1,12.0
689422,Okur-Chung neurodevelopmental syndrome,Disorder,0,1,1,24.0
689430,Adenoid ameloblastoma,Disorder,1,1,1,15.0
689822,Structural heart defects-renal anomalies syndrome,Disorder,1,1,1,5.5
689829,Microphthalmia-motor delay-language delay-brain anomalies-diaphragmatic hernia syndrome,Disorder,1,1,1,12.5
692173,Marbach-Schaaf neurodevelopmental syndrome,Disorder,1,1,1,6.5
692193,CHAMP1-related intellectual disability-facial dysmorphism-behavioral abnormalities syndrome,Disorder,1,1,1,18.5
692256,Isolated anogenital granulomatosis,Disorder,0,1,1,0.0
692271,Cerebral proliferative angiopathy,Disorder,0,1,1,0.6
692296,Idiopathic triglyceride deposit cardiomyovasculopathy,Subtype of disorder,0,1,1,
692305,Triglyceride deposit cardiomyovasculopathy,Disorder,0,1,1,495.5
692790,ATP6AP1-CDG,Disorder,1,1,1,8.5
692812,RAC2-related combined immunodeficiency-bronchiectasis-cancer-predisposing syndrome,Disorder,1,1,1,18.5
693549,Facial dysmorphism-Intellectual disability-rhombencephalosynapsis syndrome,Disorder,1,1,1,
693627,Agammaglobulinemia-skin involvement-failure to thrive syndrome,Disorder,1,1,1,
693647,Agammaglobulinemia-early-onset hypertrophic cardiomyopathy-neutropenia syndrome,Disorder,1,1,1,
693661,Activated PI3K-delta syndrome 1,Disorder,1,1,1,
693681,Activated PI3K-delta syndrome 2,Disorder,1,1,1,
693802,Neonatal-infantile onset epilepsy syndrome,Group of disorders,0,0,0,
693815,Uterine arteriovenous malformation,Disorder,0,0,0,
693826,Pancreatic arteriovenous malformation,Disorder,0,1,1,
693832,Gastrointestinal tract arteriovenous malformation,Disorder,0,1,1,
693839,Renal arteriovenous malformation,Disorder,0,1,1,
693846,Hepatic arteriovenous malformation,Disorder,0,1,1,
693855,Visceral arteriovenous malformation,Group of disorders,0,1,1,
693863,Splenic arteriovenous malformation,Disorder,0,1,1,
693869,Gallblader arteriovenous malformation,Disorder,0,0,0,
693872,Urinary tract arteriovenous malformation,Disorder,0,0,0,
693907,RASA1-related capillary malformation-arteriovenous malformation,Disorder,1,1,1,
693912,EPHB4-related capillary malformation-arteriovenous malformation,Disorder,1,1,1,
694228,Congenital intrahepatic arterioportal fistula,Disorder,0,1,1,
694304,ZMYND11-related developmental delay-speech delay-seizures-behavioral abnormalities-craniofacial dysmorphism syndrome,Disorder,0,1,1,
694308,ZMYND11-related developmental delay-speech delay-seizures-behavioral abnormalities-craniofacial dysmorphism syndrome due to a point mutation,Subtype of disorder,1,1,1,
694356,ADAR-related hereditary spastic paraplegia,Disorder,1,1,1,
694922,Childhood-onset stress-induced neurodegenerative ataxia-seizure syndrome,Disorder,1,1,1,
694937,Intellectual disability-peripheral neuropathy-corpus callosum abnormalities syndrome due to nudix hydrolase 2 deficiency,Disorder,1,1,1,
694946,Alazami-Yuan syndrome,Disorder,1,1,1,
694956,Intellectual disability-lymphoid hypertrophy-macrocephaly syndrome,Disorder,1,1,1,
694963,Inflammatory breast cancer,Disorder,2,0,0,
695020,Urachal carcinoma,Disorder,0,1,1,
695023,Pure squamous carcinoma of the urothelial tract,Disorder,0,1,1,
695032,Giant omphalocele,Subtype of disorder,0,0,0,
695038,Small omphalocele,Subtype of disorder,0,0,0,
695110,MAN2B2-CDG,Disorder,1,1,1,
695131,Acinar cystic transformation of the pancreas,Disorder,0,1,1,
695136,Infant-type hemispheric glioma,Disorder,0,0,0,
695140,Sickle cell-beta zero-thalassemia,Subtype of disorder,1,1,1,
695147,Sickle cell-beta plus-thalassemia,Subtype of disorder,1,1,1,
695164,Combined immunodeficiency with low B cells and hypogammaglobulinemia,Group of disorders,0,0,0,
695172,Combined immunodeficiency due to dimerization defective IKAROS mutation,Disorder,1,1,1,
695183,Late-onset combined immunodeficiency due to ICOS deficiency,Disorder,1,1,1,
695191,Late-onset combined immunodeficiency due to ICOSL deficiency,Disorder,1,0,0,
695611,"3q26q28 deletion syndrome",Disorder,0,1,1,
695631,Primary vitreoretinal large B-cell lymphoma,Disorder,0,0,0,
695783,EDEM3-CDG,Disorder,1,1,1,
695807,Immunodeficiency-systemic inflammation-lymphoma predisposition syndrome,Disorder,1,1,1,
696063,PLIN4-related distal myopathy,Disorder,1,1,1,
696078,Central giant cell granuloma,Disorder,0,1,1,
696175,Encapsulating peritoneal sclerosis,Disorder,0,0,0,
696189,Congenital generalized lipodystrophy type 1,Subtype of disorder,1,1,1,
696206,Congenital generalized lipodystrophy type 3,Subtype of disorder,1,1,1,
696242,PPARG-associated congenital generalized lipodystrophy,Subtype of disorder,1,1,1,
696289,Congenital generalized lipodystrophy type 2,Subtype of disorder,1,1,1,
696830,Female adnexal tumor of probable Wolffian origin,Disorder,0,0,0,
696851,Common variable immunodeficiency and related disorders,Group of disorders,0,0,0,
696857,Common variable immunodeficiency phenotype due to germinal digenic/polygenic mutations,Disorder,0,0,0,
696863,Common variable immunodeficiency phenotype due to somatic mutations,Disorder,0,0,0,
696870,Common variable immunodeficiency phenotype due to germinal monogenic mutation,Group of disorders,0,0,0,
696874,NFKB1-related immune dysregulation,Disorder,1,1,1,
696881,Common variable immunodeficiency phenotype due to CD19/CD81 deficiency,Disorder,2,1,1,
696894,Common variable immunodeficiency phenotype due to CD21 deficiency,Disorder,1,1,1,
696897,Congenital megaprepuce,Disorder,0,0,0,
696904,Common variable immunodeficiency phenotype due to IRF2BP2 deficiency,Disorder,1,1,1,
696907,Common variable immunodeficiency phenotype due to homozygous TACI deficiency,Disorder,1,1,1,
696925,Adult-onset common variable immunodeficiency due to BAFF-receptor deficiency,Disorder,1,1,1,
696931,Common variable immunodeficiency phenotype due to TWEAK deficiency,Disorder,1,1,1,
696942,Childhood-onset common variable immunodeficiency due to ARHGEF1 deficiency,Disorder,1,1,1,
696945,X-linked common variable immunodeficiency phenotype due to SH3KBP1 deficiency,Disorder,1,1,1,
697053,Talaromycosis,Disorder,0,1,1,
697067,Global developmental delay-intellectual disability-microcephaly-short stature-brain iron accumulation syndrome,Disorder,1,1,1,
697091,Emergomycosis,Disorder,0,1,1,
697096,Cryptosporidiosis,Disorder,0,1,1,
697101,Fontaine progeroid syndrome,Disorder,0,0,0,
697132,Lymphoepithelial cyst of the pancreas,Disorder,0,0,0,
697160,Infantile epileptic spasms syndrome,Disorder,13,1,1,
697356,Congenital scalp aplasia cutis-enamel hypoplasia-developmental delay-intellectual disability syndrome,Disorder,1,1,1,
697385,Combined immunodeficiency-cancer predisposing syndrome due to AIOLOS deficiency,Disorder,0,1,1,
697389,Combined immunodeficiency due to HELIOS deficiency,Disorder,1,1,1,
697394,Combined immunodeficiency due to c-REL deficiency,Disorder,1,1,1,
697403,Combined immunodeficiency-hypogammaglobulinemia-skeletal anomalies syndrome due to IKBKA deficiency,Disorder,1,1,1,
697414,Early-onset combined immunodeficiency with low Ig due to dominant negative IKAROS mutation,Disorder,1,1,1,
697417,Common variable immunodeficiency phenotype due to SEC61A1 deficiency,Disorder,1,1,1,
697734,ST3GAL3-CDG,Disorder,1,1,1,
697760,Intellectual disability-nasal speech-craniofacial dysmorphism syndrome,Disorder,0,1,1,
697764,Intellectual disability-nasal speech-craniofacial dysmorphism syndrome due to CNOT2 mutation,Subtype of disorder,1,1,1,
697986,Congenital peritoneal encapsulation,Disorder,0,0,0,
698005,Epilepsy with generalized tonic-clonic seizures alone,Disorder,0,0,0,
698012,Fibromuscular dysplasia,Disorder,0,0,0,
698036,Fibromuscular dysplasia of the cervical and intracranial arteries,Subtype of disorder,0,1,1,
698043,Fibromuscular dysplasia of the renal arteries,Subtype of disorder,0,1,1,
698059,Fibromuscular dysplasia of the coronary arteries,Subtype of disorder,0,1,1,
698063,Fibromuscular dysplasia of the visceral arteries,Subtype of disorder,0,1,1,
698069,Fibromuscular dysplasia of the arteries of the extremities,Subtype of disorder,0,1,1,
698085,Global developmental delay-intellectual disability-facial dysmorphism-pseudo-Pelger-Huët anomaly syndrome,Disorder,1,1,1,
698090,Ophthalmological abnormalities-facial dysmorphism-intellectual disability syndrome,Disorder,1,1,1,
698260,Carotid web,Disorder,0,1,1,
698914,Platelet-activating anti-platelet factor 4 disorder,Group of disorders,0,0,0,
698945,Autoimmune heparin-induced thrombocytopenia,Disorder,0,0,0,
699021,Spontaneous heparin-induced thrombocytopenia,Disorder,0,0,0,
699029,Vaccine-induced immune thrombotic thrombocytopenia,Disorder,0,0,0,
699057,Annular erythema of infancy,Disorder,0,0,0,
699068,Fontan-associated liver disease,Disorder,0,1,1,
699578,Combined immunodeficiency with low Ig due to BCL10 deficiency,Disorder,0,1,1,
699590,Immune dysregulation with immunodeficiency due to AIOLOS haploinsufficiency,Disorder,1,1,1,
699593,Combined immunodeficiency-lymphopenia-cancer predisposing syndrome due to AIOLOS deficiency,Subtype of disorder,1,0,0,
699596,Combined immunodeficiency-hypogammaglobulinemia-cancer predisposing syndrome due to AIOLOS deficiency,Subtype of disorder,0,0,0,
699599,ICHAD syndrome,Disorder,1,1,1,
699605,NEMO deleted exon 5 autoinflammatory syndrome,Disorder,1,1,1,
699615,Severe mendelian susceptibility to mycobacterial diseases due to complete IRF1 deficiency,Disorder,1,1,1,
699618,Severe mendelian susceptibility to mycobacterial diseases due to complete IFNG deficiency,Disorder,1,1,1,
699645,Variable age-onset epilepsy syndrome,Group of disorders,0,0,0,
699678,Necrotizing cellulitis,Subtype of disorder,0,1,1,
699683,Fibro-adipose vascular anomaly,Disorder,0,0,0,
699697,Necrotizing fasciitis,Subtype of disorder,0,1,1,
699702,Necrotizing myositis,Subtype of disorder,0,1,1,
699708,CLN14 disease,Disorder,1,0,0,
699718,Infantile CLN1 disease,Subtype of disorder,1,1,1,
699734,Late infantile CLN1 disease,Subtype of disorder,1,1,1,
699739,Juvenile CLN1 disease,Subtype of disorder,1,1,1,
699745,Adult CLN1 disease,Subtype of disorder,1,1,1,
699751,Infantile CLN2 disease,Subtype of disorder,1,1,1,
699761,Late infantile CLN2 disease,Subtype of disorder,1,1,1,
699769,Juvenile CLN2 disease,Subtype of disorder,1,1,1,
699780,Juvenile CLN3 disease,Subtype of disorder,1,1,1,
699796,Protracted juvenile CLN3 disease,Subtype of disorder,1,1,1,
699802,Late infantile CLN5 disease,Subtype of disorder,1,0,0,
699807,Juvenile CLN5 disease,Subtype of disorder,1,1,1,
699812,Adult CLN5 disease,Subtype of disorder,1,1,1,
699822,Sickle cell S-Lepore disease,Subtype of disorder,2,0,0,
699835,Cataract-combined malonic and methylmalonic aciduria-intellectual disability syndrome,Disorder,0,0,0,
699844,Microcephaly-corpus callosum hypoplasia-simplified gyral pattern-intellectual disability syndrome,Disorder,0,0,0,
699850,"2p25.3 microduplication syndrome",Disorder,2,1,1,
700085,Sickle cell disease due to hemoglobin S and a non-S/non-C hemoglobin variant,Disorder,0,0,0,
700090,Sickle cell S-O Arab disease,Subtype of disorder,1,0,0,
700107,Sickle cell S-other specified hemoglobin variant,Subtype of disorder,1,0,0,
700111,Homozygous hemoglobin O Arab disease,Disorder,1,1,1,
700124,Autosomal recessive hereditary chronic pancreatitis,Disorder,2,1,1,
700133,Idiopathic chronic pancreatitis,Disorder,0,1,1,
700136,Early-onset idiopathic chronic pancreatitis,Subtype of disorder,0,1,1,
700139,Late-onset idiopathic chronic pancreatitis,Subtype of disorder,0,1,1,
700143,X-linked distal myopathy,Group of disorders,0,0,0,
700154,TARDBP-related predominantly upper-limb distal myopathy,Disorder,1,1,1,
700160,ADNP-related blepharophimosis-intellectual disability syndrome,Disorder,0,0,0,
700163,SMPX-related distal myopathy,Disorder,1,1,1,
700170,DNAJB4-related distal myopathy,Disorder,1,1,1,
700188,Calf-predominant weakness-gastrocnemius medialis atrophy-distal myopathy,Disorder,1,1,1,
700205,Combined immunodeficiency due to IKBKB gain-of-function mutation,Disorder,1,1,1,
700286,Congenital high airway obstruction syndrome,Disorder,0,0,0,
700325,NKAP-related intellectual disability-facial dysmorphism-marfanoid habitus-scoliosis syndrome,Disorder,1,1,1,
700333,Hypotonia-speech impairment-severe cognitive delay syndrome due to UNC80 deficiency,Subtype of disorder,1,1,1,
700336,Hypotonia-speech impairment-severe cognitive delay syndrome due to NALCN deficiency,Subtype of disorder,1,1,1,
700467,Late infantile CLN6 disease,Subtype of disorder,1,1,1,
700472,Juvenile CLN6 disease,Subtype of disorder,1,1,1,
700477,Adult CLN6 disease,Subtype of disorder,1,1,1,
700484,Late infantile CLN8 disease,Subtype of disorder,1,1,1,
700487,Congenital CLN10 disease,Subtype of disorder,1,1,1,
700492,Late infantile CLN10 disease,Subtype of disorder,1,1,1,
700497,Juvenile CLN10 disease,Subtype of disorder,1,1,1,
700508,Distal muscle weakness-foot deformity-elevated sorbitol level-hereditary motor neuropathy,Disorder,1,1,1,
700746,OBSOLETE: Genetic common variable immunodeficiency phenotype and related disorders,Group of disorders,0,0,0,
707786,Thalassemia,Group of disorders,0,0,0,
707789,Unstable alpha globin chain variant disease,Disorder,2,1,1,
707792,Unstable gamma globin chain variant disease,Disorder,1,1,1,
707937,Distal arthrogryposis-progressive scoliosis-thumb deformity-impaired proprioception syndrome,Disorder,1,1,1,
707944,Peripheral fast-flow vascular malformation,Group of disorders,0,0,0,
707983,Early-onset autosomal recessive TTN-related distal myopathy,Disorder,1,1,1,
707993,Methemoglobinemia-related cyanosis,Group of disorders,0,0,0,
708007,Intramuscular fast-flow vascular anomaly,Disorder,0,0,0,
708014,Ectodermal dysplasia-natal teeth-skin abscesses-plantar hyperkeratosis-hearing impairment,Disorder,1,0,0,
708019,Congenital heart defect-ectodermal dysplasia- brachydactyly-telangiectasia syndrome,Disorder,1,1,1,
708036,Ectodermal dysplasia with agenesis of maxillary lateral incisors and mandibular anterior teeth,Disorder,1,1,1,
708043,Ectodermal dysplasia with oligodontia-hand and foot malformation-hypoplastic nipples,Disorder,1,1,1,
708046,Peripheral arteriovenous malformation,Disorder,0,0,0,
708051,Peripheral congenital arteriovenous fistula,Disorder,0,0,0,
708123,Autosomal dominant distal nebulin myopathy,Disorder,1,1,1,
708126,DNAJB6-related distal myopathy,Disorder,1,1,1,
708129,Autosomal recessive ACTN2-related distal myopathy,Disorder,1,1,1,
708133,Autosomal dominant ACTN2-related distal myopathy,Disorder,1,1,1,
708166,Severe neurodevelopmental disorder-facial dysmorphism-cerebral-renal-cardiac anomalies syndrome,Disorder,1,1,1,
708171,Facial dysmorphism-corpus callosum hypoplasia-infantile epileptic encephalopathy,Disorder,1,1,1,
708178,Global developmental delay-speech apraxia-facial dysmorphism-limb and palpebral anomalies syndrome,Disorder,1,1,1,
708203,Intellectual disability-small hands and feet-drug-resistant epilepsy syndrome,Disorder,1,1,1,
708208,Developmental delay-white matter abnormalities-strabismus-recurrent respiratory tract infections syndrome,Disorder,1,1,1,
708651,Phosphoribosylformylglycinamidine synthase deficiency,Disorder,0,0,0,
708684,Eosinophilic cystitis,Disorder,0,1,1,100.0
708881,Phenylalanine hydroxylase deficiency,Group of disorders,0,0,0,
708895,Tetrahydrobiopterin-unresponsive phenylketonuria,Subtype of disorder,1,1,1,
714041,Straatsma syndrome,Disorder,0,0,0,
714046,Primary choroidal lymphoma,Disorder,1,1,1,
714070,"Incomplete congenital stationary night blindness, Schubert-Bornschein type",Subtype of disorder,3,1,1,
714079,"Complete congenital stationary night blindness, Schubert-Bornschein type",Subtype of disorder,4,0,0,
714090,"Congenital stationary night blindness, Schubert-Bornschein type",Disorder,0,1,1,
714096,"Congenital stationary night blindness, Riggs type",Disorder,2,1,1,
714101,Acute idiopathic maculopathy,Disorder,0,1,1,
714109,Ocular siderosis,Disorder,0,0,0,
714138,Circumscribed choroidal hemangioma,Disorder,0,0,0,
714150,Stellate non-hereditary idiopathic foveomacular retinoschisis,Disorder,0,0,0,
714154,Idiopathic multifocal choroiditis,Disorder,0,0,0,
714160,Presumed ocular histoplasmosis syndrome,Disorder,0,1,1,
714164,Acute posterior multifocal placoid pigment epitheliopathy,Disorder,0,0,0,
714385,Global developmental delay-high pain tolerance-intellectual disability syndrome,Disorder,1,1,1,
714399,Global developmental delay-dental enamel defects-ataxia syndrome,Disorder,1,1,1,
714404,Developmental delay-macrocephaly-corpus callosum dysgenesis-intellectual disability syndrome,Disorder,0,1,1,
714407,Developmental delay-macrocephaly-corpus callosum dysgenesis-intellectual disability syndrome due to NFIB mutation,Subtype of disorder,1,1,1,
714410,CARD8-related inflammatory bowel disease,Disorder,1,1,1,
714413,"9p23p22.2 microdeletion syndrome",Subtype of disorder,1,0,0,
714423,Infantile-onset inflammatory bowel disease-hearing loss-recurrent infections syndrome,Disorder,1,1,1,
714429,Pseudo-TORCH syndrome type 3,Disorder,0,0,0,
714472,Inflammatory bowel disease-autoimmunity-sinopulmonary infections-lymphadenopathy syndrome,Disorder,1,1,1,
714477,Early-onset inflammatory bowel disease-ulcerative skin lesions-immunodeficiency syndrome,Disorder,1,1,1,
714481,SCGN-related severe early-onset hereditary ulcerative colitis,Disorder,1,1,1,
714484,AGR2-related infantile-onset inflammatory bowel disease,Disorder,1,1,1,
714487,Congenital diarrhea-chronic gastrointestinal inflammation-ocular dysgenesis syndrome,Disorder,1,1,1,
714490,PERCC1-related congenital intractable malabsorptive diarrhea,Disorder,1,1,1,
714493,Congenital thrombocytopenia-recurrent infections syndrome due to WIP deficiency,Disorder,1,1,1,
714496,Immunodeficiency-congenital thrombocytopenia-hypereosinophilia-colitis-vasculitis syndrome,Disorder,1,1,1,
714652,PCDH19 clustering epilepsy,Disorder,1,1,1,
714692,Congenital disseminated pyogenic granuloma,Disorder,0,0,0,
714698,Arteriovenous malformation of the thoraco-abdominal-pelvic cavity,Group of disorders,0,0,0,
714702,Abdominal arteriovenous malformation,Disorder,0,0,0,
714709,Mediastinal arteriovenous malformation,Disorder,0,1,1,
714715,Pelvic arteriovenous malformation,Disorder,0,1,1,
714726,Retroperitoneal arteriovenous malformation,Disorder,0,1,1,
714734,Sinus pericranii,Disorder,0,0,0,
714737,Diffuse capillary malformation with overgrowth,Disorder,2,1,1,
714785,Unifocal sporadic venous malformation,Disorder,0,0,0,
714806,Multifocal sporadic venous malformation,Disorder,1,1,1,
714829,Immune checkpoint inhibitor-induced myositis,Disorder,0,0,0,
715025,Spinal fast-flow vascular malformation,Group of disorders,0,0,0,
715120,Hyperpituitarism,Group of disorders,0,0,0,
715125,Hemoglobin E-beta-thalassemia intermedia,Subtype of disorder,1,1,1,
715128,Hemoglobin E-beta-thalassemia major,Subtype of disorder,1,1,1,
715135,Hemoglobin Lepore-beta-thalassemia intermedia,Subtype of disorder,1,1,1,
715140,Hemoglobin Lepore-beta-thalassemia major,Subtype of disorder,1,1,1,
715143,Heterozygous beta-thalassemia intermedia with supernumerary alpha-globin gene,Disorder,3,1,1,
715147,Low oxygen affinity hemoglobin disease,Disorder,0,1,1,
715154,Low oxygen affinity alpha chain hemoglobin disease,Subtype of disorder,1,1,1,
715157,Low oxygen affinity beta chain hemoglobin disease,Subtype of disorder,1,1,1,
715284,Spinal cord arteriovenous malformation,Disorder,0,1,1,
715292,Brain pial arteriovenous fistula,Disorder,0,0,0,
715302,Spinal pial arteriovenous fistula,Disorder,0,1,1,
715307,Acquired spinal dural arteriovenous fistula,Disorder,0,0,0,
715318,Acquired intracranial dural arteriovenous fistula,Disorder,0,1,1,
715326,Spinal epidural arteriovenous malformation,Disorder,0,1,1,
715331,Paraspinal arteriovenous malformation,Disorder,0,1,1,
715334,Unifocal peripheral venous malformation,Group of disorders,0,0,0,
715339,Multifocal peripheral venous malformation,Group of disorders,0,0,0,
715345,Isolated geographic pattern capillary malformation,Disorder,0,1,1,
715353,Isolated reticulated capillary malformation,Disorder,0,0,0,
715359,Isolated low resistance capillary malformation,Disorder,0,0,0,
715446,Geographic pattern capillary malformation,Group of disorders,0,0,0,
715453,Reticulated capillary malformation,Group of disorders,0,0,0,
715460,Syndromic geographic pattern capillary malformation,Group of disorders,0,0,0,
715463,Low resistance capillary malformation,Group of disorders,0,0,0,
715466,Syndromic low resistance capillary malformation,Group of disorders,0,0,0,
715623,Motor incoordination-myopathy-respiratory insufficiency-progressive cerebellar atrophy syndrome,Disorder,1,1,1,
715635,Rothmund-Thomson syndrome type 4,Subtype of disorder,1,1,1,
715640,Rothmund-Thomson syndrome type 3,Subtype of disorder,1,1,1,
715694,Infant-type hemispheric glioma NTRK-altered,Subtype of disorder,0,0,0,
715697,Infant-type hemispheric glioma ALK-altered,Subtype of disorder,0,0,0,
715701,Infant-type hemispheric glioma ROS1-altered,Subtype of disorder,0,0,0,
715704,Infant-type hemispheric glioma MET-altered,Subtype of disorder,0,0,0,
715721,High-grade astrocytoma with piloid features,Disorder,0,0,0,
715724,Diffuse pediatric-type high-grade glioma-H3-wildtype-IDH-wildtype,Disorder,0,0,0,
715744,Fast-flow vascular malformation of the central nervous system,Group of disorders,0,0,0,
715750,Intracranial fast-flow vascular malformation,Group of disorders,0,0,0,
715757,Metameric fast-flow vascular malformation,Group of disorders,0,0,0,
715762,Unifocal fast-flow vascular malformation,Group of disorders,0,0,0,
715845,Idiopathic Acute exudative polymorphous vitelliform maculopathy,Subtype of disorder,0,0,0,
715850,Paraneoplastic acute exudative polymorphous vitelliform maculopathy,Subtype of disorder,0,0,0,
715855,Acute exudative polymorphous vitelliform maculopathy,Disorder,0,0,0,
715862,Melanocytoma of the optic disc and optic nerve,Disorder,0,0,0,
715923,Intraosseous venous malformation,Disorder,0,0,0,
715950,Diffuse hemispheric glioma-H3 G34-mutant,Disorder,0,0,0,
716109,Global developmental delay-facial dysmorphism-brachydactyly syndrome,Disorder,0,0,0,
716116,Global developmental delay-facial dysmorphism-hands and feet anomalies syndrome,Disorder,0,0,0,
716195,Rare inflammatory choroidal disorder,Group of disorders,0,0,0,
716198,Rare paraneoplastic choroidal disorder,Group of disorders,0,0,0,
716201,Rare vascular choroidal disorder,Group of disorders,0,0,0,
716204,Rare neoplastic choroidal disorder,Group of disorders,0,0,0,
716207,Rare benign neoplastic choroidal disorder,Group of disorders,0,0,0,
716210,Rare malignant neoplastic choroidal disorder,Group of disorders,0,0,0,
716213,Rare isolated developmental choroidal disorder,Group of disorders,0,0,0,
716290,Rare predominantly chorioretinal disorder,Group of disorders,0,0,0,
716293,Rare non-progressive predominantly chorioretinal disorder,Group of disorders,0,0,0,
716296,Rare isolated non-progressive predominantly chorioretinal disorder,Group of disorders,0,0,0,
716299,Rare disorder with non-progressive predominantly chorioretinal disorder as a major feature,Group of disorders,0,0,0,
716304,Rare progressive predominantly chorioretinal disorder,Group of disorders,0,0,0,
716342,Rare disorder with progressive predominantly chorioretinal disorder as a major feature,Group of disorders,0,0,0,
716348,Rare isolated progressive predominantly chorioretinal disorder,Group of disorders,0,0,0,
716358,Rare generalized retinal disorder,Group of disorders,0,0,0,
716361,Rare progressive generalized retinal disorder,Group of disorders,0,0,0,
716364,Rare non-progressive generalized retinal disorder,Group of disorders,0,0,0,
716367,Rare isolated non-progressive generalized retinal disorder,Group of disorders,0,0,0,
716393,Rare disorder with non-progressive generalized retinal disorder as a major feature,Group of disorders,0,0,0,
716405,Rare disorder with progressive generalized retinal disorder as a major feature,Group of disorders,0,0,0,
716410,Rare isolated progressive generalized retinal disorder,Group of disorders,0,0,0,
716413,Rare non-progressive predominantly macular disorder,Group of disorders,0,0,0,
716416,Rare progressive predominantly macular disorder,Group of disorders,0,0,0,
716419,Rare isolated non-progressive predominantly macular disorder,Group of disorders,0,0,0,
716422,Rare disorder with non-progressive predominantly macular disorder as a major feature,Group of disorders,0,0,0,
716427,Rare disorder with progressive predominantly macular disorder as a major feature,Group of disorders,0,0,0,
716432,Rare isolated progressive predominantly macular disorder,Group of disorders,0,0,0,
716435,Rare non-progressive vitreoretinopathy,Group of disorders,0,0,0,
716438,Rare progressive vitreoretinopathy,Group of disorders,0,0,0,
716441,Rare isolated progressive vitreoretinopathy,Group of disorders,0,0,0,
716446,Rare disorder with progressive vitreoretinopathy disorder as a major feature,Group of disorders,0,0,0,
716450,Rare non-progressive retinal vasculopathy,Group of disorders,0,0,0,
716455,Rare progressive retinal vasculopathy,Group of disorders,0,0,0,
716459,Rare disorder with progressive retinal vasculopathy as a major feature,Group of disorders,0,0,0,
716466,Rare isolated progressive retinal vasculopathy,Group of disorders,0,0,0,
716742,Congenital myasthenic syndrome with kinetic defect,Subtype of disorder,0,1,1,
716758,Fast-channel congenital myasthenic syndrome,Subtype of disorder,0,1,1,
716765,Slow-channel congenital myasthenic syndrome,Subtype of disorder,0,1,1,
716772,Congenital myasthenic syndrome with kinetic defect due to reduced ion channel conductance,Subtype of disorder,0,1,1,
716816,Congenital myasthenic syndrome with primary acetylcholine receptor deficiency,Subtype of disorder,0,0,0,
716825,Congenital myasthenic syndrome due to defects in endplate development and maintenance,Subtype of disorder,0,0,0,
716881,Congenital myasthenic syndrome due to a sodium channel 1.4 defect,Subtype of disorder,0,1,1,
716889,Congenital myasthenic syndromes due to defective axonal transport,Subtype of disorder,0,1,1,
716893,Congenital myasthenic syndrome due to defective synthesis or recycling of acetylcholine,Subtype of disorder,0,1,1,
716899,Congenital myasthenic syndrome due to defective synaptic vesicles exocytosis,Subtype of disorder,0,1,1,
716903,Autosomal recessive congenital myasthenic syndrome due to defective synaptic vesicles exocytosis,Subtype of disorder,0,1,1,
716908,Autosomal dominant congenital myasthenic syndromes due to defective synaptic vesicles exocytosis,Subtype of disorder,0,1,1,
716913,Ubiquitously expressed proteins associated congenital myasthenic syndrome,Subtype of disorder,0,0,0,
716917,Congenital myasthenic syndrome with mitochondrial defect,Subtype of disorder,0,0,0,
717257,Rare genetic predominantly chorioretinal disorder,Group of disorders,0,0,0,
717260,Rare genetic generalized retinal disorder,Group of disorders,0,0,0,
717268,Circumscribed astrocytic glioma,Group of disorders,0,0,0,
717308,Rare genetic non-progressive predominantly chorioretinal disorder,Group of disorders,0,0,0,
717311,Rare genetic isolated non-progressive predominantly chorioretinal disorder,Group of disorders,0,0,0,
717314,Rare genetic progressive predominantly chorioretinal disorder,Group of disorders,0,0,0,
717317,Rare genetic isolated progressive predominantly chorioretinal disorder,Group of disorders,0,0,0,
717321,Rare genetic progressive generalized retinal disorder,Group of disorders,0,0,0,
717324,Rare genetic isolated progressive generalized retinal disorder,Group of disorders,0,0,0,
717327,Rare genetic non-progressive predominantly macular disorder,Group of disorders,0,0,0,
717330,Rare genetic isolated non-progressive predominantly macular disorder,Group of disorders,0,0,0,
717333,Rare genetic progressive predominantly macular disorder,Group of disorders,0,0,0,
717336,Rare genetic isolated progressive predominantly macular disorder,Group of disorders,0,0,0,
717339,Rare genetic non-progressive retinal vasculopathy,Group of disorders,0,0,0,
717342,Rare genetic progressive retinal vasculopathy,Group of disorders,0,0,0,
717345,Rare genetic isolated progressive retinal vasculopathy,Group of disorders,0,0,0,
717348,Rare genetic disorder with progressive vasculopathy disorder as a major feature,Group of disorders,0,0,0,
717564,Dural sinus malformation without arteriovenous shunt,Disorder,0,0,0,
717582,Coagulation abnormality associated with a vascular anomaly,Group of disorders,0,0,0,
717585,Kasabach-Merritt-like phenomenon,Disorder,0,0,0,
717588,Localized intravascular coagulation,Disorder,0,0,0,
717593,Disseminated intravascular coagulation associated with a vascular anomaly,Disorder,0,0,0,
717598,Lymphatic-venous malformation,Disorder,0,0,0,
717605,Capillary-lymphatic malformation,Disorder,0,0,0,
717611,Capillary-venous malformation,Disorder,0,0,0,
717619,Capillary-lymphatic-venous malformation,Disorder,0,0,0,
717638,Aquagenic urticaria,Disorder,0,0,0,
717646,Congenital midnasal stenosis,Disorder,0,0,0,
717757,Rare immune disease with inflammatory bowel disease,Group of disorders,0,0,0,
717784,Partial trisomy 12q syndrome,Disorder,0,0,0,
717795,Developmental delay-spastic diplegia-choreoathetosis-intellectual disability syndrome,Disorder,0,0,0,
717812,"12q24.31 microdeletion syndrome",Disorder,0,0,0,
717823,Global developmental delay-recurrent infections-facial dysmorphism syndrome,Disorder,0,0,0,
717830,"2p14p15 microdeletion syndrome",Disorder,0,0,0,
717841,Global developmental delay-facial dysmorphism-atrial septal defect syndrome,Disorder,0,0,0,
717846,Developmental delay-facial dysmorphism-Blaschko lines hypopigmentation-obesity-intellectual disability syndrome,Disorder,0,0,0,
717851,Rare non-syndromic inflammatory bowel disease,Group of disorders,0,0,0,
717854,Developmental delay-microcephaly-short stature-ocular disorders-intellectual disability syndrome,Disorder,0,0,0,
717862,Rare disorder with inflammatory bowel disease,Group of disorders,0,0,0,
717865,Rare congenital-chronic-intractable diarrhea with inflammatory bowel disease,Group of disorders,0,0,0,
717868,Rare skin disease with inflammatory bowel disease,Group of disorders,0,0,0,
717871,Rare systemic or rheumatologic diseases with inflammatory bowel disease,Group of disorders,0,0,0,
717874,Rare inborn error of metabolism with inflammatory bowel disease,Group of disorders,0,0,0,
717877,Rare miscellaneous disease with inflammatory bowel disease,Group of disorders,0,0,0,
717884,Global developmental delay-acquired macrocephaly-ataxia-febrile seizures syndrome,Disorder,0,0,0,
718017,Combined immunodeficiency due to COPG1 deficiency,Disorder,1,1,1,
718037,Microcephalic primordial dwarfism syndrome with combined immunodeficiency due to PRIM1 deficiency,Disorder,0,0,0,
718047,Combined immunodeficiency due to polymerase delta deficiency,Disorder,0,0,0,
718053,Combined immunodeficiency with low CD4 and normal CD8,Disorder,0,0,0,
718072,Combined immunodeficiency with low CD8 and normal CD4,Disorder,0,0,0,
718079,Combined immunodeficiency with normal B cells and normal immunoglubulins,Disorder,0,0,0,
718255,Rare Y-linked non-syndromic sensorineural deafness type DFNY,Subtype of disorder,0,0,0,
